idx,id,doi,year,title,venue,type,cited,abstract_available,decision,reason,link,oa_url,score,tier
1,oa:W2003939026,10.1145/641865.641866,2003,Information technology and economic performance,ACM Computing Surveys,article,961,yes,EXC,"E4 conceptual, review or theory without own estimation",https://doi.org/10.1145/641865.641866,,0,
4,oa:W3158602259,10.1016/j.jik.2021.04.001,2021,How globalization is changing digital technology adoption: An international perspective,Journal of Innovation & Knowledge,article,350,yes,CTX,diffusion/model/adoption context,https://www.sciencedirect.com/science/article/pii/S2444569X21000202/pdf,https://www.sciencedirect.com/science/article/pii/S2444569X21000202/pdf,0,
8,oa:W4401405116,10.1093/epolic/eiae042,2024,The simple macroeconomics of AI,Economic Policy,article,263,yes,CTX,diffusion/model/adoption context,https://doi.org/10.1093/epolic/eiae042,,0,
9,oa:W3124731444,10.1086/ma.18.3585244,2003,"The Case of the Missing Productivity Growth, or Does Information Technology Explain Why Productivity Accelerated in the United States but Not in the United Kingdom?",NBER Macroeconomics Annual,article,252,yes,EXC,E1 single or fewer than 10 economies,https://doi.org/10.1086/ma.18.3585244,,0,
10,oa:W3010590011,10.1080/02681102.2020.1734770,2020,"Financial inclusion, information and communication technology diffusion, and economic growth: a panel data analysis",Information Technology for Development,article,236,yes,INC,,https://doi.org/10.1080/02681102.2020.1734770,,6.374748346010104,A
12,oa:W4379468141,10.1016/j.gsf.2023.101644,2023,Digital economy and carbon dioxide emissions: Examining the role of threshold variables,Geoscience Frontiers,article,215,yes,F6,"environmental outcome only, low priority; full text only if income-group comparison",https://doi.org/10.1016/j.gsf.2023.101644,https://doi.org/10.1016/j.gsf.2023.101644,0,
13,oa:W3113600828,10.3390/ijerph18010277,2021,"Towards Achieving Sustainable Development: Role of Technology Innovation, Technology Adoption and CO2 Emission for BRICS",International Journal of Environmental Research and Public Health,article,210,yes,EXC,E1 single or fewer than 10 economies,https://www.mdpi.com/1660-4601/18/1/277/pdf?version=1609586930,https://www.mdpi.com/1660-4601/18/1/277/pdf?version=1609586930,0,
14,oa:W3132152681,10.3390/su13042020,2021,Human Capital in Digital Economy: An Empirical Analysis of Central and Eastern European Countries from the European Union,Sustainability,article,199,yes,INC,,https://www.mdpi.com/2071-1050/13/4/2020/pdf?version=1613967200,https://www.mdpi.com/2071-1050/13/4/2020/pdf?version=1613967200,2.3010299956639813,B
16,oa:W2012333332,10.1111/j.1468-0335.2005.0435.x,2005,Quantifying the Impact of ICT Capital on Output Growth: A Heterogeneous Dynamic Panel Approach,Economica,article,178,yes,EXC,E1 single or fewer than 10 economies,https://doi.org/10.1111/j.1468-0335.2005.0435.x,,0,
24,oa:W2128873215,10.1093/oxrep/18.3.380,2002,The New Economy in Growth and Development,Oxford Review of Economic Policy,article,125,yes,EXC,"E4 conceptual, review or theory without own estimation",https://doi.org/10.1093/oxrep/18.3.380,,0,
25,oa:W4391180502,10.1016/j.joitmc.2024.100221,2024,Digital technology adoption and globalization innovation implications on Asian Pacific green sustainable economic growth,Journal of Open Innovation Technology Market and Complexity,article,124,yes,EXC,E1 single or fewer than 10 economies,https://doi.org/10.1016/j.joitmc.2024.100221,https://doi.org/10.1016/j.joitmc.2024.100221,0,
29,oa:W2991723423,10.1080/10438599.2019.1695941,2019,The Internet of Things and economic growth in a panel of countries,Economics of Innovation and New Technology,article,109,yes,INC,,https://www.tandfonline.com/doi/pdf/10.1080/10438599.2019.1695941?needAccess=true,https://www.tandfonline.com/doi/pdf/10.1080/10438599.2019.1695941?needAccess=true,7.041392685158225,A
30,oa:W16317086,,2006,Information and communication technologies for development and poverty reduction : the potential of telecommunications,RePEc: Research Papers in Economics,preprint,107,yes,EXC,"E4 conceptual, review or theory without own estimation",https://ci.nii.ac.jp/ncid/BA7652688X,,0,
37,oa:W3006255064,10.1108/jstpm-06-2019-0065,2020,"The role of ICT infrastructure, innovation and globalization on economic growth in OECD countries, 1996-2017",Journal of Science and Technology Policy Management,article,97,yes,INC,,https://doi.org/10.1108/jstpm-06-2019-0065,,3.991226075692495,B
38,oa:W3188429821,10.1111/ropr.12441,2021,Leveraging digital technologies to boost productivity in the informal sector in Sub‐Saharan Africa,Review of Policy Research,article,96,yes,INC,,https://doi.org/10.1111/ropr.12441,,5.986771734266245,A
41,oa:W2036394047,10.1093/oxrep/18.3.324,2002,"Growth, Technological Change, and ICT Diffusion: Recent Evidence from OECD Countries",Oxford Review of Economic Policy,article,89,yes,INC,,https://doi.org/10.1093/oxrep/18.3.324,,1.9542425094393248,B
42,oa:W2156016797,,2005,Catching up or getting stuck? Europe's troubles to exploit ICT's productivity potential,RePEc: Research Papers in Economics,preprint,89,yes,INC,,https://research.rug.nl/en/publications/c58e5f75-b5f9-48a7-8faf-28f0acc31020,https://research.rug.nl/en/publications/c58e5f75-b5f9-48a7-8faf-28f0acc31020,5.954242509439325,A
45,oa:W4402731213,10.1016/j.irfa.2024.103596,2024,Financial inclusion through digitalization and economic growth in Asia-Pacific countries,International Review of Financial Analysis,article,84,yes,INC,,https://doi.org/10.1016/j.irfa.2024.103596,https://doi.org/10.1016/j.irfa.2024.103596,5.929418925714293,A
49,oa:W1568990875,10.26481/umamer.2000012,2000,"Skill-Biased Technical Change: Theoretical Concepts, Empirical Problems and a Survey of the Evidence",RePEc: Research Papers in Economics,preprint,80,yes,EXC,"E4 conceptual, review or theory without own estimation",https://cris.maastrichtuniversity.nl/en/publications/85dc5381-1c66-4d89-b496-9c306469d894,https://cris.maastrichtuniversity.nl/en/publications/85dc5381-1c66-4d89-b496-9c306469d894,0,
53,oa:W4405030788,10.1016/j.heliyon.2024.e40951,2024,"The impact of digital literacy and technology adoption on financial inclusion in Africa, Asia, and Latin America",Heliyon,article,72,yes,INC,,https://doi.org/10.1016/j.heliyon.2024.e40951,https://doi.org/10.1016/j.heliyon.2024.e40951,4.863322860120456,B
57,oa:W3030277687,10.1002/pa.2172,2020,"Nexus between energy consumption, information and communications technology, and economic growth: An enquiry into emerging Asian countries",Journal of Public Affairs,article,71,yes,INC,,https://doi.org/10.1002/pa.2172,,7.857332496431269,A
58,oa:W2090032825,10.1080/09535319700000006,1997,Impact of R&D and Technology Diffusion on Productivity Growth: Empirical Evidence for 10 OECD Countries,Economic Systems Research,article,70,yes,EXC,E2 exposure not eligible,https://doi.org/10.1080/09535319700000006,,0,
63,oa:W4387776334,10.5089/9798400254802.001,2023,Labor Market Exposure to AI: Cross-country Differences and Distributional Implications,IMF Working Paper,article,65,yes,INC,,https://www.elibrary.imf.org/downloadpdf/journals/001/2023/216/001.2023.issue-216-en.xml,https://www.elibrary.imf.org/downloadpdf/journals/001/2023/216/001.2023.issue-216-en.xml,9.81954393554187,A
67,oa:W3026452925,10.3233/hsm-200904,2020,How does the digital economy and society index (DESI) affect labor market indicators in EU countries?,Human Systems Management,article,63,yes,INC,,https://hdl.handle.net/20.500.11857/3016,https://hdl.handle.net/20.500.11857/3016,1.806179973983887,B
68,oa:W4225291677,10.1016/j.techfore.2022.121725,2022,Enhancing human development in developing regions: Do ICT and transport infrastructure matter?,Technological Forecasting and Social Change,article,62,yes,INC,,https://www.sciencedirect.com/science/article/pii/S0040162522002517/pdf,https://www.sciencedirect.com/science/article/pii/S0040162522002517/pdf,5.799340549453582,A
71,oa:W4285729229,10.1080/00036846.2022.2096861,2022,"The ICT, financial development, energy consumption and economic growth nexus in MENA countries: dynamic panel CS-ARDL evidence",Applied Economics,article,58,yes,INC,,https://doi.org/10.1080/00036846.2022.2096861,,4.770852011642145,B
74,oa:W2552031084,10.31648/oej.3150,2015,"The Digital Economy, ICT and Economic Growth in the CEE Countries",Olsztyn Economic Journal,article,54,yes,INC,,https://doi.org/10.31648/oej.3150,https://doi.org/10.31648/oej.3150,4.740362689494244,B
76,oa:W2075415110,10.1002/itdj.20021,2005,Contribution of information and communication technology to total factor productivity and externalities effects,Information Technology for Development,article,52,yes,INC,,https://doi.org/10.1002/itdj.20021,,4.724275869600789,B
77,oa:W4392059563,10.1016/j.heliyon.2024.e26686,2024,How artificial intelligence affects the labour force employment structure from the perspective of industrial structure optimisation,Heliyon,article,52,yes,EXC,E1 single or fewer than 10 economies,https://doi.org/10.1016/j.heliyon.2024.e26686,https://doi.org/10.1016/j.heliyon.2024.e26686,0,
78,oa:W4402129173,10.1016/j.econlet.2024.111949,2024,The role of human-capital in artificial intelligence adoption,Economics Letters,article,51,yes,CTX,diffusion/model/adoption context,https://doi.org/10.1016/j.econlet.2024.111949,https://doi.org/10.1016/j.econlet.2024.111949,0,
79,oa:W2126824372,10.1162/itid.2006.3.1.39,2006,Can Information and Communication Technologies Make a Difference in the Development of Transition Economies?,Information Technologies and International Development,article,50,yes,EXC,E1 single or fewer than 10 economies,https://doi.org/10.1162/itid.2006.3.1.39,https://doi.org/10.1162/itid.2006.3.1.39,0,
80,oa:W3003854263,10.1080/10438599.2020.1719642,2020,Back to the future. Is industry 4.0 a new tecno-organizational paradigm? Implications for Latin American countries,Economics of Innovation and New Technology,article,50,yes,EXC,"E4 conceptual, review or theory without own estimation",https://doi.org/10.1080/10438599.2020.1719642,,0,
88,oa:W2146913387,10.1080/1043859042000304043,2005,Does the digital divide matter? The role of information and communication technology in cross-country level and growth estimates,Economics of Innovation and New Technology,article,44,yes,INC,,https://art.torvergata.it/bitstream/2108/43/1/SSRN-id382983.pdf,https://art.torvergata.it/bitstream/2108/43/1/SSRN-id382983.pdf,4.653212513775344,B
89,oa:W3132768094,10.1016/j.heliyon.2021.e05961,2021,Impact of institutions and ICT services in avoiding resource curse: lessons from the successful economies,Heliyon,article,44,yes,INC,,http://www.cell.com/article/S2405844021000669/pdf,http://www.cell.com/article/S2405844021000669/pdf,1.6532125137753437,B
90,oa:W4396622291,10.1016/j.bir.2024.04.016,2024,Does digital technology enhance the global value chain position?,Borsa Istanbul Review,article,43,yes,INC,,https://doi.org/10.1016/j.bir.2024.04.016,https://doi.org/10.1016/j.bir.2024.04.016,6.643452676486188,A
93,oa:W3175344889,10.1080/1331677x.2021.1932545,2021,ICT development and shadow economy: Empirical evidence from the EU transition economies,Economic Research-Ekonomska Istraživanja,article,42,yes,INC,,https://doi.org/10.1080/1331677x.2021.1932545,https://doi.org/10.1080/1331677x.2021.1932545,1.6334684555795866,B
98,oa:W2068352508,10.1080/02642060600570935,2006,Exploiting ICT potential in service firms in transition economies,Service Industries Journal,article,41,yes,EXC,"E4 conceptual, review or theory without own estimation",https://doi.org/10.1080/02642060600570935,,0,
106,oa:W2126786169,10.1017/s1365100510000210,2010,THE EFFECT OF INFORMATION TECHNOLOGY AND HUMAN CAPITAL ON ECONOMIC GROWTH,Macroeconomic Dynamics,article,37,yes,INC,,https://doi.org/10.1017/s1365100510000210,,3.57978359661681,B
108,oa:W4405409644,10.1093/epolic/eiae058,2024,New technologies and jobs in Europe,Economic Policy,article,37,yes,INC,,https://doi.org/10.1093/epolic/eiae058,,5.57978359661681,A
110,oa:W4404877327,10.1016/j.nexus.2024.100346,2024,"Does access to energy matter? Understanding the complex nexus among energy consumption, ICT, foreign direct investment and economic growth on carbon emissions in Sub-Saharan Africa",Energy Nexus,article,36,yes,EXC,E2 exposure not eligible,https://doi.org/10.1016/j.nexus.2024.100346,https://doi.org/10.1016/j.nexus.2024.100346,0,
117,oa:W2142834447,10.1080/00343404.2010.529115,2011,Human Capital and Growth of Information and Communication Technology-intensive Industries: Empirical Evidence from Open Economies,Regional Studies,article,33,yes,INC,,http://hdl.handle.net/2262/67345,http://hdl.handle.net/2262/67345,1.5314789170422551,B
118,oa:W2313665795,10.1080/001287755.2014.1004264,2014,"Informality, Inequality, and ICT in Transition Economies",Eastern European Economics,article,33,yes,INC,,https://www.tandfonline.com/doi/abs/10.1080/001287755.2014.1004264,https://www.tandfonline.com/doi/abs/10.1080/001287755.2014.1004264,3.5314789170422554,B
123,oa:W3027702918,10.52813/jei.v8i2.33,2019,Does Digitalization Increase Economic Growth? Evidence from ASEAN8 Countries,Jurnal Ekonomi Indonesia,article,32,yes,EXC,E1 single or fewer than 10 economies,http://jurnal.isei.or.id/index.php/isei/article/download/33/12,http://jurnal.isei.or.id/index.php/isei/article/download/33/12,0,
126,oa:W4380047057,10.1016/j.econmod.2023.106405,2023,Job creation and destruction in the digital age: Assessing heterogeneous effects across European Union countries,Economic Modelling,article,32,yes,INC,,https://doi.org/10.1016/j.econmod.2023.106405,https://doi.org/10.1016/j.econmod.2023.106405,3.5185139398778875,B
129,oa:W3124037942,,2013,"ICT, Reallocation and Productivity",RePEc: Research Papers in Economics,preprint,31,yes,EXC,"E4 conceptual, review or theory without own estimation",https://econpapers.repec.org/RePEc:euf:ecopap:0486,,0,
138,oa:W4366421775,10.3390/economies11040124,2023,"Empirical Analysis of Inclusive Growth, Information and Communication Technology Adoption, and Institutional Quality",Economies,article,29,yes,INC,,https://www.mdpi.com/2227-7099/11/4/124/pdf?version=1681872246,https://www.mdpi.com/2227-7099/11/4/124/pdf?version=1681872246,7.477121254719663,A
140,oa:W2206538876,10.1080/10438599.2015.1067007,2015,What are the drivers of total factor productivity in the European Union?,Economics of Innovation and New Technology,article,29,yes,INC,,https://doi.org/10.1080/10438599.2015.1067007,,3.4771212547196626,B
148,oa:W4288075192,10.1080/1097198x.2022.2094184,2022,ICT Leapfrogging and Economic Growth Among SAARC Economies: Evidence From Method of Moments Quantile Regression,Journal of Global Information Technology Management,article,27,yes,EXC,E1 single or fewer than 10 economies,https://figshare.com/articles/journal_contribution/ICT_Leapfrogging_and_Economic_Growth_Among_SAARC_Economies_Evidence_from_Method_of_Moments_Quantile_Regression/24959970,https://figshare.com/articles/journal_contribution/ICT_Leapfrogging_and_Economic_Growth_Among_SAARC_Economies_Evidence_from_Method_of_Moments_Quantile_Regression/24959970,0,
153,oa:W2168859220,,2009,Determinants of Labor Productivity: An Empirical Investigation of Productivity Divergence,,article,26,yes,INC,,http://citeseerx.ist.psu.edu/viewdoc/summary?doi=10.1.1.614.8306,,7.431363764158988,A
158,oa:W2108934272,10.1111/j.1467-9442.2010.01632.x,2011,Income Inequality and Technology Diffusion: Evidence from Developing Countries*,Scandinavian Journal of Economics,article,25,yes,CTX,diffusion/model/adoption context,https://doi.org/10.1111/j.1467-9442.2010.01632.x,,0,
160,oa:W2130211798,,2004,The Impact of ICT on Growth in Transition Economies,RePEc: Research Papers in Economics,preprint,25,yes,EXC,E1 single or fewer than 10 economies,http://hdl.handle.net/10419/140711,http://hdl.handle.net/10419/140711,0,
161,oa:W809792045,10.1080/00213624.2017.1391582,2017,Income Inequality and Technological Adoption,Journal of Economic Issues,article,25,yes,CTX,diffusion/model/adoption context,https://ciencia.iscte-iul.pt/id/ci-pub-33147,https://ciencia.iscte-iul.pt/id/ci-pub-33147,0,
162,oa:W4392386931,10.1038/s41598-024-55848-2,2024,Impact of digitization on carbon productivity: an empirical analysis of 136 countries,Scientific Reports,article,25,yes,INC,,https://www.nature.com/articles/s41598-024-55848-2.pdf,https://www.nature.com/articles/s41598-024-55848-2.pdf,9.414973347970818,A
167,oa:W2942544067,10.1162/asep_a_00783,2020,The Middle-Income Trap 2.0: The Increasing Role of Human Capital in the Age of Automation and Implications for Developing Asia,Asian Economic Papers,article,24,yes,EXC,"E4 conceptual, review or theory without own estimation",https://doi.org/10.1162/asep_a_00783,,0,
172,oa:W4405613081,10.1155/er/5594324,2024,"Impact of Green Technological Innovations, ICT, and Renewable Energy on CO2 Emissions in Emerging Economies",International Journal of Energy Research,article,23,yes,F6,"environmental outcome only, low priority; full text only if income-group comparison",https://onlinelibrary.wiley.com/doi/pdfdirect/10.1155/er/5594324,https://onlinelibrary.wiley.com/doi/pdfdirect/10.1155/er/5594324,0,
173,oa:W4391223479,10.1111/1467-8268.12733,2024,Unveiling the drivers of Africa's digital financial inclusion journey,African Development Review,article,23,yes,CTX,diffusion/model/adoption context,https://doi.org/10.1111/1467-8268.12733,,0,
174,oa:W4410246585,10.1016/j.gsf.2025.102072,2025,"Artificial intelligence and global carbon inequality: Addressing the challenges and opportunities for SDG 10, SDG 12, and SDG 13",Geoscience Frontiers,article,23,yes,INC,,https://doi.org/10.1016/j.gsf.2025.102072,https://doi.org/10.1016/j.gsf.2025.102072,8.380211241711606,A
195,oa:W4404837469,10.3390/su162310491,2024,The Impact of Financial Inclusion and Digitalization on CO2 Emissions: A Cross-Country Empirical Analysis,Sustainability,article,20,yes,F6,"environmental outcome only, low priority; full text only if income-group comparison",https://www.mdpi.com/2071-1050/16/23/10491/pdf?version=1732879404,https://www.mdpi.com/2071-1050/16/23/10491/pdf?version=1732879404,0,
196,oa:W4385668548,10.1080/23322039.2023.2242662,2023,Digital financial inclusion and income inequality in WAEMU: What causality for what heterogeneity?,Cogent Economics & Finance,article,20,yes,EXC,E1 single or fewer than 10 economies,https://www.tandfonline.com/doi/pdf/10.1080/23322039.2023.2242662?needAccess=true&role=button,https://www.tandfonline.com/doi/pdf/10.1080/23322039.2023.2242662?needAccess=true&role=button,0,
200,oa:W2168667098,10.5772/56922,2013,"Discovering the Impact of ICT, FDI and Human Capital on GDP: A Cross-sectional Analysis",International Journal of Engineering Business Management,article,19,yes,INC,,https://journals.sagepub.com/doi/pdf/10.5772/56922,https://journals.sagepub.com/doi/pdf/10.5772/56922,6.301029995663981,A
203,oa:W2047240704,10.1504/ijtm.2005.006619,2005,Comparison of e-commerce in India and Mexico: an example of technology diffusion in developing nations,International Journal of Technology Management,article,19,yes,EXC,E1 single or fewer than 10 economies,https://doi.org/10.1504/ijtm.2005.006619,,0,
208,oa:W4309604549,10.3390/su142215245,2022,Digitizable Product Trade Development and Carbon Emission: Evidence from 94 Countries,Sustainability,article,19,yes,EXC,E2 exposure not eligible,https://www.mdpi.com/2071-1050/14/22/15245/pdf?version=1668672034,https://www.mdpi.com/2071-1050/14/22/15245/pdf?version=1668672034,0,
209,oa:W3124371329,,2009,Why Are Developing Countries so Slow in Adopting New Technologies,RePEc: Research Papers in Economics,preprint,19,yes,EXC,"E4 conceptual, review or theory without own estimation",https://red-files-public.s3.amazonaws.com/meetpapers/2009/paper_779.pdf,,0,
214,oa:W2948258599,10.1111/rode.12775,2021,Technology adoption and the middle‐income trap: Lessons from the Middle East and East Asia,Review of Development Economics,article,18,yes,INC,,https://doi.org/10.1111/rode.12775,,1.2787536009528289,B
216,oa:W4400315891,10.1016/j.heliyon.2024.e33533,2024,Does the digital economy promote or inhibit income inequality?,Heliyon,article,18,yes,INC,,http://www.cell.com/article/S2405844024095641/pdf,http://www.cell.com/article/S2405844024095641/pdf,5.278753600952829,A
217,oa:W3190424649,10.1080/13504851.2021.1963400,2021,Does digital financial inclusion moderate or exacerbate output volatility?,Applied Economics Letters,article,18,yes,INC,,https://doi.org/10.1080/13504851.2021.1963400,,7.278753600952829,A
220,oa:W4307547315,10.3390/su142113922,2022,Profound Impact of Economic Openness and Digital Economy towards a Sustainable Development: A New Look at RCEP Economies,Sustainability,article,18,yes,EXC,E2 not eligible on abstract (not individually coded),https://www.mdpi.com/2071-1050/14/21/13922/pdf?version=1667982861,https://www.mdpi.com/2071-1050/14/21/13922/pdf?version=1667982861,0,
221,oa:W4409162890,10.1016/j.iref.2025.104092,2025,"Examining the role of artificial intelligence, financial innovation, and green energy transition in enhancing environmental quality",International Review of Economics & Finance,article,18,yes,F6,"environmental outcome only, low priority; full text only if income-group comparison",https://doi.org/10.1016/j.iref.2025.104092,https://doi.org/10.1016/j.iref.2025.104092,0,
239,oa:W2912760045,10.1093/icc/dty063,2018,What drives labor market polarization in advanced countries? The role of China and technology,Industrial and Corporate Change,article,17,yes,INC,,https://lirias.kuleuven.be/retrieve/518141,https://lirias.kuleuven.be/retrieve/518141,4.2552725051033065,B
241,oa:W4403058707,10.1016/j.respol.2024.105133,2024,Investment in intangible assets and economic complexity,Research Policy,article,17,yes,EXC,E2 exposure not eligible,https://doi.org/10.1016/j.respol.2024.105133,https://doi.org/10.1016/j.respol.2024.105133,0,
242,oa:W4387617274,10.1080/10438599.2023.2269089,2023,The unequal implications of Industry 4.0 adoption: evidence on productivity growth and convergence across Europe,Economics of Innovation and New Technology,article,16,yes,INC,,https://euklems.eu/wp-content/uploads/2019/10/Methodology.pdf,https://euklems.eu/wp-content/uploads/2019/10/Methodology.pdf,3.230448921378274,B
244,oa:W4386611401,10.34079/2226-2822-2023-13-25-45-57,2023,DIGITAL DIVIDE OR DIGITAL INEQUALITY? NEW DIMENSIONS OF GLOBAL ASYMMETRIES OF SOCIO-ECONOMIC DEVELOPMENT AND INTERNATIONAL TRADE IN THE CONDITIONS OF TECHNOGLOBALISM,Vìsnik Marìupolʹsʹkogo deržavnogo unìversitetu Serìâ Ekonomìka,article,16,yes,EXC,"E4 conceptual, review or theory without own estimation",https://doi.org/10.34079/2226-2822-2023-13-25-45-57,https://doi.org/10.34079/2226-2822-2023-13-25-45-57,0,
245,oa:W4383373671,10.3389/fenvs.2023.1213961,2023,The impact of the digital economy on green total factor productivity in Belt and Road countries: the mediating role of energy transition,Frontiers in Environmental Science,article,16,yes,INC,,https://www.frontiersin.org/articles/10.3389/fenvs.2023.1213961/pdf,https://www.frontiersin.org/articles/10.3389/fenvs.2023.1213961/pdf,6.230448921378274,A
259,oa:W4402774053,10.62617/se.v2i3.66,2024,How artificial intelligence plays a role in achieving sustainable development goals?,Sustainable Economies,article,15,yes,EXC,"E4 conceptual, review or theory without own estimation",https://doi.org/10.62617/se.v2i3.66,https://doi.org/10.62617/se.v2i3.66,0,
260,oa:W4407243191,10.3390/admsci15020050,2025,"Promoting Economic Development Through Digitalisation: Impacts on Human Development, Economic Complexity, and Gross National Income",Administrative Sciences,article,15,yes,INC,,https://www.mdpi.com/2076-3387/15/2/50/pdf?version=1738923818,https://www.mdpi.com/2076-3387/15/2/50/pdf?version=1738923818,3.204119982655925,B
261,oa:W2958442746,10.1080/00036846.2019.1640860,2019,ICT and transport infrastructure development: an empirical analysis of complementarity,Applied Economics,article,15,yes,INC,,https://doi.org/10.1080/00036846.2019.1640860,,3.204119982655925,B
266,oa:W4392858651,10.1093/isq/sqae013,2024,The Rise and Fall of Technological Leadership: General-Purpose Technology Diffusion and Economic Power Transitions,International Studies Quarterly,article,14,yes,EXC,"E4 conceptual, review or theory without own estimation",https://doi.org/10.1093/isq/sqae013,,0,
268,oa:W4388785156,10.1016/j.telpol.2023.102681,2023,Informality and aggregate labor productivity growth: Does ICT moderate the relationship?,Telecommunications Policy,article,14,yes,INC,,https://doi.org/10.1016/j.telpol.2023.102681,https://doi.org/10.1016/j.telpol.2023.102681,9.176091259055681,A
269,oa:W4393169174,10.1080/1331677x.2024.2310100,2024,Economic growth and the proliferation of ICT infrastructures: which causes the other?,Economic Research-Ekonomska Istraživanja,article,14,yes,INC,,https://www.tandfonline.com/doi/pdf/10.1080/1331677X.2024.2310100?needAccess=true,https://www.tandfonline.com/doi/pdf/10.1080/1331677X.2024.2310100?needAccess=true,6.176091259055681,A
270,oa:W21337849,,2012,Information-communication technology impact on labor productivity growth of EU developing countries,University of Zagreb University Computing Centre (SRCE),article,14,yes,INC,,http://hrcak.srce.hr/93892,http://hrcak.srce.hr/93892,4.176091259055681,B
276,oa:W4412048591,10.1016/j.techsoc.2025.103004,2025,Does artificial intelligence help in improving human capital based educational development? Evidence from 29 countries,Technology in Society,article,13,yes,INC,,https://doi.org/10.1016/j.techsoc.2025.103004,https://doi.org/10.1016/j.techsoc.2025.103004,9.146128035678238,A
277,oa:W4414551051,10.1002/sd.70268,2025,"Artificial Intelligence for Sustainable Development: Quantile Evidence From FinTech, Human Capital, and Green Energy in G7 Economies",Sustainable Development,article,13,yes,EXC,E1 single or fewer than 10 economies,https://doi.org/10.1002/sd.70268,,0,
278,oa:W4391573753,10.1007/s10668-023-04355-x,2024,Towards ICT diffusion and trade liberalisation on inclusive growth in Sub-Saharan Africa,Environment Development and Sustainability,article,13,yes,INC,,https://link.springer.com/content/pdf/10.1007/s10668-023-04355-x.pdf,https://link.springer.com/content/pdf/10.1007/s10668-023-04355-x.pdf,4.146128035678238,B
285,oa:W4288075175,10.1080/1097198x.2022.2094182,2022,ICT and Economic Growth in EU: A macro Level Comparison of Estimated ICT Output Elasticities,Journal of Global Information Technology Management,article,12,yes,INC,,https://doi.org/10.1080/1097198x.2022.2094182,,4.113943352306837,B
298,oa:W1481544043,,2005,ICT and Productivity Growth in Transition Economies: Two-Phase Convergence and Structural Reforms,RePEc: Research Papers in Economics,preprint,11,yes,INC,,https://mpra.ub.uni-muenchen.de/29398/1/MPRA_paper_29398.pdf,,3.079181246047625,B
300,oa:W1805745841,10.1002/j.1681-4835.2004.tb00118.x,2004,Trends of Convergence and Divergence in the Information Economy: Lessons for Developing Countries,The Electronic Journal of Information Systems in Developing Countries,article,11,yes,INC,,https://onlinelibrary.wiley.com/doi/pdfdirect/10.1002/j.1681-4835.2004.tb00118.x,https://onlinelibrary.wiley.com/doi/pdfdirect/10.1002/j.1681-4835.2004.tb00118.x,6.079181246047625,A
302,oa:W2125842344,10.12948/issn14531305/17.2.2013.01,2013,Does ICT Participate in Economic Convergence among Asian Countries: Evidence from Dynamic Panel Data Model,Informatica Economica,article,11,yes,INC,,https://doi.org/10.12948/issn14531305/17.2.2013.01,https://doi.org/10.12948/issn14531305/17.2.2013.01,3.079181246047625,B
305,oa:W3127761446,,2021,Breaking through the digital ceiling: ICT skills and labour market opportunities,RePEc: Research Papers in Economics,preprint,11,yes,EXC,E2 exposure not eligible,https://wiiw.ac.at/breaking-through-the-digital-ceiling-ict-skills-and-labour-market-opportunities-dlp-5597.pdf,,0,
308,oa:W2134189498,,2004,"Technological Learning, Policy Regimes and Growth in a `Globalized' Economy: General Patterns and the Latin American Experience",RePEc: Research Papers in Economics,preprint,11,yes,INC,,http://hdl.handle.net/10419/89435,http://hdl.handle.net/10419/89435,3.079181246047625,B
311,oa:W2118216057,10.15208/beh.2010.21,2010,Changing role of BRIC countries in technology-driven international division of labor,Business and Economic Horizons,article,11,yes,EXC,E1 single or fewer than 10 economies,http://ageconsearch.umn.edu/record/95975,http://ageconsearch.umn.edu/record/95975,0,
315,oa:W1519128670,10.1108/14636690210453226,2002,East Asia in the Information Economy,Info,article,11,yes,EXC,"E4 conceptual, review or theory without own estimation",https://doi.org/10.1108/14636690210453226,,0,
320,oa:W4221137266,10.24018/ejbmr.2022.7.2.1314,2022,The Effect of Technology Adoption on Financial Inclusion: A Cross-country Panel Analysis between China and Nigeria,European Journal of Business Management and Research,article,10,yes,INC,,https://www.ejbmr.org/index.php/ejbmr/article/download/1314/735,https://www.ejbmr.org/index.php/ejbmr/article/download/1314/735,2.041392685158225,B
321,oa:W4391231173,10.1007/s10479-024-05818-8,2024,Information and communication technology and labour productivity growth: a production‐frontier approach,Annals of Operations Research,article,10,yes,INC,,https://link.springer.com/content/pdf/10.1007/s10479-024-05818-8.pdf,https://link.springer.com/content/pdf/10.1007/s10479-024-05818-8.pdf,6.041392685158225,A
322,oa:W244573342,,2010,HUMAN CAPITAL AND ICT PER CAPITAL CONTRIBUTION TO EAST ASIAN PRODUCTIVITY GROWTH,International social science review,article,10,yes,EXC,E2 not eligible on abstract (not individually coded),https://www.jstor.org/stable/41887430,,0,
323,oa:W2107484457,10.12948/issn14531305/18.1.2014.01,2014,"Total Factor Productivity, Demographic Traits and ICT: Empirical Analysis for Asia",Informatica Economica,article,10,yes,INC,,https://doi.org/10.12948/issn14531305/18.1.2014.01,https://doi.org/10.12948/issn14531305/18.1.2014.01,6.041392685158225,A
325,oa:W3217140764,10.15678/eber.2021.090410,2021,Economic determinants of total factor productivity growth: The Bayesian modelling averaging approach,Entrepreneurial Business and Economics Review,article,10,yes,INC,,https://eber.uek.krakow.pl/index.php/eber/article/view/1183/721,https://eber.uek.krakow.pl/index.php/eber/article/view/1183/721,5.041392685158225,A
327,oa:W2087861132,10.1080/02681102.2013.859116,2013,Human Development and Macroeconomic Returns within the Context of Investments in Telecoms: An Exploration of Transition Economies,Information Technology for Development,article,10,yes,INC,,https://doi.org/10.1080/02681102.2013.859116,,3.041392685158225,B
341,oa:W4403742901,10.1080/09638199.2024.2419406,2024,The impact of information and communication technologies on export diversification: Evidence from developing countries,Journal of International Trade & Economic Development,article,9,yes,INC,,https://doi.org/10.1080/09638199.2024.2419406,,5.0,B
343,oa:W4396640015,10.1007/s11205-024-03341-8,2024,Does Financial Inclusion Matter to Population Health? Insight From a Global Dataset,Social Indicators Research,article,9,yes,EXC,E2 exposure not eligible,https://link.springer.com/content/pdf/10.1007/s11205-024-03341-8.pdf,https://link.springer.com/content/pdf/10.1007/s11205-024-03341-8.pdf,0,
344,oa:W2141474768,10.7238/in3wps.v0i0.2129,2014,"ICT, Innovation and Productivity: Evidence from Eastern European Manufacturing Firms",IN3 Working Paper Series,article,9,yes,EXC,E1 single or fewer than 10 economies,https://doi.org/10.7238/in3wps.v0i0.2129,https://doi.org/10.7238/in3wps.v0i0.2129,0,
358,oa:W4385329731,,2023,"Digital Divide, Credit Financing and Financial Inclusion: Changing Patterns of Poverty, Employment and Income Inequalities",DergiPark (Istanbul University),article,8,yes,INC,,https://dergipark.org.tr/tr/download/article-file/3243246,https://dergipark.org.tr/tr/download/article-file/3243246,6.954242509439325,A
360,oa:W4312532529,10.3934/math.20221147,2022,The impact of information and communication technology on financial inclusion-based on a global perspective,AIMS Mathematics,article,8,yes,INC,,https://doi.org/10.3934/math.20221147,https://doi.org/10.3934/math.20221147,2.9542425094393248,B
361,oa:W1988057697,10.1504/ijbis.2010.032936,2010,Diffusion of information and communication technologies: a takeoff analysis,International Journal of Business Information Systems,article,8,yes,CTX,diffusion/model/adoption context,https://doi.org/10.1504/ijbis.2010.032936,,0,
362,oa:W2186225530,,2015,The Impact of ICT investment on Human Development,RePEc: Research Papers in Economics,article,8,yes,INC,,http://rassweb.org/admin/pages/ResearchPapers/Paper%206_1497375832.pdf,,5.954242509439325,A
364,oa:W4414628632,10.1007/s43621-025-01884-5,2025,Assessing the impact of digital economy and financial development on environmental quality worldwide,Discover Sustainability,article,8,yes,INC,,https://link.springer.com/content/pdf/10.1007/s43621-025-01884-5.pdf,https://link.springer.com/content/pdf/10.1007/s43621-025-01884-5.pdf,6.954242509439325,A
370,oa:W2042269406,10.4067/s0719-04332012000100005,2012,"OPENNESS AND PRODUCTIVITY: THE ROLE OF IMPORTS, FDI AND INTERNATIONAL TELECOMMUNICATIONS",Latin american journal of economics,article,8,yes,INC,,http://www.scielo.cl/scielo.php?script=sci_arttext&amp;pid=S0719-04332012000100005,http://www.scielo.cl/scielo.php?script=sci_arttext&amp;pid=S0719-04332012000100005,3.9542425094393248,B
379,oa:W2636275679,,2017,Digital Divide and Income Inequality: A Spatial Analysis,RePEc: Research Papers in Economics,article,7,yes,EXC,E1 single or fewer than 10 economies,http://www.bapress.ca/ref/ref-article/1923-7529-2017-02-31-13.pdf,,0,
381,oa:W4313283212,10.1080/09638199.2022.2160786,2022,Determinants of service trade: How information and communication technology-based services are different?,Journal of International Trade & Economic Development,article,7,yes,INC,,https://doi.org/10.1080/09638199.2022.2160786,,3.9030899869919438,B
392,oa:W2805684079,10.3846/20294913.2017.1280557,2018,TECHNOLOGICAL SOURCES OF ECONOMIC GROWTH IN EUROPE AND THE U.S.,Technological and Economic Development of Economy,article,7,yes,INC,,https://journals.vgtu.lt/index.php/TEDE/article/download/1687/1319,https://journals.vgtu.lt/index.php/TEDE/article/download/1687/1319,0.9030899869919435,B
393,oa:W2225053796,,2013,The Determinants of Total Factor Productivity in the EU: Insights from Sectoral Data and Common Dynamic Processes,RePEc: Research Papers in Economics,preprint,7,yes,INC,,http://ecomod.net/system/files/EcoMod_submission.pdf,,3.9030899869919438,B
407,oa:W1875879214,,2015,THE ROLE OF ICT IN THE PRODUCTIVITY OF CENTRAL AND EASTERN EUROPE AN COUNTRIES: CROSS-COUNTRY COMPARISON,Redalyc (Universidad Autónoma del Estado de México),article,6,yes,INC,,http://rabida.uhu.es/dspace/bitstream/10272/10704/2/The_role_of_ICT.pdf,http://rabida.uhu.es/dspace/bitstream/10272/10704/2/The_role_of_ICT.pdf,3.845098040014257,B
408,oa:W4411713309,10.1080/23322039.2025.2525485,2025,Effects of the digital economy on economic growth in Africa: the role of human capital,Cogent Economics & Finance,article,6,yes,INC,,https://doi.org/10.1080/23322039.2025.2525485,https://doi.org/10.1080/23322039.2025.2525485,2.845098040014257,B
409,oa:W3211928690,,2021,Digital Technology and Inequality: The Impact on Arab Countries,RePEc: Research Papers in Economics,preprint,6,yes,INC,,https://ideas.repec.org/p/erg/wpaper/1486.html,,4.845098040014257,B
410,oa:W2527108643,10.4236/me.2016.711116,2016,Do Internet and Human Capital Matter for Economic Growth in Developing Countries? Empirical Evidence from WAEMU Countries,Modern Economy,article,6,yes,EXC,E1 single or fewer than 10 economies,http://www.scirp.org/journal/PaperDownload.aspx?paperID=70924,http://www.scirp.org/journal/PaperDownload.aspx?paperID=70924,0,
416,oa:W4386121510,10.3390/su151712841,2023,Digital Technology and Green Development in Manufacturing: Evidence from China and 20 Other Asian Countries,Sustainability,article,6,yes,F6,"environmental outcome only, low priority; full text only if income-group comparison",https://www.mdpi.com/2071-1050/15/17/12841/pdf?version=1692887738,https://www.mdpi.com/2071-1050/15/17/12841/pdf?version=1692887738,0,
421,oa:W4409149748,10.5089/9798229006057.001,2025,AI and Productivity in Europe,IMF Working Paper,article,6,yes,CTX,diffusion/model/adoption context,https://doi.org/10.5089/9798229006057.001,https://doi.org/10.5089/9798229006057.001,0,
422,oa:W4394013858,10.33736/ijbs.6868.2024,2024,Icts And Labour Productivity Nexus In Developing Countries: Evidence From Panel Estimation Approach,International Journal of Business and Society,article,6,yes,INC,,https://publisher.unimas.my/ojs/index.php/IJBS/article/download/6868/2102,https://publisher.unimas.my/ojs/index.php/IJBS/article/download/6868/2102,5.845098040014257,A
438,oa:W4392475472,10.1111/grow.12708,2024,Does information and communication technology improve labor productivity? Recent evidence from the Southeast Asian emerging economies,Growth and Change,article,5,yes,INC,,https://onlinelibrary.wiley.com/doi/pdfdirect/10.1111/grow.12708,https://onlinelibrary.wiley.com/doi/pdfdirect/10.1111/grow.12708,3.778151250383644,B
439,oa:W2181781569,,2007,Institutions and ICT Technology Adoption,,article,5,yes,CTX,diffusion/model/adoption context,http://www2.ne.su.se/paper/wp06_07.pdf,,0,
441,oa:W4405567361,10.24818/18423264/58.4.24.04,2024,Artificial Intelligence Readiness and Employment: A Global Panel Analysis,ECONOMIC COMPUTATION AND ECONOMIC CYBERNETICS STUDIES AND RESEARCH,article,5,yes,INC,,https://doi.org/10.24818/18423264/58.4.24.04,https://doi.org/10.24818/18423264/58.4.24.04,3.778151250383644,B
442,oa:W4407927572,10.17583/generos.15672,2025,From Digital Divide to Employment Equity: How Digitalization Affects Women's Involvement in the Workforce in OECD Countries,Multidisciplinary Journal of Gender Studies,article,5,yes,INC,,https://doi.org/10.17583/generos.15672,https://doi.org/10.17583/generos.15672,2.778151250383644,B
443,oa:W4401483972,10.1177/00194662241263316,2024,"ICT Diffusion, Trade Openness and Growth: Empirical Evidence from Asian Countries",The Indian Economic Journal,article,5,yes,INC,,https://doi.org/10.1177/00194662241263316,,3.778151250383644,B
444,oa:W4416952521,10.1142/s2424862225500083,2025,Integrating Artificial Intelligence into Resource Management for Sustainable Economic Growth in Ghana,Journal of Industrial Integration and Management,article,5,yes,EXC,E2 not eligible on abstract (not individually coded),https://doi.org/10.1142/s2424862225500083,,0,
445,oa:W1902651308,,2014,"Labor Productivity, Demographic Traits and ICT A Demo-Tech Productivity Model for Asian Region",RePEc: Research Papers in Economics,article,5,yes,EXC,E2 not eligible on abstract (not individually coded),https://doaj.org/article/f5fe256b3710417391c267d967149979,https://doaj.org/article/f5fe256b3710417391c267d967149979,0,
449,oa:W3125914604,,2019,Digitalisation and productivity: In search of the holy grail – Firm-level empirical evidence from EU countries,RePEc: Research Papers in Economics,preprint,5,yes,INC,,http://ideas.repec.org/p/oec/ecoaaa/1533-en.html,,5.778151250383644,A
467,oa:W4378231302,10.1080/17938120.2023.2200729,2023,Who can work from home in MENA?,Middle East Development Journal,article,5,yes,EXC,E2/E3 exposure or outcome not eligible,https://doi.org/10.1080/17938120.2023.2200729,,0,
471,oa:W16419521,,2012,Analysis of Impact of Information and Communication Technology on Productivity and Economic Performance,SSRN Electronic Journal,preprint,4,yes,INC,,https://papers.ssrn.com/sol3/papers.cfm?abstract_id=2064615,https://papers.ssrn.com/sol3/papers.cfm?abstract_id=2064615,2.6989700043360187,B
472,oa:W3082063464,10.46456/jisdep.v1i2.19,2020,The Role of ICT and Human Capital Development in Pursuing a Demographic Dividend and Improving Economic Welfare in Indonesia,The Journal of Indonesia Sustainable Development Planning,article,4,yes,EXC,E2 not eligible on abstract (not individually coded),http://jurnal.pusbindiklatren.bappenas.go.id/lib/jisdep/article/download/19/14,http://jurnal.pusbindiklatren.bappenas.go.id/lib/jisdep/article/download/19/14,0,
474,oa:W4415592508,10.1108/jes-06-2025-0414,2025,"Artificial intelligence, automation and employment dynamics: empirical evidence from G7 economies",Journal of Economic Studies,article,4,yes,EXC,E1 single or fewer than 10 economies,https://doi.org/10.1108/jes-06-2025-0414,,0,
476,oa:W4379137849,10.1108/jmlc-02-2023-0038,2023,Crypto-asset market development: the role of country’s institutional quality,Journal of Money Laundering Control,article,4,yes,EXC,E2 not eligible on abstract (not individually coded),https://doi.org/10.1108/jmlc-02-2023-0038,,0,
478,oa:W4401516661,10.33429/cjas.14123.2/5,2023,"Digital Economy, Institutional Quality and Economic Growth in Selected Countries",Central Bank of Nigeria Journal of Applied Statistics,article,4,yes,EXC,E2 not eligible on abstract (not individually coded),https://doi.org/10.33429/cjas.14123.2/5,https://doi.org/10.33429/cjas.14123.2/5,0,
482,oa:W7152955149,10.1002/bse.70840,2026,Industry 4.0 and Structural Transformation: The Impacts on Economic Diversification in Developing Countries,Business Strategy and the Environment,article,4,yes,INC,,https://doi.org/10.1002/bse.70840,,5.698970004336019,A
485,oa:W7125675113,10.1108/meq-08-2025-0576,2026,Artificial intelligence and green growth nexus: evidence from OECD countries using panel CS-ARDL and wavelet analysis,Management of Environmental Quality An International Journal,article,4,yes,INC,,https://doi.org/10.1108/meq-08-2025-0576,,4.698970004336019,B
486,oa:W4399172425,10.3390/su16114658,2024,"The Digital Divide, Wealth, and Inequality: An Examination of Socio-Economic Determinants of Collaborative Environmental Governance in Thailand through Provincial-Level Panel Data Analysis",Sustainability,article,4,yes,EXC,E2 not eligible on abstract (not individually coded),https://www.mdpi.com/2071-1050/16/11/4658/pdf?version=1717071592,https://www.mdpi.com/2071-1050/16/11/4658/pdf?version=1717071592,0,
495,oa:W4412472944,10.1007/s13209-025-00310-3,2025,"Productivity, technology and intangible assets",SERIEs,article,4,yes,EXC,E2 not eligible on abstract (not individually coded),https://link.springer.com/content/pdf/10.1007/s13209-025-00310-3.pdf,https://link.springer.com/content/pdf/10.1007/s13209-025-00310-3.pdf,0,
514,oa:W4393346504,10.1016/j.asieco.2024.101741,2024,Teleworkability and its heterogeneity in labor market shock,Journal of Asian Economics,article,4,yes,EXC,E2/E3 exposure or outcome not eligible,https://doi.org/10.1016/j.asieco.2024.101741,https://doi.org/10.1016/j.asieco.2024.101741,0,
515,oa:W4402977800,10.7160/aol.2024.160307,2024,Comparing the Effects of Information Globalization on Agricultural Producer Prices in Developing and Developed Countries,Agris on-line Papers in Economics and Informatics,article,4,yes,EXC,E2/E3 exposure or outcome not eligible,https://online.agris.cz/download-paper/f59a49894a3c3e5b8da14db51fe588dd,https://online.agris.cz/download-paper/f59a49894a3c3e5b8da14db51fe588dd,0,
526,oa:W2606599303,,2017,"Digitalization at work, Job Tasks and Wages: Cross-Country evidence from PIAAC1",RePEc: Research Papers in Economics,preprint,3,yes,INC,,https://www.econstor.eu/bitstream/10419/155358/1/GLO_DP_0022.pdf,,5.6020599913279625,A
529,oa:W1499853601,,2011,ASSESSING THE IMPACT OF ICT AND HUMAN CAPITAL IMPACT ON PRODUCTIVITY OF ASEAN-5 ECONOMIES,,article,3,yes,EXC,E1 single or fewer than 10 economies,https://EconPapers.repec.org/RePEc:grg:03mngt:v:1:y:2011:i:1:p:23-36,,0,
532,oa:W1570629417,,2007,The Effect of Human Capital on Output Growth in ICT Industries: Evidence from OECD Countries,RePEc: Research Papers in Economics,preprint,3,yes,INC,,https://www.econstor.eu/bitstream/10419/68022/1/527774863.pdf,,0.6020599913279624,B
533,oa:W4403389981,10.5089/9798400290770.001,2024,What Can Artificial Intelligence Do for Stagnant Productivity in Latin America and the Caribbean?,IMF Working Paper,article,3,yes,CTX,diffusion/model/adoption context,https://doi.org/10.5089/9798400290770.001,https://doi.org/10.5089/9798400290770.001,0,
534,oa:W4407624609,10.1108/ijm-04-2024-0277,2025,Do robots impact artificial intelligence (AI)-related employment? Evidence from a cross-national study,International Journal of Manpower,article,3,yes,INC,,https://doi.org/10.1108/ijm-04-2024-0277,,8.602059991327963,A
535,oa:W7160193873,10.9734/ajrcos/2026/v19i5859,2026,The Economic Value of Agentic AI: A Comparative Analysis of Its Impact on Growth and Business Productivity in Developed and Emerging Economies,Asian Journal of Research in Computer Science,article,3,yes,INC,,https://doi.org/10.9734/ajrcos/2026/v19i5859,https://doi.org/10.9734/ajrcos/2026/v19i5859,7.6020599913279625,A
536,oa:W1577523523,,2012,Macroeconomic Effects of Information and Communication Technologies in Turkey and Other OECD Member Countries,RePEc: Research Papers in Economics,preprint,3,yes,INC,,https://hdl.handle.net/11511/92346,https://hdl.handle.net/11511/92346,2.6020599913279625,B
538,oa:W4393267559,10.4236/jhrss.2024.121010,2024,"Does ICT Development, Innovation Dissemination Promote Economic Growth and Human Capital? An Econometric Approach Based on East African Countries",Journal of Human Resource and Sustainability Studies,article,3,yes,EXC,E1 single or fewer than 10 economies,http://www.scirp.org/journal/PaperDownload.aspx?paperID=132168,http://www.scirp.org/journal/PaperDownload.aspx?paperID=132168,0,
539,oa:W4410214946,10.53894/ijirss.v8i3.6779,2025,"The conditional impact of trade openness on economic growth in ASEAN: Governance, ICT, human capital, and natural resources as moderators",International Journal of Innovative Research and Scientific Studies,article,3,yes,EXC,E2 not eligible on abstract (not individually coded),http://www.ijirss.com/index.php/ijirss/article/download/6779/1337,http://www.ijirss.com/index.php/ijirss/article/download/6779/1337,0,
542,oa:W4378529973,10.47205/jdss.2023(4-ii)55,2023,Impact of ICT Access on Total Factor Productivity(TFP) in Asian Economies,Journal of Development and Social Sciences,article,3,yes,INC,,https://ojs.jdss.org.pk/journal/article/download/516/381,https://ojs.jdss.org.pk/journal/article/download/516/381,5.6020599913279625,A
546,oa:W2226135994,,2014,The Long-Run Decline in Labor Share: Technology versus Institutions,,article,3,yes,INC,,https://www.researchgate.net/profile/Francesco_Venturini/publication/273101314_The_Long-Run_Decline_in_Labor_Share_Technology_versus_Institutions/links/54f6ed930cf21d8b8a5ef67b.pdf,,2.6020599913279625,B
553,oa:W4283640967,10.17212/2075-0862-2022-14.2.2-239-260,2022,The Threefold Divergence of Socio-Economic Development in the Digital Age,Ideas and Ideals,article,3,yes,INC,,https://doi.org/10.17212/2075-0862-2022-14.2.2-239-260,,5.6020599913279625,A
565,oa:W4410780721,10.29121/shodhsamajik.v1.i1.2024.3,2025,TECHNOLOGY AND AI—IMPACT ON COUNTRY’S GROWTH AND UNEMPLOYMENT,ShodhSamajik Journal of Social Studies,article,3,yes,EXC,E1 single or fewer than 10 economies,https://shodhsamajik.com/shodhsamajik/article/download/3/7,https://shodhsamajik.com/shodhsamajik/article/download/3/7,0,
566,oa:W4410884805,10.1257/pandp.20251044,2025,AI and Women's Employment in Europe,AEA Papers and Proceedings,article,3,yes,INC,,https://doi.org/10.1257/pandp.20251044,,4.6020599913279625,B
571,oa:W2562823518,,2013,DEMOGRAPHIC AND WELFARE RELATED COVARIATES OF MACROECONOMIC PERFORMANCE IN A DIGITAL AGE IN ASIA,,article,3,yes,INC,,http://pu.edu.pk/images/journal/pesr/PDF-FILES/2%20MEHMOOD%20Covariates%20of%20Macroeconomic%20Performance_V51_No2_Winter2013.pdf,,5.6020599913279625,A
572,oa:W4387312864,10.1177/09596801231204978,2023,"Returns to digital skills use, temporary employment, and trade unions in European labour markets",European Journal of Industrial Relations,article,3,yes,EXC,E1 single or fewer than 10 economies,https://doi.org/10.1177/09596801231204978,,0,
574,oa:W1590594197,,2006,How Much Does IT Consumption Matter for Growth? Evidence from National Accounts,Rivista di Politica Economica,article,3,yes,INC,,https://ftp.zew.de/pub/zew-docs/veranstaltungen/IKT_Konferenz_2005_Papers/Venturini.pdf,,2.6020599913279625,B
575,oa:W4403105350,10.4314/cread.v40i1.7,2024,interaction between economic digitalization and economic growth in MENA region,les cahiers du cread,article,3,yes,INC,,https://www.ajol.info/index.php/cread/article/download/279115/263305,https://www.ajol.info/index.php/cread/article/download/279115/263305,0.6020599913279624,B
581,oa:W4385353664,10.2298/pan2304551w,2023,Income inequalities in the accelerating digital era: Evidence from EU countries and COVID-time,Panoeconomicus,article,3,yes,INC,,http://www.doiserbia.nb.rs/ft.aspx?id=1452-595X2304551W,http://www.doiserbia.nb.rs/ft.aspx?id=1452-595X2304551W,2.6020599913279625,B
583,oa:W4411643831,10.1108/raf-02-2025-0049,2025,From digital investment to economic performance: insights from EU25 economies,Review of Accounting and Finance,article,3,yes,INC,,https://www.emerald.com/insight/content/doi/10.1108/RAF-02-2025-0049/full/pdf?title=from-digital-investment-to-economic-performance-insights-from-eu25-economies,https://www.emerald.com/insight/content/doi/10.1108/RAF-02-2025-0049/full/pdf?title=from-digital-investment-to-economic-performance-insights-from-eu25-economies,5.6020599913279625,A
589,oa:W4407151350,10.1108/jfrc-08-2024-0156,2025,Sanctions and cryptocurrency: a catalyst for digital adoption?,Journal of Financial Regulation and Compliance,article,3,yes,CTX,diffusion/model/adoption context,https://doi.org/10.1108/jfrc-08-2024-0156,,0,
611,oa:W4413748123,10.1080/15435075.2025.2552491,2025,How does artificial intelligence affect energy intensity? The role of digital economy,International Journal of Green Energy,article,2,yes,EXC,E2/E3 exposure or outcome not eligible,https://doi.org/10.1080/15435075.2025.2552491,,0,
614,oa:W4415395033,10.1016/j.strueco.2025.10.005,2025,Closing the productivity–wage gap in the European Union: The role of the labor share,Structural Change and Economic Dynamics,article,2,yes,EXC,E2/E3 exposure or outcome not eligible,https://doi.org/10.1016/j.strueco.2025.10.005,https://doi.org/10.1016/j.strueco.2025.10.005,0,
615,oa:W4416180752,10.1016/j.latcb.2025.100192,2025,What can artificial intelligence do for stagnant productivity in Latin America and The Caribbean?,Latin American Journal of Central Banking,article,2,yes,DUP,duplicate of idx 533,https://doi.org/10.1016/j.latcb.2025.100192,https://doi.org/10.1016/j.latcb.2025.100192,0,
617,oa:W178424128,,2003,Bridging the digital divide: the growth implications of e-commerce for small and developing states,RePEc: Research Papers in Economics,preprint,2,yes,INC,,https://eprints.lancs.ac.uk/id/eprint/48637/4/DigitalDivide.pdf,https://eprints.lancs.ac.uk/id/eprint/48637/4/DigitalDivide.pdf,5.477121254719663,A
618,oa:W4297891521,10.6007/ijarbss/v12-i9/14850,2022,"Dynamic Linkages between Foreign Direct Investment Inflows, Economic Growth and Information and Communication Technology: Evidence from China and Malaysia",International Journal of Academic Research in Business and Social Sciences,article,2,yes,INC,,https://hrmars.com/papers_submitted/14850/dynamic-linkages-between-foreign-direct-investment-inflows-economic-growth-and-information-and-communication-technology-evidence-from-china-and-malaysia.pdf,https://hrmars.com/papers_submitted/14850/dynamic-linkages-between-foreign-direct-investment-inflows-economic-growth-and-information-and-communication-technology-evidence-from-china-and-malaysia.pdf,0.47712125471966244,B
619,oa:W4414929428,10.3390/su17198912,2025,"Bridging the Digital–Energy Divide: Artificial Intelligence, Internet Connectivity, and Knowledge Management",Sustainability,article,2,yes,F6,"environmental outcome only, low priority; full text only if income-group comparison",https://www.mdpi.com/2071-1050/17/19/8912/pdf?version=1759911346,https://www.mdpi.com/2071-1050/17/19/8912/pdf?version=1759911346,0,
622,oa:W2952864008,,2019,"GENDER INEQUALITY IN EDUCATION,ICT AND EMPLOYMENT:THE SOCIO-ECONOMIC EFFECTS",Lincoln (University of Nebraska),article,2,yes,INC,,https://digitalcommons.unl.edu/libphilprac/2603,https://digitalcommons.unl.edu/libphilprac/2603,5.477121254719663,A
627,oa:W2605847452,10.18685/ejbme(8)1_ejbme-17-011,2017,ICT and growth gap between nations: Evidence from MENA region,E3 Journal of Business Management and Economics,article,2,yes,INC,,http://e3journals.org/cms/articles/1492220149_Najeh.pdf,http://e3journals.org/cms/articles/1492220149_Najeh.pdf,2.4771212547196626,B
632,oa:W4415535930,10.1016/j.resglo.2025.100322,2025,"ICT, trade, economic growth, and unemployment nexus: panel evidence from the Indian Ocean Rim Association",Research in Globalization,article,2,yes,EXC,E2/E3 exposure or outcome not eligible,https://doi.org/10.1016/j.resglo.2025.100322,https://doi.org/10.1016/j.resglo.2025.100322,0,
633,oa:W7154478180,10.1108/meq-08-2025-0588,2026,Artificial intelligence and environmental sustainability: assessing the total factor productivity – ecological footprint relationship in MENA economies through the PTAR model,Management of Environmental Quality An International Journal,article,2,yes,F6,"environmental outcome only, low priority; full text only if income-group comparison",https://doi.org/10.1108/meq-08-2025-0588,,0,
634,oa:W1552131793,,2009,Institutions and ICT Adoption,RePEc: Research Papers in Economics,preprint,2,yes,CTX,diffusion/model/adoption context,http://www2.ne.su.se/paper/wp06_07.pdf,,0,
643,oa:W4229013005,10.31470/2518-7600-2022-14-233-252,2022,Digital inequality in the information society,Society Document Communication,article,2,yes,EXC,"E4 conceptual, review or theory without own estimation",https://sdc-journal.com/index.php/journal/article/download/415/337,https://sdc-journal.com/index.php/journal/article/download/415/337,0,
652,oa:W2020917554,10.14195/2183-203x_20_5,2016,"Human capital, mechanisms of technological diffusion and the role of technological shocks in the speed of diffusion: evidence from a panel of Mediterranean countries",Notas Económicas,article,2,yes,INC,,https://impactum-journals.uc.pt/notaseconomicas/article/download/2183-203X_20_5/2882,https://impactum-journals.uc.pt/notaseconomicas/article/download/2183-203X_20_5/2882,8.477121254719663,A
653,oa:W3175371728,10.21203/rs.3.rs-16960/v1,2020,"Technology, TFPG and Employment: A Panel Data Analysis",,preprint,2,yes,INC,,https://www.researchsquare.com/article/rs-16960/latest.pdf,https://www.researchsquare.com/article/rs-16960/latest.pdf,2.4771212547196626,B
655,oa:W2972614608,,2019,Knowledge Intensity in a Set of Latin American Countries: Implications for Productivity,RePEc: Research Papers in Economics,article,2,yes,EXC,E2/E3 exposure or outcome not eligible,https://doaj.org/article/91b8a245b4064144a832cc5f20013a03,https://doaj.org/article/91b8a245b4064144a832cc5f20013a03,0,
656,oa:W2885460280,10.30845/ijbss.v9n6a6,2018,"Research on the Relationship between Information Communication Technology Investment, Total Factor Productivity and Economic Growth: Literature Review and Prospects",International Journal of Business and Social Science,article,2,yes,EXC,E2/E3 exposure or outcome not eligible,http://ijbssnet.com/journals/Vol_9_No_6_June_2018/6.pdf,http://ijbssnet.com/journals/Vol_9_No_6_June_2018/6.pdf,0,
657,oa:W4224986470,10.26689/pbes.v5i2.3821,2022,Research on the Productivity Paradox of Information Technology,Proceedings of Business and Economic Studies,article,2,yes,EXC,"E4 conceptual, review or theory without own estimation",http://ojs.bbwpublisher.com/index.php/PBES/article/download/3821/3440,http://ojs.bbwpublisher.com/index.php/PBES/article/download/3821/3440,0,
665,oa:W2091855567,,2012,Technology Convergence and Digital Divides. A Country-Level Evidence for the Period 2000-2010.,RePEc: Research Papers in Economics,preprint,2,yes,CTX,diffusion/model/adoption context,https://mpra.ub.uni-muenchen.de/41849/3/MPRA_paper_41849.pdf,https://mpra.ub.uni-muenchen.de/41849/3/MPRA_paper_41849.pdf,0,
668,oa:W2038187041,10.1504/jibed.2009.022530,2009,ICT-driven human and knowledge capital development: in search of a new economic development model and policy framework in the networked global economy,J for International Business and Entrepreneurship Development,article,2,yes,EXC,"E4 conceptual, review or theory without own estimation",https://doi.org/10.1504/jibed.2009.022530,,0,
685,oa:W4407554888,10.3389/fenvs.2025.1517486,2025,"From pixels to policy: deciphering G-20 countries’ digitalization, resource management, external conflicts, governance, and environmental frameworks",Frontiers in Environmental Science,article,2,yes,F6,"environmental outcome only, low priority; full text only if income-group comparison",https://www.frontiersin.org/journals/environmental-science/articles/10.3389/fenvs.2025.1517486/pdf,https://www.frontiersin.org/journals/environmental-science/articles/10.3389/fenvs.2025.1517486/pdf,0,
703,oa:W2161723286,10.15057/26014,2013,EFFECTS OF INTERNATIONAL DIFFUSION OF A GENERAL PURPOSE TECHNOLOGY ON WAGE INEQUALITY,Institutional Repositories DataBase (IRDB),article,1,yes,EXC,"E4 conceptual, review or theory without own estimation",https://hit-u.repo.nii.ac.jp/records/2040532,https://hit-u.repo.nii.ac.jp/records/2040532,0,
704,oa:W4411201990,10.1108/meq-11-2024-0533,2025,Linking information and communication technology diffusion with green technology innovation in emerging economies: Does globalization and green energy growth matters?,Management of Environmental Quality An International Journal,article,1,yes,F6,"environmental outcome only, low priority; full text only if income-group comparison",https://doi.org/10.1108/meq-11-2024-0533,,0,
707,oa:W7140158415,10.1016/j.jdec.2026.03.003,2026,Digitalisation and structural change: Evidence from cross-country analysis,Journal of Digital Economy,article,1,yes,INC,,https://doi.org/10.1016/j.jdec.2026.03.003,https://doi.org/10.1016/j.jdec.2026.03.003,8.301029995663981,A
709,oa:W1482430162,,2007,Accounting for the Impact of Information and Communication Technologies on Total Factor Productivity: Towards an Endogenous Growth Approach,Joint Research Centre (European Commission),article,1,yes,INC,,http://www.jrc.es/publications/pub.cfm?id=1502,,0.3010299956639812,B
711,oa:W7163994105,10.1111/1467-8268.70061,2026,Economic Complexity and Income Inequality: The Influence of ICT and Human Capital Development in Africa,African Development Review,article,1,yes,INC,,https://doi.org/10.1111/1467-8268.70061,,4.301029995663981,B
714,oa:W4400694132,10.31648/oej.10105,2023,GDP Impact on the Digital Economy in European Union Countries,Olsztyn Economic Journal,article,1,yes,EXC,E2/E3 exposure or outcome not eligible,https://czasopisma.uwm.edu.pl/index.php/oej/article/download/10105/7566,https://czasopisma.uwm.edu.pl/index.php/oej/article/download/10105/7566,0,
721,oa:W7124754831,10.1111/cwe.70009,2026,"Digital Economy, Green Growth, and Global Energy Transition",China & World Economy,article,1,yes,F6,"environmental outcome only, low priority; full text only if income-group comparison",https://doi.org/10.1111/cwe.70009,https://doi.org/10.1111/cwe.70009,0,
722,oa:W4408291339,10.47297/wspdecwsp2515-797320.20250901,2025,Digital Transformation and Economic Development: A Comparative Study of Emerging and Developed Economies,DEVELOPMENT ECONOMICS OF CHINA,article,1,yes,INC,,https://www.wsp-publishing.com/rc-pub/front/front-article/download/83066679/lowqualitypdf/Digital Transformation and Economic Development: A Comparative Study of Emerging and Developed Economies.pdf,https://www.wsp-publishing.com/rc-pub/front/front-article/download/83066679/lowqualitypdf/Digital Transformation and Economic Development: A Comparative Study of Emerging and Developed Economies.pdf,7.301029995663981,A
723,oa:W7118945565,10.52957/2221-3260-2025-11-86-98,2025,Artificial intelligence and the problem of unemployment,Theoretical economics,article,1,yes,EXC,"E4 conceptual, review or theory without own estimation",https://theoreticaleconomy.ru/en/storage/download/248995,https://theoreticaleconomy.ru/en/storage/download/248995,0,
724,oa:W7156211437,10.1080/13504851.2026.2665773,2026,Artificial intelligence and income inequality: static versus dynamic evidence from a global panel,Applied Economics Letters,article,1,yes,INC,,https://doi.org/10.1080/13504851.2026.2665773,,6.301029995663981,A
726,oa:W116075677,,2013,Information technology and Productivity Growth in Islamic Countries,RePEc: Research Papers in Economics,article,1,yes,INC,,https://profdoc.um.ac.ir/articles/a/1035613.pdf,https://profdoc.um.ac.ir/articles/a/1035613.pdf,0.3010299956639812,B
727,oa:W7140288094,10.1016/j.grets.2026.100385,2026,"Digital technologies, trade, renewable energy as sources of green growth: A comparative analysis of developed and developing countries",Green Technologies and Sustainability,article,1,yes,F6,"environmental outcome only, low priority; full text only if income-group comparison",https://doi.org/10.1016/j.grets.2026.100385,https://doi.org/10.1016/j.grets.2026.100385,0,
729,oa:W4414403483,10.63556/tisej.2025.1534,2025,"AI-Driven Sustainability in EU Nations: A Quantile Regression Analysis of AI Innovations, Human Capital, and Carbon Productivity",3 SEKTÖR SOSYAL EKONOMİ DERGİSİ,article,1,yes,F6,"environmental outcome only, low priority; full text only if income-group comparison",https://tisej.com/index.php/pub/article/download/1534/1500,https://tisej.com/index.php/pub/article/download/1534/1500,0,
732,oa:W4411306210,10.71085/sss.04.02.298,2025,Assessing the Role of Artificial Intelligence in Achieving Green Growth: A Panel Data Analysis for OECD countries,Social Sciences Spectrum,article,1,yes,F6,"environmental outcome only, low priority; full text only if income-group comparison",https://sss.org.pk/sss/article/download/298/226,https://sss.org.pk/sss/article/download/298/226,0,
736,oa:W2098554983,,2013,THE RELATIONSHIP OF EDUCATION AND ICT DETERMINANTS ON NATION’S GROWTH: AN EMPIRICAL ANALYSIS OF MALAYSIA AND MUSLIM COUNTRIES,,article,1,yes,INC,,https://journal.utem.edu.my/index.php/jhcd/article/download/2154/1296,,0.3010299956639812,B
750,oa:W4410314204,10.46557/001c.132415,2025,Artificial Intelligence and Labour Markets in Southeast Asia: An Empirical Examination,Asian Economics Letters,article,1,yes,INC,,https://a-e-l.scholasticahq.com/article/132415.pdf,https://a-e-l.scholasticahq.com/article/132415.pdf,4.301029995663981,B
751,oa:W4403611724,10.26661/2522-1566/2024-3/29-12,2024,Adoption of artificial intelligence in European enterprises: a mathematical model based on socioeconomic and technological indicators,Management and Entrepreneurship Trends of Development,article,1,yes,CTX,diffusion/model/adoption context,https://management-journal.org.ua/index.php/journal/article/download/530/285,https://management-journal.org.ua/index.php/journal/article/download/530/285,0,
758,oa:W2115326493,,2010,Human Development and the Spillover Effects of Investments in Telecoms: An Exploration of Transition Economies,Journal of the Association for Information Systems,article,1,yes,INC,,http://aisel.aisnet.org/cgi/viewcontent.cgi?article=1001&context=globdev2010,http://aisel.aisnet.org/cgi/viewcontent.cgi?article=1001&context=globdev2010,5.301029995663981,A
768,oa:W2151359990,,2012,"Training, technology and innovation, and job growth",,article,1,yes,INC,,http://documents.worldbank.org/curated/pt/450031468148155630/Training-technology-and-innovation-and-job-growth,,6.301029995663981,A
778,oa:W1569260311,,2004,"Learning-by-Doing, Hi-Tech Consumption and Productivity Resurgence",Computing in Economics and Finance,article,1,yes,EXC,"E4 conceptual, review or theory without own estimation",http://ftp.zew.de/pub/zew-docs/div/IKT04/Paper_Venturini.pdf,,0,
780,oa:W7161035710,10.3390/economies14050176,2026,Sustaining Growth Under Demographic Decline: A Minimum AI Investment Threshold for OECD Economies,Economies,article,1,yes,CTX,diffusion/model/adoption context,https://doi.org/10.3390/economies14050176,https://doi.org/10.3390/economies14050176,0,
790,oa:W4297659820,10.5281/zenodo.6479344,2022,The Effects of ICT and Technological Innovation on Environmental Quality: Evidence from Asian Developing Countries,Zenodo (CERN European Organization for Nuclear Research),article,1,yes,F6,"environmental outcome only, low priority; full text only if income-group comparison",https://zenodo.org/record/6479344,https://zenodo.org/record/6479344,0,
794,oa:W4393378708,10.18288/1994-5124-2024-1-92-125,2024,The Effect of ICT Formation and Development on the Dynamics of Production Output,Economic Policy,article,1,yes,EXC,E2 not eligible on abstract (not individually coded),https://doi.org/10.18288/1994-5124-2024-1-92-125,https://doi.org/10.18288/1994-5124-2024-1-92-125,0,
797,oa:W2784995796,,2017,"Knowledge, Technological Catch-Up and Economic Growth: A Dynamic Panel Data Analysis For MENA and Latin America",RePEc: Research Papers in Economics,preprint,1,yes,INC,,https://ideas.repec.org/p/erg/wpaper/1146.html,,2.3010299956639813,B
801,oa:W2626796589,,2012,Consideration the Relationship Between Information Communications Technology and Economic Growth in Top 10 Economic,International Journal of Sustainable Development & World Policy,article,1,yes,INC,,https://EconPapers.repec.org/RePEc:pkp:ijsdwp:2012:p:96-106,https://EconPapers.repec.org/RePEc:pkp:ijsdwp:2012:p:96-106,2.3010299956639813,B
802,oa:W3124925324,,2015,Differences in Job De-Routinization in OECD Countries: Evidence from PIAAC,RePEc: Research Papers in Economics,preprint,1,yes,INC,,https://documentos.fedea.net/pubs/dt/2015/dt-2015-11.pdf,,5.301029995663981,A
803,oa:W3029030709,,2020,The Race between Technological Progress and Female Advancement: Changes in Gender and Skill Premia in OECD Countries,arXiv (Cornell University),preprint,1,yes,INC,,https://arxiv.org/pdf/2005.12600.pdf,https://arxiv.org/pdf/2005.12600.pdf,3.3010299956639813,B
808,oa:W7128604716,10.1080/19436149.2026.2616885,2026,The Promise and Peril of AI in MENA’s Transregional Future: Solidarity or Further Disparities?,Middle East Critique,article,1,yes,EXC,"E4 conceptual, review or theory without own estimation",https://doi.org/10.1080/19436149.2026.2616885,,0,
811,oa:W7165856583,10.1002/sd.71375,2026,Trade and Environmental Performance: How Digital Trade Promotes Sustainable Development in Developing Countries,Sustainable Development,article,1,yes,EXC,"E4 conceptual, review or theory without own estimation",https://doi.org/10.1002/sd.71375,,0,
813,oa:W4390420579,10.32782/easterneurope.41-6,2023,DEVELOPMENT OF DIGITAL TRANSFORMATION OF COUNTRIES OF THE WORLD ON A GLOBAL DIMENSION,Eastern Europe economy business and management,article,1,yes,EXC,"E4 conceptual, review or theory without own estimation",https://doi.org/10.32782/easterneurope.41-6,https://doi.org/10.32782/easterneurope.41-6,0,
829,oa:W7160869790,10.3390/jrfm19050344,2026,Cryptocurrency Adoption and Financial Resilience: A Worldwide Fractional Probit Analysis and Institutional Moderation,Journal of risk and financial management,article,1,yes,INC,,https://www.mdpi.com/1911-8074/19/5/344/pdf?version=1778478540,https://www.mdpi.com/1911-8074/19/5/344/pdf?version=1778478540,6.301029995663981,A
831,oa:W7162331312,10.1007/s43621-026-03508-y,2026,Innovation capability moderates the association between AI readiness and sustainable development in ASEAN,Discover Sustainability,article,1,yes,INC,,https://doi.org/10.1007/s43621-026-03508-y,https://doi.org/10.1007/s43621-026-03508-y,6.301029995663981,A
878,oa:W4414299401,10.1177/00157325251362548,2025,"Artificial Intelligence, Trade Convergence and Deglobalisation: A Cross-country Analysis",Foreign Trade Review,article,0,yes,INC,,https://journals.sagepub.com/doi/pdf/10.1177/00157325251362548?download=true,https://journals.sagepub.com/doi/pdf/10.1177/00157325251362548?download=true,10.0,A
879,oa:W4411572959,10.1016/j.technovation.2026.103645,2026,AI capability and labor productivity in low- and middle-income countries: An absorptive capacity approach,Technovation,article,0,yes,INC,,https://doi.org/10.1016/j.technovation.2026.103645,https://doi.org/10.1016/j.technovation.2026.103645,7.0,A
880,oa:W1481133906,,2005,North-South Diffusion of a General Purpose Technology,RePEc: Research Papers in Economics,preprint,0,yes,EXC,E2 not eligible on abstract (not individually coded),http://degit.sam.sdu.dk/papers/degit_10/C010_024.pdf,,0,
881,oa:W7152615381,10.5281/zenodo.19481733,2026,ARTIFICIAL INTELLIGENCE ADOPTION IN EMERGING ECONOMIES: IMPACTS ON PRODUCTIVITY AND EMPLOYMENT,Zenodo (CERN European Organization for Nuclear Research),article,0,yes,INC,,https://doi.org/10.5281/zenodo.19481733,https://doi.org/10.5281/zenodo.19481733,7.0,A
882,oa:W7212150783,10.1111/1467-8268.70074,2026,Artificial Intelligence Readiness and Productive Capacity in Africa: A Cross‐Country Empirical Analysis,African Development Review,article,0,yes,INC,,https://onlinelibrary.wiley.com/doi/pdfdirect/10.1111/1467-8268.70074,https://onlinelibrary.wiley.com/doi/pdfdirect/10.1111/1467-8268.70074,4.0,B
884,oa:W3204656912,10.48550/arxiv.2109.11550,2021,Absorptive capacities and economic growth in low and middle income economies,RePEc: Research Papers in Economics,preprint,0,yes,EXC,E2/E3 exposure or outcome not eligible,https://arxiv.org/pdf/2109.11550,https://arxiv.org/pdf/2109.11550,0,
885,oa:W7160243243,10.3390/su18094257,2026,Digital Economy and Carbon Emission Decoupling: Evidence from a Cross-Country Finite Mixture Model Analysis,Sustainability,article,0,yes,F6,"environmental outcome only, low priority; full text only if income-group comparison",https://www.mdpi.com/2071-1050/18/9/4257/pdf?version=1777037986,https://www.mdpi.com/2071-1050/18/9/4257/pdf?version=1777037986,0,
886,oa:W7166201572,10.5281/zenodo.20925134,2026,"DIGITAL FINANCIAL INCLUSION, INSTITUTIONAL QUALITY AND MULTIDIMENSIONAL POVERTY REDUCTION: A CONCEPTUAL FRAMEWORK FOR SUSTAINABLE DEVELOPMENT IN EMERGING ECONOMIES",Zenodo (CERN European Organization for Nuclear Research),article,0,yes,INC,,https://doi.org/10.5281/zenodo.20925134,https://doi.org/10.5281/zenodo.20925134,7.0,A
887,oa:W7213532764,10.1515/cfer-2026-0014,2026,"Artificial Intelligence, Industrial Structure Transformation and Escaping the Middle-Income Trap",China Finance and Economic Review,article,0,yes,CTX,diffusion/model/adoption context,https://doi.org/10.1515/cfer-2026-0014,https://doi.org/10.1515/cfer-2026-0014,0,
888,oa:W4312703546,10.33516/maj.v57i9.38-40p,2022,Digital Divide for an Inclusive Digital Economy,The Management Accountant Journal,article,0,yes,EXC,E2 not eligible on abstract (not individually coded),https://doi.org/10.33516/maj.v57i9.38-40p,,0,
891,oa:W7131830550,10.3390/su18052308,2026,Can Artificial Intelligence Drive Sustainable Growth? Empirical Evidence on the AI–Energy–Growth Nexus in Advanced Economies,Sustainability,article,0,yes,EXC,E1 single or fewer than 10 economies,https://www.mdpi.com/2071-1050/18/5/2308/pdf?version=1772201193,https://www.mdpi.com/2071-1050/18/5/2308/pdf?version=1772201193,0,
892,oa:W4408326421,10.71317/rjsa.003.01.0077,2025,Technological Modernization and Economic Growth: A Comparative Study of Emerging and Developed Economies,Research Journal for Social Affairs,article,0,yes,INC,,https://doi.org/10.71317/rjsa.003.01.0077,https://doi.org/10.71317/rjsa.003.01.0077,7.0,A
893,oa:W2407503245,,2009,General Purpose Technologies and their Implications for International Trade,RePEc: Research Papers in Economics,preprint,0,yes,EXC,"E4 conceptual, review or theory without own estimation",https://mpra.ub.uni-muenchen.de/14446/1/MPRA_paper_14446.pdf,,0,
896,oa:W7204236150,10.5281/zenodo.22109833,2026,Artificial Intelligence in Global Trade: Transforming International Business and Export Competitiveness in Emerging Economies,Zenodo (CERN European Organization for Nuclear Research),article,0,yes,EXC,"E4 conceptual, review or theory without own estimation",https://doi.org/10.5281/zenodo.22109833,https://doi.org/10.5281/zenodo.22109833,0,
897,oa:W7164756675,10.15291/oec.5026,2026,"Artificial Intelligence and Green Transformation: Human Capital Upgrading, Green Finance, and ESG Assessment as Drivers of Sustainable Productivity",Oeconomica Jadertina,article,0,yes,F6,"environmental outcome only, low priority; full text only if income-group comparison",https://morepress.unizd.hr/journals/index.php/oeconomicajadertina/article/download/5026/5731,https://morepress.unizd.hr/journals/index.php/oeconomicajadertina/article/download/5026/5731,0,
898,oa:W2122819669,10.18052/www.scipress.com/ilshs.44.13,2014,The Relationship among Information and Communication Technologies and GDP in Middle East Countries: Panel Cointegration Approach,International Letters of Social and Humanistic Sciences,article,0,yes,INC,,https://www.scipress.com/ILSHS.44.13.pdf,https://www.scipress.com/ILSHS.44.13.pdf,2.0,B
902,oa:W3170579932,,2021,Working Paper 347 - Technology Adoption and the Middle-Income Trap: Lessons from the Middle East and East Asia,RePEc: Research Papers in Economics,preprint,0,yes,DUP,duplicate of idx 214,https://www.afdb.org/en/sites/default/files/documents/publications/wps_no_347_technology_adoption_and_the_middle-income_trap_lessons_from_the_middle_east_and_east_asia_a.pdf,,0,
903,oa:W7166861708,10.5281/zenodo.18897896,2026,"Artificial Intelligence, Inequality, and Sustainable Development: An Economic Perspective",Zenodo (CERN European Organization for Nuclear Research),article,0,yes,INC,,https://doi.org/10.5281/zenodo.18897896,https://doi.org/10.5281/zenodo.18897896,7.0,A
905,oa:W7214396287,10.5089/9798229061599.001,2026,Artificial Intelligence and Aggregate Labor Productivity,IMF Working Paper,article,0,yes,INC,,https://doi.org/10.5089/9798229061599.001,https://doi.org/10.5089/9798229061599.001,4.0,B
911,oa:W7213593728,10.5281/zenodo.22827113,2026,The Macroeconomic Impact of Generative AI: Evidence and Projections,Zenodo (CERN European Organization for Nuclear Research),article,0,yes,INC,,https://doi.org/10.5281/zenodo.22827113,https://doi.org/10.5281/zenodo.22827113,8.0,A
913,oa:W7160948720,10.12688/f1000research.179912.1,2026,Estimation of Firm Labour Productivity and Sales Growth from Artificial Intelligence in Sub-Saharan African Countries,F1000Research,article,0,yes,INC,,https://f1000research.com/articles/15-711/pdf,https://f1000research.com/articles/15-711/pdf,5.0,B
914,oa:W4416763562,10.1080/1369118x.2025.2591771,2025,Can affordable internet increase employment opportunities for low-income workers? Evidence from the Affordable Connectivity Program,Information Communication & Society,article,0,yes,EXC,E1 single or fewer than 10 economies,https://doi.org/10.1080/1369118x.2025.2591771,,0,
915,oa:W1634041202,10.1515/ijme-2015-0026,2015,General Purpose Technologies and their Implications for International Trade,International Journal of Management and Economics,article,0,yes,EXC,"E4 conceptual, review or theory without own estimation",https://content.sciendo.com/downloadpdf/journals/ijme/47/1/article-p7.pdf,https://content.sciendo.com/downloadpdf/journals/ijme/47/1/article-p7.pdf,0,
918,oa:W7140577206,10.1080/00036846.2026.2649919,2026,Does artificial intelligence promote pro-poor growth? Based on the mediating role of employment structure,Applied Economics,article,0,yes,EXC,E1 single or fewer than 10 economies,https://doi.org/10.1080/00036846.2026.2649919,,0,
922,oa:W7167465268,10.5281/zenodo.21219791,2026,The AI Productivity Transmission Gap in Small Open Economies: A Dynamic Institutional Absorptive Capacity Model,Zenodo (CERN European Organization for Nuclear Research),article,0,yes,CTX,diffusion/model/adoption context,https://doi.org/10.5281/zenodo.21219791,https://doi.org/10.5281/zenodo.21219791,0,
924,oa:W7203631730,10.3390/su18168386,2026,Adoption of Digital Technologies and Artificial Intelligence: A Panel Data Analysis of Sustainable Economic Performance in European Union Countries,Sustainability,article,0,yes,F6,"environmental outcome only, low priority; full text only if income-group comparison",https://doi.org/10.3390/su18168386,https://doi.org/10.3390/su18168386,0,
925,oa:W1527657545,,2004,"Global Growth Processes: Technology Diffusion, Catching-up and Effective Demand",RePEc: Research Papers in Economics,preprint,0,yes,INC,,https://wiiw.ac.at/global-growth-processes-technology-diffusion-catching-up-and-effective-demand-dlp-525.pdf,,5.0,B
927,oa:W2187797151,,2010,The Influence of Information and Communication Technologies on Economic Growth: A Test of Reverse Causation in the European Union Countries Context,,article,0,yes,INC,,http://www.jiti.net/v10/jiti.v10n2.055-064.pdf,,2.0,B
931,oa:W3125961395,,2019,ICT Capital-Skill Complementarity and Wage Inequality: Evidence from Fourteen OECD Countries,RePEc: Research Papers in Economics,preprint,0,yes,INC,,https://econpapers.repec.org/paper/arxpapers/1904.09857.htm,,5.0,B
932,oa:W7169502156,10.1080/10438599.2026.2703188,2026,"Does the timing of AI exposure matter? Generational composition, human capital, and productivity",Economics of Innovation and New Technology,article,0,yes,INC,,https://doi.org/10.1080/10438599.2026.2703188,,5.0,B
933,oa:W3088668863,,2018,Potential impacts of national absorptive capacity in internet of things to socio-economic aspects in some countries and lessons for Vietnam,Journal SCIENCE AND TECHNOLOGY POLICIES AND MANAGEMENT,article,0,yes,EXC,"E4 conceptual, review or theory without own estimation",https://vietnamstijournal.net/index.php/JSTPM/article/download/283/424,,0,
937,oa:W4317824602,10.55365/1923.x2022.20.90,2022,"The Impact of Wages, Unemployment and Economic Growth on Artificial Intelligence: Evidence from Countries Divided into Three Groups in the Government Artificial Intelligence Readiness Index",Review of Economics and Finance,article,0,yes,CTX,diffusion/model/adoption context,https://refpress.org/wp-content/uploads/2023/01/Safarolievich_REF.pdf,https://refpress.org/wp-content/uploads/2023/01/Safarolievich_REF.pdf,0,
943,oa:W4409408647,10.20961/jiep.v25i1.95514,2025,THE ROLE OF ICT DEVELOPMENT IN PROMOTING ASEAN REGIONAL ECONOMIC CONVERGENCE,Jurnal Ilmu Ekonomi dan Pembangunan,article,0,yes,INC,,https://jurnal.uns.ac.id/jiep/article/download/95514/49513,https://jurnal.uns.ac.id/jiep/article/download/95514/49513,5.0,B
945,oa:W7204435464,10.1016/j.worlddev.2026.107538,2026,The skill premium across countries in the era of industrial robots and artificial intelligence,World Development,article,0,yes,INC,,https://doi.org/10.1016/j.worlddev.2026.107538,https://doi.org/10.1016/j.worlddev.2026.107538,10.0,A
947,oa:W2623815276,10.31648/oej.2941,2016,"Labour Productivity, ICT and Complementary Factors in the CEE Region",Olsztyn Economic Journal,article,0,yes,INC,,https://doi.org/10.31648/oej.2941,https://doi.org/10.31648/oej.2941,2.0,B
948,oa:W4312073471,10.21608/msamsj.2022.273431,2022,"CAUSAL LINKS BETWEEN ICT, HDI, AND ECONOMIC GROWTH: EVIDENCE FROM MENA",MSA- Management Sciences Journal/MSA-Management Sciences Journal,article,0,yes,INC,,https://msamsj.journals.ekb.eg/article_273431_a883d69405abc605758db9f758567c1e.pdf,https://msamsj.journals.ekb.eg/article_273431_a883d69405abc605758db9f758567c1e.pdf,4.0,B
952,oa:W7211898591,10.3390/economies14090398,2026,Twin Transition and Labor Informality in Asia-Pacific: Threshold Effects and Income-Group Heterogeneity,Economies,article,0,yes,INC,,https://doi.org/10.3390/economies14090398,https://doi.org/10.3390/economies14090398,7.0,A
954,oa:W4412191662,10.38193/ijrcms.2025.7329,2025,DIGITAL ECONOMY TRANSFORMATION AND ITS IMPACT ON LABOR PRODUCTIVITY IN DEVELOPING COUNTRIES: EVIDENCE FROM VIETNAM’S MANUFACTURING AND SERVICE SECTORS,International Journal of Research In Commerce and Management Studies,article,0,yes,INC,,https://doi.org/10.38193/ijrcms.2025.7329,https://doi.org/10.38193/ijrcms.2025.7329,7.0,A
955,oa:W4390776513,10.47191/ijsshr/v7-i01-26,2024,Digital Readiness and Economic Growth: Analyzing the Impact of DESI Scores on GDP in European Countries,International Journal of Social Science and Human Research,article,0,yes,INC,,https://ijsshr.in/v7i1/Doc/26.pdf,https://ijsshr.in/v7i1/Doc/26.pdf,0.0,B
957,oa:W4404033476,10.59671/dga69,2024,IMPACT OF ICT ON ECONOMIC GROWTH: CASE OF OECD AND MENA COUNTRIES,Interciencia,article,0,yes,INC,,https://revistaeducacion.org/EDU/index.php/pdf/stream/DGA69/1728709556,https://revistaeducacion.org/EDU/index.php/pdf/stream/DGA69/1728709556,0.0,B
963,oa:W1894449357,10.19030/jber.v13i4.9451,2015,The Digital Divide And Job Stability During The Great Recession,Journal of Business & Economics Research (JBER),article,0,yes,EXC,E1 single or fewer than 10 economies,https://clutejournals.com/index.php/JBER/article/download/9451/9542,https://clutejournals.com/index.php/JBER/article/download/9451/9542,0,
966,oa:W2183158457,,2015,"AGEING Can more Experience, Education and ICT Boost TFP Growth?",,article,0,yes,INC,,http://perso.uclouvain.be/vincent.vandenberghe/Papers/BostonPaper_VVandenbergheX.pdf,,2.0,B
972,oa:W2586422952,,2008,ICT Diffusion and Productivity in OECD Economies and New Zealand’s Industrial Sectors,ScholarsArchive  (Brigham Young University),article,0,yes,INC,,https://scholarsarchive.byu.edu/cgi/viewcontent.cgi?article=2854&context=iemssconference,https://scholarsarchive.byu.edu/cgi/viewcontent.cgi?article=2854&context=iemssconference,5.0,B
976,oa:W7204996920,10.1002/jid.70116,2026,"Sustainable Artificial Intelligence Adoption in E7 Economies: The Roles of Education, Foreign Direct Investment, Economic Growth and Carbon Emissions",Journal of International Development,article,0,yes,EXC,E1 single or fewer than 10 economies,https://onlinelibrary.wiley.com/doi/pdfdirect/10.1002/jid.70116,https://onlinelibrary.wiley.com/doi/pdfdirect/10.1002/jid.70116,0,
984,oa:W3023744597,,2005,Technology Regimes and Productivity Growth in Europe and the United States: A Comparative and Historical Perspective,RePEc: Research Papers in Economics,preprint,0,yes,EXC,E1 single or fewer than 10 economies,https://www.escholarship.org/uc/item/1td1h23k.pdf;origin=repeccitec,,0,
988,oa:W4388088163,10.30525/2661-5169/2023-3-2,2023,IMPACT OF DIGITALISATION ON PRODUCTIVITY GROWTH IN EU MEMBER STATES,Green Blue and Digital Economy Journal,article,0,yes,INC,,http://baltijapublishing.lv/index.php/gbdej/article/download/2184/2184,http://baltijapublishing.lv/index.php/gbdej/article/download/2184/2184,2.0,B
998,oa:W7167742711,10.9734/sajsse/2026/v23i71353,2026,The Impact of Digital Financial Inclusion on Labour Force Participation in SAARC Countries: Evidence from the Global Findex 2025,South Asian Journal of Social Studies and Economics,article,0,yes,EXC,E1 single or fewer than 10 economies,https://doi.org/10.9734/sajsse/2026/v23i71353,https://doi.org/10.9734/sajsse/2026/v23i71353,0,
1013,oa:W7135380980,10.17694/bajece.1802500,2025,The Effect of Artificial Intelligence Investments on Economıc Development: Panel Data Analysis,Balkan Journal of Electrical and Computer Engineering,article,0,yes,INC,,https://dergipark.org.tr/en/download/article-file/5325067,https://dergipark.org.tr/en/download/article-file/5325067,4.0,B
1014,oa:W7170613504,10.1093/ooec/odag006,2026,"Technology, Labor Markets, and Inequality across the Development Spectrum: Reviewing the Evidence",Oxford Open Economics,article,0,yes,REV,review: use for backward citation search,https://doi.org/10.1093/ooec/odag006,https://doi.org/10.1093/ooec/odag006,0,
1025,oa:W1581001394,,2005,Testing the impact of ICT in developed countries during 1980-1995: distributional analysis in Solow’s growth accounting framework,RePEc: Research Papers in Economics,preprint,0,yes,INC,,https://mpra.ub.uni-muenchen.de/28029/3/MPRA_paper_28029.pdf,,2.0,B
1026,oa:W7162867483,10.1016/j.jclepro.2026.148590,2026,The nonlinear link between AI and energy poverty: Empirical evidence from global data,Journal of Cleaner Production,article,0,yes,INC,,https://doi.org/10.1016/j.jclepro.2026.148590,https://doi.org/10.1016/j.jclepro.2026.148590,10.0,A
1028,oa:W4400497611,10.61506/01.00330,2024,ICT and Service Exports: An Empirical Investigation for South Asia,Bulletin of Business and Economics (BBE),article,0,yes,EXC,E1 single or fewer than 10 economies,https://bbejournal.com/index.php/BBE/article/download/842/824,https://bbejournal.com/index.php/BBE/article/download/842/824,0,
1031,oa:W4414798688,10.58709/niujhu.v10i3.2267,2025,Exploring the Moderating impact of ICT Infrastructure on Trade Openness-Sectoral Growth Nexus in Sub-Saharan Africa (SSA),NIU journal of humanities.,article,0,yes,INC,,https://niujournals.ac.ug/ojs/index.php/niuhums/article/download/2267/3064,https://niujournals.ac.ug/ojs/index.php/niuhums/article/download/2267/3064,2.0,B
1036,oa:W7134905555,10.1097/jom.0000000000003681,2026,Artificial Intelligence and Heterogeneous Unemployment Risk Across Regions: Scenario-Based Projections of Alternative Policy Responses in Taiwan,Journal of Occupational and Environmental Medicine,article,0,yes,EXC,E1 single or fewer than 10 economies,https://doi.org/10.1097/jom.0000000000003681,,0,
1044,oa:W4402995483,10.24147/1812-3988.2024.22(2).35-44,2024,The productivity paradox: pros and cons?,Вестник Омского университета. Серия «Экономика»,article,0,yes,EXC,E1 single or fewer than 10 economies,https://economic-journal.omsu.ru/issues/393/11860.pdf,https://economic-journal.omsu.ru/issues/393/11860.pdf,0,
1060,oa:W7212012850,10.5281/zenodo.22675834,2026,"Human Capital Formation, Labor Market Transformation, and Wage Dynamics in AI-Semiconductor Industrial Zones: Predictive Economic Modeling for the Pax Silica Economic Security Zone",Zenodo (CERN European Organization for Nuclear Research),article,0,yes,EXC,E1 single or fewer than 10 economies,https://doi.org/10.5281/zenodo.22675834,https://doi.org/10.5281/zenodo.22675834,0,
1070,oa:W4406378930,10.55220/25766821.v8.236,2024,Technology and AI—Impact on Country’s Growth and Unemployment,Journal of Banking and Financial Dynamics,article,0,yes,DUP,duplicate of idx 565,https://ecsenet.com/index.php/2576-6821/article/download/236/97,https://ecsenet.com/index.php/2576-6821/article/download/236/97,0,
1090,oa:W4415104394,10.5171/2025.4521925,2025,Driving Industrial Growth through Digitalization: Insights from CEE Countries,Communications of International Proceedings,article,0,yes,INC,,https://doi.org/10.5171/2025.4521925,,8.0,A
1105,oa:W4414873773,10.32983/2222-4459-2025-7-99-105,2025,Assessing the Impact of Digitalization on Economic Convergence in the Context of Sustainable Development: The Methodological Aspect,Business Inform,article,0,yes,INC,,https://doi.org/10.32983/2222-4459-2025-7-99-105,https://doi.org/10.32983/2222-4459-2025-7-99-105,2.0,B
1106,oa:W3191923479,,2020,What is the significance of free digital goods on economic welfare,,article,0,yes,INC,,https://oatd.org/oatd/record?record=handle\:1946\%2F36279,,2.0,B
1107,oa:W7168661129,10.1080/15567249.2026.2701352,2026,Energy-transition pressure and the asymmetric convergence of enterprise IoT adoption across Europe,Energy Sources Part B Economics Planning and Policy,article,0,yes,CTX,diffusion/model/adoption context,https://www.tandfonline.com/doi/pdf/10.1080/15567249.2026.2701352?needAccess=true,https://www.tandfonline.com/doi/pdf/10.1080/15567249.2026.2701352?needAccess=true,0,
1109,oa:W1548472058,,2002,Can Innovation Explain the Increasing Growth Differences in the 1990s,WU Research,article,0,yes,INC,,https://research.wu.ac.at/de/publications/b5cb29dc-0123-41aa-88ab-25e5f6a4941d,,0.0,B
1114,oa:W7172110053,10.7759/s44404-026-00198-7,2026,Digital Maturity and the Decoupling of Carbon Emissions from Economic Growth: Panel Evidence from 93 Economies,Cureus Journal of Business and Economics.,article,0,yes,F6,"environmental outcome only, low priority; full text only if income-group comparison",https://assets.cureusjournals.com/artifacts/upload/original_article/pdf/18279/CureusJournals_1827920260801-60337-bfzk0f.pdf,https://assets.cureusjournals.com/artifacts/upload/original_article/pdf/18279/CureusJournals_1827920260801-60337-bfzk0f.pdf,0,
1117,oa:W7112548316,,2021,ВПЛИВ ДІДЖИТАЛІЗАЦІЇ НА ТРАНСФОРМАЦІЮ СФЕРИ ЗАЙНЯТОСТІ У КРАЇНАХ ІЗ РІЗНИМ РІВНЕМ ДОХОДІВ,The Scientific Issues of Ternopil Volodymyr Hnatiuk National Pedagogical University Series pedagogy,article,0,yes,INC,,http://fkd1.ubs.edu.ua/article/view/241311,http://fkd1.ubs.edu.ua/article/view/241311,5.0,B
1152,oa:W7208753418,10.5089/9798229057349.001,2026,Relative Development and the Intelligence Divide,IMF Working Paper,article,0,yes,INC,,https://doi.org/10.5089/9798229057349.001,https://doi.org/10.5089/9798229057349.001,6.0,A
1155,oa:W3112121057,,2020,How labor market institutions affect technological choices,RePEc: Research Papers in Economics,preprint,0,yes,CTX,diffusion/model/adoption context,https://www.econstor.eu/bitstream/10419/227085/1/ile-wp-2020-42.pdf,,0,
1163,oa:W3163658245,,2020,The National Technology Implementation Index,RePEc: Research Papers in Economics,article,0,yes,EXC,E1 single or fewer than 10 economies,http://www.revistaestudiosregionales.com/documentos/articulos/pdf-articulo-2592.pdf,,0,
1167,oa:W7214515196,,2026,AI Preparedness and Economic Performance: Evidence from Selected Countries,DOAJ (DOAJ: Directory of Open Access Journals),article,0,yes,INC,,https://doaj.org/article/44746939ca464191bd9ee45bdabdb33b,,2.0,B
1191,oa:W4392236162,10.1111/1477-8947.12419,2024,"Role of energy consumption, information and communications technology, and economic complexity in promoting environmental sustainability: Implications for gulf countries",Natural Resources Forum,article,0,yes,EXC,E1 single or fewer than 10 economies,https://doi.org/10.1111/1477-8947.12419,,0,
1192,oa:W7196956923,10.3390/economies14080320,2026,The Digital Maturity Paradox: The Divergent Impact of Network Readiness and FDI Across Development Tiers,Economies,article,0,yes,INC,,https://www.mdpi.com/2227-7099/14/8/320/pdf?version=1785981105,https://www.mdpi.com/2227-7099/14/8/320/pdf?version=1785981105,8.0,A
1213,oa:W7116321832,10.5281/zenodo.18003322,2025,DIGITALIZATION AND ITS ROLE IN ECONOMIC DEVELOPMENT,Zenodo (CERN European Organization for Nuclear Research),article,0,yes,EXC,E1 single or fewer than 10 economies,https://doi.org/10.5281/zenodo.18003322,https://doi.org/10.5281/zenodo.18003322,0,
1242,oa:W7140108744,10.17605/osf.io/uy95d,2026,Global Automation Shock Index (GASI),,preprint,0,yes,CTX,diffusion/model/adoption context,https://osf.io/uy95d,https://osf.io/uy95d,0,
1252,oa:W4385837387,10.1002/bsd2.275,2023,Economic asymmetries and the new “markets of tomorrow”,Business Strategy & Development,article,0,yes,EXC,"E4 conceptual, review or theory without own estimation",https://onlinelibrary.wiley.com/doi/pdfdirect/10.1002/bsd2.275,https://onlinelibrary.wiley.com/doi/pdfdirect/10.1002/bsd2.275,0,
1289,oa:W4411310710,10.9734/ajaees/2025/v43i62770,2025,Impact of the Fourth Industrial Revolution on Society: A Global Perspective,Asian Journal of Agricultural Extension Economics & Sociology,article,0,yes,INC,,https://doi.org/10.9734/ajaees/2025/v43i62770,https://doi.org/10.9734/ajaees/2025/v43i62770,7.0,A
1351,doi:10.52783/jier.v6i1.4494,10.52783/jier.v6i1.4494,2026,Unlocking Digital Financial Inclusion on Economic Growth: Cross-country study using panel data,Journal of Informatics Education and Research,journal-article,,yes,EXC,E1 single or fewer than 10 economies,https://jier.org/index.php/journal/article/download/4494/3505,https://jier.org/index.php/journal/article/download/4494/3505,0,
1353,doi:10.3390/economies2010078,10.3390/economies2010078,2014,Internet Education and Economic Growth: Evidence from Cross-Country Regressions,Economies,journal-article,,yes,INC,,https://doi.org/10.3390/economies2010078,,4.0,B
1354,doi:10.64388/irev9i5-1712415,10.64388/irev9i5-1712415,2025,Artificial Intelligence Adoption and Economic Growth: Evidence from a Global Cross-Country Panel (2015–2024),Iconic Research and Engineering Journals,journal-article,,yes,INC,,https://www.irejournals.com/formatedpaper/1712415.pdf,https://www.irejournals.com/formatedpaper/1712415.pdf,8.0,A
1355,doi:10.1080/13504851.2013.829170,10.1080/13504851.2013.829170,2013,Internet-growth nexus: evidence from cross-country panel data,Applied Economics Letters,journal-article,,yes,INC,,https://doi.org/10.1080/13504851.2013.829170,,1.0,B
1356,doi:10.1080/00036846.2014.957444,10.1080/00036846.2014.957444,2014,Broadband penetration and economic growth nexus: evidence from cross-country panel data,Applied Economics,journal-article,,yes,INC,,https://doi.org/10.1080/00036846.2014.957444,,4.0,B
1357,doi:10.1080/00036846.2015.1078450,10.1080/00036846.2015.1078450,2015,"Financial depth, internet penetration rates and economic growth: country-panel evidence",Applied Economics,journal-article,,yes,INC,,https://doi.org/10.1080/00036846.2015.1078450,,1.0,B
1359,doi:10.1002/isd2.12105,10.1002/isd2.12105,2019,Different paths and same destinations? An analysis of the convergence in Internet usage patterns between different age groups,THE ELECTRONIC JOURNAL OF INFORMATION SYSTEMS IN DEVELOPING COUNTRIES,journal-article,,yes,CTX,diffusion/model/adoption context,https://doi.org/10.1002/isd2.12105,,0,
1368,doi:10.36948/ijfmr.2024.v06i06.30386,10.36948/ijfmr.2024.v06i06.30386,2024,Digital Divide: Examining Socioeconomic Inequalities in Internet Access and Usage,International Journal For Multidisciplinary Research,journal-article,,yes,CTX,diffusion/model/adoption context,https://doi.org/10.36948/ijfmr.2024.v06i06.30386,,0,
1372,doi:10.1108/ijse-09-2023-0695,10.1108/ijse-09-2023-0695,2024,The relationship between inequality and poverty in developing countries: mitigating role of virtual social network and internet access in schools,International Journal of Social Economics,journal-article,,yes,INC,,https://doi.org/10.1108/ijse-09-2023-0695,,7.0,A
1374,doi:10.1177/0974910119887054,10.1177/0974910119887054,2019,Influence of the Internet on the Economic Growth of the Belt and Road Region,Global Journal of Emerging Market Economies,journal-article,,yes,INC,,https://doi.org/10.1177/0974910119887054,,1.0,B
1377,doi:10.4018/jgim.321184,10.4018/jgim.321184,2023,The Effects of Broadband Internet on Employment and Wages,Journal of Global Information Management,journal-article,,yes,EXC,E1 single or fewer than 10 economies,https://doi.org/10.4018/jgim.321184,,0,
1380,doi:10.58921/jobams.7.1.192,10.58921/jobams.7.1.192,2025,Shaping the Human Capital Absorptive Capacity: Role of Artificial Intelligence,Journal of Business Administration and Management Sciences (JOBAMS),journal-article,,yes,EXC,E1 single or fewer than 10 economies,https://doi.org/10.58921/jobams.7.1.192,,0,
1383,doi:10.1108/dprg-04-2018-0018,10.1108/dprg-04-2018-0018,2018,"Connecting the poor: the internet, mobile phones and financial inclusion in Africa","Digital Policy, Regulation and Governance",journal-article,,yes,INC,,https://doi.org/10.1108/dprg-04-2018-0018,,0.0,B
1392,doi:10.1515/omgc-2022-0056,10.1515/omgc-2022-0056,2022,"Broadband, effective labor, and economic growth during the COVID-19 pandemic period: evidence from a cross-country study",Online Media and Global Communication,journal-article,,yes,INC,,https://doi.org/10.1515/omgc-2022-0056,,1.0,B
1393,doi:10.1016/j.iimb.2018.01.001,10.1016/j.iimb.2018.01.001,2018,Information communication technology (ICT) infrastructure and economic growth: A causality evinced by cross-country panel data,IIMB Management Review,journal-article,,yes,INC,,https://www.sciencedirect.com/science/article/pii/S0970389618300260/pdf,https://www.sciencedirect.com/science/article/pii/S0970389618300260/pdf,1.0,B
1394,doi:10.1108/14636691011027175,10.1108/14636691011027175,2010,Broadband infrastructure investment in stimulus packages: relevance for developing countries,info,journal-article,,yes,EXC,"E4 conceptual, review or theory without own estimation",https://doi.org/10.1108/14636691011027175,,0,
1405,doi:10.1080/17520843.2016.1250800,10.1080/17520843.2016.1250800,2016,"Broadband penetration, financial development, and economic growth nexus: evidence from the Arab League countries",Macroeconomics and Finance in Emerging Market Economies,journal-article,,yes,INC,,https://doi.org/10.1080/17520843.2016.1250800,,0.0,B
1408,doi:10.1007/s11205-009-9572-0,10.1007/s11205-009-9572-0,2010,Penetration and Growth Rates of Mobile Phones in Developing Countries: An Analytical Classification,Social Indicators Research,journal-article,,yes,CTX,diffusion/model/adoption context,https://link.springer.com/content/pdf/10.1007/s11205-009-9572-0.pdf,https://link.springer.com/content/pdf/10.1007/s11205-009-9572-0.pdf,0,
1412,doi:10.1080/01436590903134882,10.1080/01436590903134882,2009,"Mobile Phones and Financial Services in Developing Countries: a review of concepts, methods, issues, evidence and future research directions",Third World Quarterly,journal-article,,yes,REV,review: use for backward citation search,https://doi.org/10.1080/01436590903134882,,0,
1419,doi:10.1177/0266666917744006,10.1177/0266666917744006,2017,"Mobile banking usage, quality of growth, inequality and poverty in developing countries",Information Development,journal-article,,yes,INC,,https://doi.org/10.1177/0266666917744006,,7.0,A
1426,doi:10.5202/rei.v3i2.75,10.5202/rei.v3i2.75,2012,"Mobile Phones, Financial Inclusion, and Growth",Review of Economics and Institutions,journal-article,,yes,INC,,https://doi.org/10.5202/rei.v3i2.75,,0.0,B
1427,doi:10.1080/23322039.2019.1622180,10.1080/23322039.2019.1622180,2019,"Do mobile phones, economic growth, bank competition and stability matter for financial inclusion in Africa?",Cogent Economics &amp; Finance,journal-article,,yes,INC,,https://www.tandfonline.com/doi/epdf/10.1080/23322039.2019.1622180?needAccess=true&role=button,https://www.tandfonline.com/doi/epdf/10.1080/23322039.2019.1622180?needAccess=true&role=button,1.0,B
1428,doi:10.3846/tede.2021.14508,10.3846/tede.2021.14508,2021,IMPACT OF MOBILE PHONES AND INTERNET USE ON FINANCIAL INCLUSION: EMPIRICAL EVIDENCE FROM THE EU POST-COMMUNIST COUNTRIES,Technological and Economic Development of Economy,journal-article,,yes,INC,,https://doi.org/10.3846/tede.2021.14508,,2.0,B
1436,doi:10.1108/jfrc-01-2023-0003,10.1108/jfrc-01-2023-0003,2023,"Telecommunications regulation, mobile money innovations and financial inclusion",Journal of Financial Regulation and Compliance,journal-article,,yes,INC,,https://doi.org/10.1108/jfrc-01-2023-0003,,5.0,B
1438,doi:10.5296/ber.v11i4.19064,10.5296/ber.v11i4.19064,2021,Impact of Economic Integration and Information and Communication Technology on Economic Growth for European Union: Dynamic Panel GMM Approach,Business and Economic Research,journal-article,,yes,INC,,https://doi.org/10.5296/ber.v11i4.19064,,0.0,B
1442,doi:10.1080/02681102.2014.948372,10.1080/02681102.2014.948372,2014,The Impact of Information and Communication Technology Adoption and Diffusion on Technology Entrepreneurship in Developing Countries: The Case of Kenya,Information Technology for Development,journal-article,,yes,EXC,E2/E3 exposure or outcome not eligible,https://doi.org/10.1080/02681102.2014.948372,,0,
1443,doi:10.1080/02681102.2019.1678455,10.1080/02681102.2019.1678455,2019,Health outcome and expenditure in low-income countries: does increasing diffusion of information and communication technology matter?,Information Technology for Development,journal-article,,yes,INC,,https://doi.org/10.1080/02681102.2019.1678455,,5.0,B
1444,doi:10.3390/economies7010021,10.3390/economies7010021,2019,Impact of Information and Communication Technology on Economic Growth: Evidence from Developing Countries,Economies,journal-article,,yes,INC,,https://doi.org/10.3390/economies7010021,,3.0,B
1445,doi:10.17485/ijst/v13i39.797,10.17485/ijst/v13i39.797,2020,Determinants of information and communication technology (ICT) adoption in developing countries,Indian Journal of Science and Technology,journal-article,,yes,CTX,diffusion/model/adoption context,https://doi.org/10.17485/ijst/v13i39.797,,0,
1446,doi:10.1353/ctt.2003.0009,10.1353/ctt.2003.0009,2003,"Information and Communication Technologies and the Global Digital Divide: Technology Transfer, Development, and Least Developing Countries",Comparative Technology Transfer and Society,journal-article,,yes,CTX,diffusion/model/adoption context,https://doi.org/10.1353/ctt.2003.0009,,0,
1448,doi:10.55493/5002.v13i9.4824,10.55493/5002.v13i9.4824,2023,The effect of information and communication technology on economic growth high-income countries,Asian Economic and Financial Review,journal-article,,yes,INC,,https://doi.org/10.55493/5002.v13i9.4824,,3.0,B
1449,doi:10.54241/2065-000-001-007,10.54241/2065-000-001-007,2018,"The Effect Of Foreign Direct Investment In Information And Communication Technology In Developing Countries:, The Case Of Sultanate Of Oman",المجلة الدولية للأداء الاقتصادي,journal-article,,yes,EXC,E2/E3 exposure or outcome not eligible,https://doi.org/10.54241/2065-000-001-007,,0,
1458,doi:10.1080/02681102.2025.2502406,10.1080/02681102.2025.2502406,2025,Information and communication technologies and the COVID-19: from economic inequality to educational digital divide in central and South America,Information Technology for Development,journal-article,,yes,EXC,E2/E3 exposure or outcome not eligible,https://doi.org/10.1080/02681102.2025.2502406,https://doi.org/10.1080/02681102.2025.2502406,0,
1459,doi:10.1080/1369118x.2022.2085612,10.1080/1369118x.2022.2085612,2022,Towards conceptualization and quantification of the digital divide,"Information, Communication &amp; Society",journal-article,,yes,CTX,diffusion/model/adoption context,https://doi.org/10.1080/1369118x.2022.2085612,,0,
1469,doi:10.1002/sd.71201,10.1002/sd.71201,2026,Reducing Gender Inequality in Education in Developing Countries: Do Information and Communication Technologies Matter?,Sustainable Development,journal-article,,yes,INC,,https://doi.org/10.1002/sd.71201,,7.0,A
1470,doi:10.1002/sd.3077,10.1002/sd.3077,2024,"Information communication technology, globalization, and energy poverty: Prospects for sustainable development in the N‐11 countries",Sustainable Development,journal-article,,yes,F6,"environmental outcome only, low priority; full text only if income-group comparison",https://doi.org/10.1002/sd.3077,,0,
1471,doi:10.1080/1369118x.2018.1563206,10.1080/1369118x.2018.1563206,2019,Gender inequality in mobile technology access: the role of economic and social development,"Information, Communication &amp; Society",journal-article,,yes,CTX,diffusion/model/adoption context,https://doi.org/10.1080/1369118x.2018.1563206,,0,
1476,doi:10.1080/02681102.2023.2233463,10.1080/02681102.2023.2233463,2023,"Investigating the direct and indirect effects of Information and Communication Technology on economic growth in the emerging economies: role of financial development, foreign direct investment, innovation, and institutional quality",Information Technology for Development,journal-article,,yes,INC,,https://doi.org/10.1080/02681102.2023.2233463,,3.0,B
1481,doi:10.1080/1369118x.2025.2592771,10.1080/1369118x.2025.2592771,2025,Who is concerned about digitalization? The role of digital literacy and exposure across 30 countries,"Information, Communication &amp; Society",journal-article,,yes,EXC,E2/E3 exposure or outcome not eligible,https://www.tandfonline.com/doi/pdf/10.1080/1369118X.2025.2592771?needAccess=true,https://www.tandfonline.com/doi/pdf/10.1080/1369118X.2025.2592771?needAccess=true,0,
1485,doi:10.47065/jbe.v3i3.2258,10.47065/jbe.v3i3.2258,2022,Role of Information Communication Technology in Accelerating the Sustainable Development Goals in Financial Inclusion,Journal of Business and Economics Research (JBE),journal-article,,yes,INC,,https://doi.org/10.47065/jbe.v3i3.2258,,5.0,B
1486,doi:10.1080/1097198x.2026.2690892,10.1080/1097198x.2026.2690892,2026,Information and communication technologies and economic growth in West African economic and Monetary Union countries (WAEMU): The role of financial inclusion,Journal of Global Information Technology Management,journal-article,,yes,INC,,https://doi.org/10.1080/1097198x.2026.2690892,,1.0,B
1492,doi:10.63665/ijemi.v01i01.01,10.63665/ijemi.v01i01.01,2025,Digital Financial Inclusion and Economic Growth: A Cross Country Analysis of Emerging Markets,International Journal of Economics and Management Intellectuals,journal-article,,yes,INC,,https://doi.org/10.63665/ijemi.v01i01.01,,4.0,B
1493,doi:10.1016/j.procs.2021.04.054,10.1016/j.procs.2021.04.054,2021,Digital Financial Inclusion and Economic Growth: A Cross-country Study,Procedia Computer Science,journal-article,,yes,INC,,https://www.sciencedirect.com/science/article/pii/S1877050921008462/pdf,https://www.sciencedirect.com/science/article/pii/S1877050921008462/pdf,1.0,B
1494,doi:10.1556/032.2025.00183,10.1556/032.2025.00183,2026,Digital transformation and income disparities: A threshold analysis in developing countries,Acta Oeconomica,journal-article,,yes,INC,,https://doi.org/10.1556/032.2025.00183,,8.0,A
1495,doi:10.64910/journaljoae.v1i1.1,10.64910/journaljoae.v1i1.1,2025,Modelling the Effect of Digital Financial Inclusion on Income Inequality in Developing Countries,Journal of Applied Econometric,journal-article,,yes,INC,,https://doi.org/10.64910/journaljoae.v1i1.1,,5.0,B
1497,doi:10.54097/hbem.v21i.14488,10.54097/hbem.v21i.14488,2023,Digital Inclusive Finance Helps Developing Countries Narrow the Urban-rural Income Gap Analysis——Taking China as an Example,"Highlights in Business, Economics and Management",journal-article,,yes,INC,,https://doi.org/10.54097/hbem.v21i.14488,,3.0,B
1499,doi:10.1108/jeas-11-2025-0806,10.1108/jeas-11-2025-0806,2026,Digital technology and macroeconomic performance in developing Asian countries,Journal of Economic and Administrative Sciences,journal-article,,yes,INC,,https://doi.org/10.1108/jeas-11-2025-0806,,5.0,B
1503,doi:10.1007/s43621-026-02982-8,10.1007/s43621-026-02982-8,2026,"Assessing the impact of digital finance on inequality, poverty and carbon emissions in developing Asian countries using structural equation model",Discover Sustainability,journal-article,,yes,INC,,https://doi.org/10.1007/s43621-026-02982-8,https://doi.org/10.1007/s43621-026-02982-8,5.0,B
1507,doi:10.38124/ijsrmt.v4i11.951,10.38124/ijsrmt.v4i11.951,2025,The Role of Artificial Intelligence in Accelerating Digital Transformation Across Emerging African Economies,International Journal of Scientific Research and Modern Technology,journal-article,,yes,EXC,E2 not eligible on abstract (not individually coded),https://doi.org/10.38124/ijsrmt.v4i11.951,,0,
1508,doi:10.58451/ijebss.v3i8.291,10.58451/ijebss.v3i8.291,2025,"Digital Infrastructure, Innovation, And Productivity Dynamics In Emerging Economies Evidence From Synthetic Multi-Country Enterprise Data (2010- 2022)",International Journal of Engineering Business and Social Science,journal-article,,yes,EXC,E2/E3 synthetic data or exposure/outcome not eligible,https://doi.org/10.58451/ijebss.v3i8.291,,0,
1519,doi:10.1016/j.procs.2022.12.263,10.1016/j.procs.2022.12.263,2023,The Impact of Digital Financial Technology on Accelerating Financial Inclusion in Developing Economies,Procedia Computer Science,journal-article,,yes,INC,,https://doi.org/10.1016/j.procs.2022.12.263,https://doi.org/10.1016/j.procs.2022.12.263,7.0,A
1525,doi:10.21275/sr26614115643,10.21275/sr26614115643,2026,Analyzing the Impact of Artificial Intelligence Adoption on Economic Inequality: A Cross-Country Data-Driven Study,International Journal of Science and Research (IJSR),journal-article,,yes,INC,,https://www.ijsr.net/archive/v15i6/SR26614115643.pdf,https://www.ijsr.net/archive/v15i6/SR26614115643.pdf,10.0,A
1526,doi:10.3389/frai.2022.832736,10.3389/frai.2022.832736,2022,Artificial Intelligence and Employment: New Cross-Country Evidence,Frontiers in Artificial Intelligence,journal-article,,yes,INC,,https://doi.org/10.3389/frai.2022.832736,,3.0,B
1529,doi:10.1109/mitp.2019.2951851,10.1109/mitp.2019.2951851,2020,Artificial Intelligence in Developing Countries,IT Professional,journal-article,,yes,REV,review/essay: use for backward citation search,http://libres.uncg.edu/ir/uncg/f/N_Kshetri_Artificial_2020.pdf,http://libres.uncg.edu/ir/uncg/f/N_Kshetri_Artificial_2020.pdf,0,
1533,doi:10.1057/s41599-024-03947-w,10.1057/s41599-024-03947-w,2024,Artificial intelligence for low income countries,Humanities and Social Sciences Communications,journal-article,,yes,EXC,"E1/E4 single country, conceptual or theory",https://doi.org/10.1057/s41599-024-03947-w,,0,
1537,doi:10.1109/mitp.2020.2967905,10.1109/mitp.2020.2967905,2021,Data Labeling for the Artificial Intelligence Industry: Economic Impacts in Developing Countries,IT Professional,journal-article,,yes,EXC,"E1/E4 single country, conceptual or theory",https://doi.org/10.1109/mitp.2020.2967905,,0,
1544,doi:10.35175/krs.2020.21.1.59,10.35175/krs.2020.21.1.59,2020,Digital Divide in the Age of Artificial Intelligence,Korean Association of Regional Sociology,journal-article,,yes,EXC,E2 not eligible on abstract (not individually coded),https://doi.org/10.35175/krs.2020.21.1.59,,0,
1546,doi:10.51799/2763-8685v6n1013,10.51799/2763-8685v6n1013,2026,"ARTIFICIAL INTELLIGENCE, THE DIGITAL DIVIDE, AND THE CHALLENGES FACING LATIN AMERICA IN THE NEW GLOBAL ECONOMY",Latin American Journal of European Studies,journal-article,,yes,EXC,"E1/E4 single country, conceptual or theory",https://doi.org/10.51799/2763-8685v6n1013,,0,
1549,doi:10.1177/0958305x251375955,10.1177/0958305x251375955,2025,How artificial intelligence adoption influence energy poverty? Fresh insights for energy-deficient OECD countries,Energy &amp; Environment,journal-article,,yes,INC,,https://doi.org/10.1177/0958305x251375955,,4.0,B
1550,doi:10.1007/s00146-025-02213-0,10.1007/s00146-025-02213-0,2025,Artificial intelligence (AI)-poverty-economic growth nexus in selected BRICS-Plus countries: does the moderating role of governance matter?,AI &amp; SOCIETY,journal-article,,yes,EXC,E1 single or fewer than 10 economies,https://doi.org/10.1007/s00146-025-02213-0,,0,
1551,doi:10.64211/oidaijsd190824,10.64211/oidaijsd190824,2026,"Artificial Intelligence and Poverty Reduction: How AI Applications and Digital Solutions Can Help, particularly in Developing Countries",OIDA International Journal of Sustainable Development,journal-article,,yes,INC,,https://doi.org/10.64211/oidaijsd190824,,7.0,A
1556,doi:10.69725/jebi.v2i1.263,10.69725/jebi.v2i1.263,2025,Artificial Intelligence Adoption and Productivity in Emerging Markets: Firm Level Evidence,Journal Economic Business Innovation,journal-article,,yes,INC,,https://doi.org/10.69725/jebi.v2i1.263,,7.0,A
1557,doi:10.64751/w5e2h140,10.64751/w5e2h140,2026,IMPACT OF ARTIFICIAL INTELLIGENCE ON ECONOMIC GROWTH: EVIDENCE FROM EMERGING ECONOMIES,International Journal of Economic Social Science and Management LAW,journal-article,,yes,INC,,https://doi.org/10.64751/w5e2h140,,7.0,A
1560,doi:10.3390/su13115788,10.3390/su13115788,2021,"Artificial Intelligence in the Industry 4.0, and Its Impact on Poverty, Innovation, Infrastructure Development, and the Sustainable Development Goals: Lessons from Emerging Economies?",Sustainability,journal-article,,yes,EXC,"E1/E4 single country, conceptual or theory",https://doi.org/10.3390/su13115788,,0,
1561,doi:10.30546/09090.2026.001.20.2032,10.30546/09090.2026.001.20.2032,2026,Artificial Intelligence Adoption Across Countries: Evidence from Macroeconomic Clustering Techniques,Journal of Baku Engineering University Mathematics and Computer Science,journal-article,,yes,CTX,diffusion/model/adoption context,https://doi.org/10.30546/09090.2026.001.20.2032,https://doi.org/10.30546/09090.2026.001.20.2032,0,
1564,doi:10.30784/epfad.1621455,10.30784/epfad.1621455,2025,The Impact of Artificial Intelligence on Employment: A Panel Data Analysis for Selected Countries,Ekonomi Politika ve Finans Arastirmalari Dergisi,journal-article,,yes,INC,,https://doi.org/10.30784/epfad.1621455,,5.0,B
1567,doi:10.70175/hclreview.2020.32.3.4,10.70175/hclreview.2020.32.3.4,2026,Artificial Intelligence and the Return of Foundational Skills: Why Human Capital Determines AI Impact,Human Capital Leadership Review,journal-article,,yes,CTX,diffusion/model/adoption context,https://doi.org/10.70175/hclreview.2020.32.3.4,,0,
1580,doi:10.1186/s40008-023-00307-w,10.1186/s40008-023-00307-w,2023,Implications of AI innovation on economic growth: a panel data study,Journal of Economic Structures,journal-article,,yes,INC,,https://doi.org/10.1186/s40008-023-00307-w,,2.0,B
1583,doi:10.1111/1758-5899.70219,10.1111/1758-5899.70219,2026,Avoiding a Generative‐ AI Divide: Global Interdependencies and Governance Challenges for Labor Markets in Developing Countries,Global Policy,journal-article,,yes,REV,review/essay: use for backward citation search,https://doi.org/10.1111/1758-5899.70219,,0,
1589,doi:10.1016/j.digbus.2025.100136,10.1016/j.digbus.2025.100136,2025,Beyond the AI divide: A straightforward approach to identifying global and local overperformers in AI preparedness,Digital Business,journal-article,,yes,CTX,diffusion/model/adoption context,https://doi.org/10.1016/j.digbus.2025.100136,https://doi.org/10.1016/j.digbus.2025.100136,0,
1593,doi:10.5840/protosociology20234018,10.5840/protosociology20234018,2023,Navigating the Double Divide: Generative AI and the Dynamics of Inequality in Latin America,ProtoSociology,journal-article,,yes,EXC,"E1/E4 single country, conceptual or theory",https://doi.org/10.5840/protosociology20234018,,0,
1594,doi:10.21428/e4baedd9.777b7123,10.21428/e4baedd9.777b7123,2024,Generative AI and the Future of Inequality,An MIT Exploration of Generative AI,journal-article,,yes,EXC,"E1/E4 single country, conceptual or theory",https://mit-genai.pubpub.org/pub/24gsgdjx/download/pdf,https://mit-genai.pubpub.org/pub/24gsgdjx/download/pdf,0,
1595,doi:10.65655/36x7jz74,10.65655/36x7jz74,2025,"Generative AI, productivity, and inequality in the Global South","Open Journal of AI, Ethics &amp; Society (ISSN: 3105-3076)",journal-article,,yes,REV,review/essay: use for backward citation search,https://doi.org/10.65655/36x7jz74,,0,
1596,doi:10.64060/ijpssdv2i12,10.64060/ijpssdv2i12,2026,Impact of Generative AI Adoption on Micro and Small Enterprises in Emerging Economies,International Journal of Progress in Social Sciences Development,journal-article,,yes,INC,,https://doi.org/10.64060/ijpssdv2i12,,5.0,B
1599,doi:10.21428/e4baedd9.3ad85f1c,10.21428/e4baedd9.3ad85f1c,2024,The Productivity Effects of Generative AI: Evidence from a Field Experiment with GitHub Copilot,An MIT Exploration of Generative AI,journal-article,,yes,SUP,"field experiment or firm-level AI study: supplementary micro evidence, not synthesised",https://mit-genai.pubpub.org/pub/v5iixksv/download/pdf,https://mit-genai.pubpub.org/pub/v5iixksv/download/pdf,0,
1645,doi:10.71086/iajir/v12i4/iajir1244,10.71086/iajir/v12i4/iajir1244,2025,Cryptocurrency Adoption Patterns and Financial Inclusion Outcomes in Emerging Market Economies,International Academic Journal of Innovative Research,journal-article,,yes,INC,,https://doi.org/10.71086/iajir/v12i4/iajir1244,,3.0,B
1646,doi:10.35945/gb.2026.21.009,10.35945/gb.2026.21.009,2026,FinTech Leapfrogging: A Comparative Analysis of Digital Payments and Cryptocurrency Adoption in Emerging and Developed Economies,Globalization and Business,journal-article,,yes,INC,,https://doi.org/10.35945/gb.2026.21.009,,5.0,B
1652,doi:10.32609/j.ruje.11.164511,10.32609/j.ruje.11.164511,2025,Crypto-driven growth: A comparative study of Bitcoin and Ethereum on economic growth for multi-country analysis,Russian Journal of Economics,journal-article,,yes,INC,,https://doi.org/10.32609/j.ruje.11.164511,,1.0,B
1657,doi:10.21511/imfi.19(1).2022.13,10.21511/imfi.19(1).2022.13,2022,What do cross-country Bitcoin holdings tell us? Monetary and institutional discontent vs financial development,Investment Management and Financial Innovations,journal-article,,yes,CTX,diffusion/model/adoption context,https://doi.org/10.21511/imfi.19(1).2022.13,,0,
1658,doi:10.1002/itdj.1590100303,10.1002/itdj.1590100303,2003,An analysis of the determinants and effects of ICT diffusion in developing countries,Information Technology for Development,journal-article,,yes,INC,,https://autopapers.ssrn.com/sol3/papers.cfm?abstract_id=1443167,https://autopapers.ssrn.com/sol3/papers.cfm?abstract_id=1443167,3.0,B
1660,doi:10.2478/ers-2026-0004,10.2478/ers-2026-0004,2026,Bridging the Digital Divide: Determinants of Information and Communication Technology (ICT) Diffusion in Sub-Saharan African (SSA) Economies,Economic and Regional Studies / Studia Ekonomiczne i Regionalne,journal-article,,yes,CTX,diffusion/model/adoption context,https://doi.org/10.2478/ers-2026-0004,,0,
1663,doi:10.4018/ijtd.2014010103,10.4018/ijtd.2014010103,2014,Investigation of Determinants of Total Factor Productivity,International Journal of Technology Diffusion,journal-article,,yes,INC,,https://doi.org/10.4018/ijtd.2014010103,,0.0,B
1666,doi:10.4018/ijtd.2017040104,10.4018/ijtd.2017040104,2017,Technology Diffusion Determines Productivity Distribution and Aggregate Growth,International Journal of Technology Diffusion,journal-article,,yes,EXC,"E1/E4 single country, conceptual or theory",https://doi.org/10.4018/ijtd.2017040104,,0,
1668,doi:10.4018/ijtd.2017100106,10.4018/ijtd.2017100106,2017,Mobile Money Services as a Panacea to Financial Inclusion in Sub-Saharan Africa,International Journal of Technology Diffusion,journal-article,,yes,INC,,https://doi.org/10.4018/ijtd.2017100106,,2.0,B
1669,doi:10.9734/jemt/2020/v26i1130323,10.9734/jemt/2020/v26i1130323,2020,Does ICT Diffusion Improve Financial Inclusion in Africa?,"Journal of Economics, Management and Trade",journal-article,,yes,INC,,https://doi.org/10.9734/jemt/2020/v26i1130323,,0.0,B
1670,doi:10.32479/ijefi.8256,10.32479/ijefi.8256,2019,"FINANCIAL INCLUSION, MOBILE PHONE DIFFUSION, AND ECONOMIC GROWTH; EVIDENCE FROM AFRICA",International Journal of Economics and Financial Issues,journal-article,,yes,INC,,https://www.econjournals.com/index.php/ijefi/article/download/8256/pdf,https://www.econjournals.com/index.php/ijefi/article/download/8256/pdf,1.0,B
1674,doi:10.47992/ijmts.2581.6012.0043,10.47992/ijmts.2581.6012.0043,2018,Study of Various General-Purpose Technologies and Their Comparison Towards Developing Sustainable Society,"International Journal of Management, Technology, and Social Sciences",journal-article,,yes,EXC,"E1/E4 single country, conceptual or theory",https://doi.org/10.47992/ijmts.2581.6012.0043,,0,
1675,doi:10.3390/economies14070239,10.3390/economies14070239,2026,The Impact of Artificial Intelligence as a General-Purpose Technology on Economic Growth and Structural Transformation: An Innovation Ecosystem Perspective,Economies,journal-article,,yes,REV,review/essay: use for backward citation search,https://doi.org/10.3390/economies14070239,,0,
1676,doi:10.1093/icc/dtp042,10.1093/icc/dtp042,2009,Broadband adoption and firm productivity: evaluating the benefits of general purpose technology,Industrial and Corporate Change,journal-article,,yes,EXC,"E1/E4 single country, conceptual or theory",https://doi.org/10.1093/icc/dtp042,,0,
1678,nber:w10686,,2004,The Determinants of the Global Digital Divide: A Cross-Country Analysis of Computer and Internet Penetration,NBER Working Paper,working-paper,,yes,CTX,diffusion/model/adoption context,,,0,
1679,nber:w30741,,2022,The Employment Effects of Mobile Internet in Developing Countries,NBER Working Paper,working-paper,,yes,INC,,,,3.0,B
1681,nber:w23582,,2017,The Arrival of Fast Internet and Employment in Africa,NBER Working Paper,working-paper,,yes,INC,,,,1.0,B
1682,nber:w20826,,2015,The Skill Complementarity of Broadband Internet,NBER Working Paper,working-paper,,yes,EXC,"E1/E4 single country, conceptual or theory",,,0,
1683,nber:w14750,,2009,The Internet and Local Wages: Convergence or Divergence?,NBER Working Paper,working-paper,,yes,EXC,"E1/E4 single country, conceptual or theory",,,0,
1687,nber:w16378,,2010,Technology Diffusion and Postwar Growth,NBER Working Paper,working-paper,,yes,INC,,,,0.0,B
1688,nber:w28453,,2021,"Artificial Intelligence, Globalization, and Strategies for Economic Development",NBER Working Paper,working-paper,,yes,EXC,"E1/E4 single country, conceptual or theory",,,0,
1690,nber:w34851,,2026,Does Generative AI Narrow Education-Based Productivity Gaps? Evidence from a Randomized Experiment,NBER Working Paper,working-paper,,yes,SUP,"field experiment or firm-level AI study: supplementary micro evidence, not synthesised",,,0,
1695,nber:w16379,,2010,An Intensive Exploration of Technology Diffusion,NBER Working Paper,working-paper,,yes,INC,,,,0.0,B
1696,nber:w27466,,2020,Technology Diffusion,NBER Working Paper,working-paper,,yes,REV,review/essay: use for backward citation search,,,0,
1698,nber:w12314,,2006,An Exploration of Technology Diffusion,NBER Working Paper,working-paper,,yes,CTX,diffusion/model/adoption context,,,0,
1699,nber:w19657,,2013,Heterogeneous Technology Diffusion and Ricardian Trade Patterns,NBER Working Paper,working-paper,,yes,EXC,E2/E3 synthetic data or exposure/outcome not eligible,,,0,
1705,oa:W2805771802,10.1007/s11356-018-2379-2,2018,The effect of ICT on CO2 emissions in emerging economies: does the level of income matters?,Environmental Science and Pollution Research,article,391,no,F6,"environmental outcome only, low priority",https://doi.org/10.1007/s11356-018-2379-2,,0,
1706,oa:W2774412335,10.1016/j.tele.2017.12.006,2017,"The dynamics of ICT, foreign direct investment, globalization and economic growth: Panel estimation robust to heterogeneity and cross-sectional dependence",Telematics and Informatics,article,390,no,INC,"abstract missing: assessed on title only, needs full text",https://doi.org/10.1016/j.tele.2017.12.006,,4.592176757395867,B
1712,oa:W2999916850,10.1007/s11356-019-07582-w,2020,Does ICT lessen CO2 emissions for fast-emerging economies? An application of the heterogeneous panel estimations,Environmental Science and Pollution Research,article,150,no,F6,"environmental outcome only, low priority",https://doi.org/10.1007/s11356-019-07582-w,,0,
1713,oa:W2046678784,10.1016/j.telpol.2011.12.012,2012,ICT capital and labour productivity growth: A non-parametric analysis of 14 OECD countries,Telecommunications Policy,article,138,no,INC,"abstract missing: assessed on title only, needs full text",https://doi.org/10.1016/j.telpol.2011.12.012,,2.143014800254095,B
1715,oa:W1989055926,10.1007/s10368-004-0012-y,2004,"Productivity, innovation and ICT in Old and New Europe",International Economics and Economic Policy,article,134,no,INC,"abstract missing: assessed on title only, needs full text",https://research.rug.nl/en/publications/6999fe67-c9cd-489d-9299-ae6b81338ee9,https://research.rug.nl/en/publications/6999fe67-c9cd-489d-9299-ae6b81338ee9,2.130333768495006,B
1716,oa:W2088933783,10.1016/s0308-5961(02)00061-7,2002,Can information and communication technologies be pro-poor?,Telecommunications Policy,article,127,no,INC,"abstract missing: assessed on title only, needs full text",https://doi.org/10.1016/s0308-5961(02)00061-7,,2.1072099696478683,B
1719,oa:W3084722361,10.1016/j.telpol.2020.102041,2020,"Effects of the internet, mobile, and land phones on income inequality and The Kuznets curve: Cross country analysis",Telecommunications Policy,article,116,no,INC,"abstract missing: assessed on title only, needs full text",https://doi.org/10.1016/j.telpol.2020.102041,,5.068185861746162,A
1720,oa:W1998145989,10.1016/j.jpolmod.2007.06.016,2007,"Internet, inequality and growth",Journal of Policy Modeling,article,111,no,INC,"abstract missing: assessed on title only, needs full text",https://doi.org/10.1016/j.jpolmod.2007.06.016,,4.049218022670182,B
1722,oa:W2298277597,10.1016/j.telpol.2016.02.002,2016,"Information and communication technologies and their impact in the economic growth of Latin America, 1990–2013",Telecommunications Policy,article,106,no,INC,"abstract missing: assessed on title only, needs full text",https://doi.org/10.1016/j.telpol.2016.02.002,,2.0293837776852097,B
1730,oa:W7108748667,10.1016/j.rser.2025.116574,2025,Artificial intelligence and sustainable development: A global nonlinear analysis of the moderating roles of human capital and renewable energy,Renewable and Sustainable Energy Reviews,article,80,no,INC,"abstract missing: assessed on title only, needs full text",https://doi.org/10.1016/j.rser.2025.116574,,5.9084850188786495,A
1733,oa:W4388750963,10.1016/j.techfore.2023.122987,2023,Effect of Digital Silk Road and innovation heterogeneity on digital economy growth across 29 countries: New evidence from PSM-DID,Technological Forecasting and Social Change,article,75,no,EXC,E2/E4 or duplicate,https://doi.org/10.1016/j.techfore.2023.122987,,0,
1734,oa:W2089619254,10.1007/s13132-012-0096-5,2012,The Impact of ICT on East Asian Economic Growth: Panel Estimation Approach,Journal of the Knowledge Economy,article,75,no,INC,"abstract missing: assessed on title only, needs full text",https://doi.org/10.1007/s13132-012-0096-5,,1.8808135922807914,B
1741,oa:W4311143480,10.1016/j.resourpol.2022.103123,2022,Information and communication technologies development and the resource curse,Resources Policy,article,58,no,EXC,E2/E4 or duplicate,https://doi.org/10.1016/j.resourpol.2022.103123,,0,
1743,oa:W4386636261,10.1016/j.techsoc.2023.102367,2023,Advancing digital economy in Africa: The role of critical enablers,Technology in Society,article,55,no,CTX,diffusion/model/adoption context,https://doi.org/10.1016/j.techsoc.2023.102367,,0,
1749,oa:W4391932622,10.1007/s00181-024-02563-6,2024,The impact of digital economy on income inequality from the perspective of technological progress-biased transformation: evidence from China,Empirical Economics,article,48,no,INC,"abstract missing: assessed on title only, needs full text",https://doi.org/10.1007/s00181-024-02563-6,,3.690196080028514,B
1751,oa:W2775734636,10.2139/ssrn.3079844,2017,Raising European Productivity Growth Through ICT,SSRN Electronic Journal,preprint,46,no,INC,"abstract missing: assessed on title only, needs full text",https://doi.org/10.2139/ssrn.3079844,https://doi.org/10.2139/ssrn.3079844,1.6720978579357175,B
1759,oa:W2940128307,10.1016/j.labeco.2022.102151,2022,ICT capital–skill complementarity and wage inequality: Evidence from OECD countries,Labour Economics,article,39,no,INC,"abstract missing: assessed on title only, needs full text",https://arxiv.org/pdf/1904.09857,https://arxiv.org/pdf/1904.09857,5.6020599913279625,A
1764,oa:W3121073975,10.1016/j.telpol.2020.102085,2021,Measuring ICT externalities and their contribution to productivity: A bilateral trade based approach,Telecommunications Policy,article,35,no,INC,"abstract missing: assessed on title only, needs full text",https://doi.org/10.1016/j.telpol.2020.102085,,1.5563025007672873,B
1765,oa:W2336777832,10.1007/s11698-016-0149-2,2016,The role of production factor quality and technology diffusion in twentieth-century productivity growth,Cliometrica,article,34,no,INC,"abstract missing: assessed on title only, needs full text",https://doi.org/10.1007/s11698-016-0149-2,,1.5440680443502757,B
1767,oa:W4321381900,10.1016/j.resourpol.2023.103400,2023,Natural resources and human development: Role of ICT in testing the resource-curse hypothesis in N11 and BRICS countries,Resources Policy,article,31,no,EXC,E2/E4 or duplicate,https://doi.org/10.1016/j.resourpol.2023.103400,,0,
1772,oa:W4401679107,10.1016/j.jclepro.2024.143437,2024,Does income inequality undermine the carbon abatement benefits of artificial intelligence?,Journal of Cleaner Production,article,24,no,F6,"environmental outcome only, low priority",https://doi.org/10.1016/j.jclepro.2024.143437,,0,
1773,oa:W2171785050,10.2139/ssrn.510082,2004,Does ICT Investment Matter for Growth and Labor Productivity in Transition Economies?,SSRN Electronic Journal,preprint,24,no,INC,"abstract missing: assessed on title only, needs full text",https://doi.org/10.2139/ssrn.510082,https://doi.org/10.2139/ssrn.510082,1.3979400086720377,B
1785,oa:W4405920056,10.1007/s11205-024-03493-7,2024,Income Inequality and Artificial Intelligence: Globalization and age dependency for developed countries,Social Indicators Research,article,15,no,INC,"abstract missing: assessed on title only, needs full text",https://doi.org/10.1007/s11205-024-03493-7,,5.204119982655925,A
1792,oa:W3123437509,10.2139/ssrn.2759837,2016,The Role of Production Factor Quality and Technology Diffusion in 20th Century Productivity Growth,SSRN Electronic Journal,preprint,13,no,DUP,duplicate of idx 1765,https://doi.org/10.2139/ssrn.2759837,https://doi.org/10.2139/ssrn.2759837,0,
1797,oa:W2527842209,10.1016/j.euroecorev.2017.04.005,2017,Volatility and slow technology diffusion,European Economic Review,article,11,no,CTX,diffusion/model/adoption context,https://doi.org/10.1016/j.euroecorev.2017.04.005,,0,
1798,oa:W4313653347,10.2139/ssrn.4315622,2022,The role of governance in the effect of the internet on financial inclusion in sub-Saharan Africa,SSRN Electronic Journal,preprint,10,no,INC,"abstract missing: assessed on title only, needs full text",https://doi.org/10.2139/ssrn.4315622,https://doi.org/10.2139/ssrn.4315622,1.041392685158225,B
1806,oa:W4392488894,10.2139/ssrn.4745624,2024,The Heterogeneous Productivity Effects of Generative AI *,SSRN Electronic Journal,preprint,7,no,SUP,"field experiment or firm-level AI study: supplementary micro evidence, not synthesised",https://papers.ssrn.com/sol3/Delivery.cfm?abstractid=4745624,https://papers.ssrn.com/sol3/Delivery.cfm?abstractid=4745624,0,
1813,oa:W4367680144,10.1007/s13132-023-01209-9,2023,ICTs and Globalisation in the African Labour Market,Journal of the Knowledge Economy,article,7,no,INC,"abstract missing: assessed on title only, needs full text",https://doi.org/10.1007/s13132-023-01209-9,,0.9030899869919435,B
1816,oa:W4414397012,10.1016/j.jenvman.2025.127411,2025,From digital advancement to SDGs disruption: How artificial intelligence without inclusion threatens sustainable development in G7 economies,Journal of Environmental Management,article,6,no,EXC,E2/E4 or duplicate,https://doi.org/10.1016/j.jenvman.2025.127411,,0,
1819,oa:W4391777133,10.1007/s43546-024-00626-5,2024,ICT and declining labor productivity in OECD,SN Business & Economics,article,5,no,INC,"abstract missing: assessed on title only, needs full text",https://doi.org/10.1007/s43546-024-00626-5,,0.7781512503836436,B
1822,oa:W3163001405,10.2139/ssrn.3839661,2021,Mobile Technology Supply Factors and Mobile Money Innovation: Thresholds for Complementary Policies,SSRN Electronic Journal,preprint,4,no,INC,"abstract missing: assessed on title only, needs full text",https://doi.org/10.2139/ssrn.3839661,https://doi.org/10.2139/ssrn.3839661,2.6989700043360187,B
1830,oa:W4414001750,10.1016/j.asieco.2025.102033,2025,Mobile money and financial inclusion: International evidence from informal sector enterprises in Asia and Africa,Journal of Asian Economics,article,2,no,INC,"abstract missing: assessed on title only, needs full text",https://doi.org/10.1016/j.asieco.2025.102033,,2.4771212547196626,B
1841,oa:W4410155770,10.2139/ssrn.5233467,2025,The Skill Premium Across Countries in the Era of Industrial Robots and Generative AI,SSRN Electronic Journal,preprint,1,no,DUP,duplicate of idx 945,https://doi.org/10.2139/ssrn.5233467,https://doi.org/10.2139/ssrn.5233467,0,
1842,oa:W2950748384,10.2139/ssrn.2848159,2016,Volatility and Slow Technology Diffusion,SSRN Electronic Journal,preprint,1,no,DUP,duplicate of idx 1797,https://doi.org/10.2139/ssrn.2848159,https://doi.org/10.2139/ssrn.2848159,0,
1851,oa:W4408099856,10.2139/ssrn.5163063,2025,"AI Labor Markets: Tradability, Wage Inequality and Talent Development",SSRN Electronic Journal,preprint,1,no,INC,"abstract missing: assessed on title only, needs full text",https://doi.org/10.2139/ssrn.5163063,https://doi.org/10.2139/ssrn.5163063,4.301029995663981,B
1856,oa:W4411590460,10.2139/ssrn.5316529,2025,AI Capability and Labor Productivity in Low and Middle Income Countries: An Absorptive Capacity Approach,SSRN Electronic Journal,preprint,0,no,DUP,duplicate of idx 879,https://doi.org/10.2139/ssrn.5316529,https://doi.org/10.2139/ssrn.5316529,0,
1862,oa:W7204248883,10.2139/ssrn.7353819,2026,When Intelligence Itself Becomes Infrastructure: From the Great Divergence to the Age of Artificial Intelligence,SSRN Electronic Journal,preprint,0,no,EXC,E2/E4 or duplicate,https://doi.org/10.2139/ssrn.7353819,https://doi.org/10.2139/ssrn.7353819,0,
1863,oa:W7171679793,10.1007/s10663-026-09703-4,2026,The dual frontier: heterogeneous associations of Artificial Intelligence with sectoral growth and the moderating role of institutional quality,Empirica,article,0,no,INC,"abstract missing: assessed on title only, needs full text",https://doi.org/10.1007/s10663-026-09703-4,,4.0,B
1869,oa:W4415207152,10.1007/s12061-025-09741-8,2025,Inhibit or Promote: Assessing the Impact of Digital Economy on Poverty Reduction in the Belt and Road Initiative Countries,Applied Spatial Analysis and Policy,article,0,no,INC,"abstract missing: assessed on title only, needs full text",https://doi.org/10.1007/s12061-025-09741-8,,2.0,B
1881,oa:W7169656603,10.1016/j.worlddev.2026.107505,2026,Revolutionizing the underworld: Can the digital economy shrink the informal economy?,World Development,article,0,no,INC,"abstract missing: assessed on title only, needs full text",https://doi.org/10.1016/j.worlddev.2026.107505,,2.0,B
1882,oa:W4409156172,10.2139/ssrn.5176353,2025,Labour Market Outcomes of Artificial Intelligence: A Firm-level Comparative Study of Advanced and Emerging Market Economies Using Local Projections Approach,SSRN Electronic Journal,preprint,0,no,INC,"abstract missing: assessed on title only, needs full text",https://doi.org/10.2139/ssrn.5176353,https://doi.org/10.2139/ssrn.5176353,5.0,B
1890,oa:W7161947695,10.1007/s13132-026-03298-8,2026,Assessing the Nonlinear Effects of ICT on Economic Complexity : Evidence from Sub-Saharan Africa,Journal of the Knowledge Economy,article,0,no,INC,"abstract missing: assessed on title only, needs full text",https://doi.org/10.1007/s13132-026-03298-8,,2.0,B
1897,oa:W1600288906,10.2139/ssrn.2262378,2013,Asymmetric Internet Adoption and the Task-based Comparative Advantage between OECD Countries,SSRN Electronic Journal,preprint,0,no,INC,"abstract missing: assessed on title only, needs full text",https://doi.org/10.2139/ssrn.2262378,https://doi.org/10.2139/ssrn.2262378,0.0,B
1908,oa:W7166067619,10.1007/s13132-026-03360-5,2026,Reexamining Path to Prosperity for Developing Countries in the age of AI,Journal of the Knowledge Economy,article,0,no,INC,"abstract missing: assessed on title only, needs full text",https://doi.org/10.1007/s13132-026-03360-5,,5.0,B
1910,doi:10.1016/j.econlet.2018.08.034,10.1016/j.econlet.2018.08.034,2018,The effect of the Internet on economic growth: Counter-evidence from cross-country panel data,Economics Letters,journal-article,,no,INC,"abstract missing: assessed on title only, needs full text",http://hdl.handle.net/11250/2582645,http://hdl.handle.net/11250/2582645,1.0,B
1911,doi:10.1016/j.econlet.2009.03.028,10.1016/j.econlet.2009.03.028,2009,The effect of the Internet on economic growth: Evidence from cross-country panel data,Economics Letters,journal-article,,no,INC,"abstract missing: assessed on title only, needs full text",https://doi.org/10.1016/j.econlet.2009.03.028,,1.0,B
1923,doi:10.2139/ssrn.4305571,10.2139/ssrn.4305571,2022,"Changing Trade Pattern, ICT and Employment: Evidence across Countries",SSRN Electronic Journal,journal-article,,no,INC,"abstract missing: assessed on title only, needs full text",https://doi.org/10.2139/ssrn.4305571,https://doi.org/10.2139/ssrn.4305571,0.0,B
1939,doi:10.1016/j.telpol.2025.103073,10.1016/j.telpol.2025.103073,2025,Mobile phones and economic gender inequality: A panel study of 104 countries from 2014 to 2022,Telecommunications Policy,journal-article,,no,INC,"abstract missing: assessed on title only, needs full text",https://doi.org/10.1016/j.telpol.2025.103073,,3.0,B
1941,doi:10.1016/j.tele.2013.03.001,10.1016/j.tele.2013.03.001,2014,Relative and absolute components of leapfrogging in mobile phones by developing countries,Telematics and Informatics,journal-article,,no,CTX,diffusion/model/adoption context,https://doi.org/10.1016/j.tele.2013.03.001,,0,
1948,doi:10.2139/ssrn.2263800,10.2139/ssrn.2263800,2013,Mobile Leapfrogging and Digital Divide Policy: Assessing the Limitations of Mobile Internet Access,SSRN Electronic Journal,journal-article,,no,CTX,diffusion/model/adoption context,https://doi.org/10.2139/ssrn.2263800,https://doi.org/10.2139/ssrn.2263800,0,
1955,doi:10.1016/j.respol.2018.12.010,10.1016/j.respol.2018.12.010,2019,Mobile phones for financial inclusion: What explains the diffusion of mobile money innovations?,Research Policy,journal-article,,no,CTX,diffusion/model/adoption context,https://pure.eur.nl/en/publications/047f1755-7a74-4e18-94f4-493898bebf5e,https://pure.eur.nl/en/publications/047f1755-7a74-4e18-94f4-493898bebf5e,0,
1963,doi:10.1002/cca.2973,10.1002/cca.2973,2020,What are the effects of information and communication technology interventions in low-income countries?,Cochrane Clinical Answers,journal-article,,no,REV,review/essay: use for backward citation search,https://doi.org/10.1002/cca.2973,,0,
1967,doi:10.1016/s0167-6245(02)00093-8,10.1016/s0167-6245(02)00093-8,2003,The digital divide: understanding the economics of new information and communication technology in the global economy,Information Economics and Policy,journal-article,,no,REV,review/essay: use for backward citation search,https://doi.org/10.1016/s0167-6245(02)00093-8,,0,
1971,doi:10.1007/s11356-020-11630-1,10.1007/s11356-020-11630-1,2020,The effect of information and communication technologies and total factor productivity on CO2 emissions in top 10 emerging market economies,Environmental Science and Pollution Research,journal-article,,no,INC,"abstract missing: assessed on title only, needs full text",https://doi.org/10.1007/s11356-020-11630-1,,3.0,B
1978,doi:10.1016/j.techsoc.2024.102485,10.1016/j.techsoc.2024.102485,2024,Fintech dividend: How would digital financial services impact income inequality across countries?,Technology in Society,journal-article,,no,INC,"abstract missing: assessed on title only, needs full text",https://doi.org/10.1016/j.techsoc.2024.102485,,2.0,B
1981,doi:10.1007/s00181-019-01645-0,10.1007/s00181-019-01645-0,2019,"Technology diffusion, absorptive capacity, and income convergence for Asian developing countries: a dynamic spatial panel approach",Empirical Economics,journal-article,,no,INC,"abstract missing: assessed on title only, needs full text",https://doi.org/10.1007/s00181-019-01645-0,,7.0,A
1990,doi:10.21608/jsst.2026.483566.2261,10.21608/jsst.2026.483566.2261,2026,The impact of digital transformation on productivity and competitiveness in emerging economies: a systematic review and trend analysis,مجلة البحوث المالية والتجارية,journal-article,,no,INC,"abstract missing: assessed on title only, needs full text",https://doi.org/10.21608/jsst.2026.483566.2261,https://doi.org/10.21608/jsst.2026.483566.2261,3.0,B
1991,doi:10.1016/j.techsoc.2025.102834,10.1016/j.techsoc.2025.102834,2025,Digital transformation and socio-economic development in emerging economies: A multinational analysis,Technology in Society,journal-article,,no,INC,"abstract missing: assessed on title only, needs full text",https://doi.org/10.1016/j.techsoc.2025.102834,,3.0,B
2003,doi:10.1016/j.jenvman.2025.125219,10.1016/j.jenvman.2025.125219,2025,Sustainable development with Artificial Intelligence: Examining the absorptive capacity pathways to green innovation,Journal of Environmental Management,journal-article,,no,INC,"abstract missing: assessed on title only, needs full text",https://doi.org/10.1016/j.jenvman.2025.125219,,4.0,B
2006,doi:10.1016/j.telpol.2025.102997,10.1016/j.telpol.2025.102997,2025,On the verge of a digital divide in the use of generative AI?,Telecommunications Policy,journal-article,,no,CTX,diffusion/model/adoption context,https://doi.org/10.1016/j.telpol.2025.102997,,0,
2015,doi:10.1016/j.strueco.2024.12.016,10.1016/j.strueco.2024.12.016,2025,"Is this time different? Impact of AI in output, employment and inequality across low, middle and high-income countries",Structural Change and Economic Dynamics,journal-article,,no,INC,"abstract missing: assessed on title only, needs full text",https://doi.org/10.1016/j.strueco.2024.12.016,,7.0,A
2031,doi:10.2139/ssrn.4177415,10.2139/ssrn.4177415,2022,Cryptocurrency and Digital Assets: A Positive Tool for Economic Growth in Developing Countries,SSRN Electronic Journal,journal-article,,no,INC,"abstract missing: assessed on title only, needs full text",https://doi.org/10.2139/ssrn.4177415,https://doi.org/10.2139/ssrn.4177415,3.0,B
2046,doi:10.1016/j.econmod.2020.02.008,10.1016/j.econmod.2020.02.008,2021,"ICT diffusion, financial development, and economic growth: An international cross-country analysis",Economic Modelling,journal-article,,no,INC,"abstract missing: assessed on title only, needs full text",https://doi.org/10.1016/j.econmod.2020.02.008,,1.0,B
2047,doi:10.1016/j.worlddev.2016.01.024,10.1016/j.worlddev.2016.01.024,2016,Does Migration Support Technology Diffusion in Developing Countries?,World Development,journal-article,,no,CTX,diffusion/model/adoption context,https://doi.org/10.1016/j.worlddev.2016.01.024,,0,
2048,doi:10.2139/ssrn.1350187,10.2139/ssrn.1350187,2009,Level of Educational Attainment and Its Impact on Technology Diffusion in Developing Countries,SSRN Electronic Journal,journal-article,,no,CTX,diffusion/model/adoption context,https://doi.org/10.2139/ssrn.1350187,https://doi.org/10.2139/ssrn.1350187,0,
2052,doi:10.1016/s0167-6245(01)00065-8,10.1016/s0167-6245(01)00065-8,2002,ICT production and diffusion in Asia Digital dividends or digital divide?,Information Economics and Policy,journal-article,,no,INC,"abstract missing: assessed on title only, needs full text",https://doi.org/10.1016/s0167-6245(01)00065-8,,2.0,B
2058,doi:10.1016/j.techsoc.2021.101542,10.1016/j.techsoc.2021.101542,2021,On the diffusion of mobile phone innovations for financial inclusion,Technology in Society,journal-article,,no,CTX,diffusion/model/adoption context,https://doi.org/10.2139/ssrn.3637571,https://doi.org/10.2139/ssrn.3637571,0,
2059,doi:10.2139/ssrn.3637571,10.2139/ssrn.3637571,2020,On the Diffusion of Mobile Phone Innovations for Financial Inclusion,SSRN Electronic Journal,journal-article,,no,DUP,duplicate of idx 2058,https://doi.org/10.2139/ssrn.3637571,,0,
2061,doi:10.2139/ssrn.2419881,10.2139/ssrn.2419881,2014,Can General Purpose Technology Theory Explain Economic Growth? Electrical Power as a Case Study,SSRN Electronic Journal,journal-article,,no,INC,"abstract missing: assessed on title only, needs full text",https://doi.org/10.2139/ssrn.2419881,https://doi.org/10.2139/ssrn.2419881,0.0,B
2062,doi:10.2139/ssrn.2932585,10.2139/ssrn.2932585,2017,Is Blockchain a General Purpose Technology?,SSRN Electronic Journal,journal-article,,no,CTX,diffusion/model/adoption context,https://doi.org/10.2139/ssrn.2932585,https://doi.org/10.2139/ssrn.2932585,0,
2065,doi:10.15843/kpapr.28.2.201406.337,10.15843/kpapr.28.2.201406.337,2014,General Purpose Technologies and Economic Growth,Productivity Review,journal-article,,no,CTX,diffusion/model/adoption context,https://doi.org/10.15843/kpapr.28.2.201406.337,,0,
