idx,estimate_id,role,subsample_label,sample_income_group,technology,exposure_variable,exposure_transform,outcome_variable,outcome_transform,coef_printed,uncertainty_type,uncertainty_printed,n_obs,n_countries,years,estimator,evidence,proximity_ok,paper_estimator_family,paper_identification,paper_reverse_causality_addressed,paper_causal_language,paper_n_obs_main,paper_n_countries_main
10,10-1,headline,full sample; current-year term,mixed,mobile,mobile,per 100 people,growth,growth rate,0.209***,se,(0.0359),395,41,2004-2015,two-step system GMM,"Table 5A, row mobile, column (1), page 29: 'mobile 0.209*** (0.0359)'",True,GMM-system,internal instruments (GMM lags),partly,mixed,395,41
10,10-2,baseline,full sample; one-year lagged term of mobile in the same regression,mixed,mobile,L.mobile,per 100 people,growth,growth rate,-0.247***,se,(0.0331),395,41,2004-2015,two-step system GMM,"Table 5A, row L.mobile, column (1), page 29: 'L.mobile -0.247*** (0.0331)'",True,GMM-system,internal instruments (GMM lags),partly,mixed,395,41
10,10-3,headline,full sample; current-year term,mixed,internet,Internet,per 100 people,growth,growth rate,0.242***,se,(0.0732),392,41,2004-2015,two-step system GMM,"Table 5A, row Internet, column (2), page 29: 'Internet 0.242*** (0.0732)'",True,GMM-system,internal instruments (GMM lags),partly,mixed,395,41
10,10-4,baseline,full sample; one-year lagged term of internet in the same regression,mixed,internet,L.internet,per 100 people,growth,growth rate,-0.334***,se,(0.0759),392,41,2004-2015,two-step system GMM,"Table 5A, row L.internet, column (2), page 29: 'L.internet -0.334*** (0.0759)'",True,GMM-system,internal instruments (GMM lags),partly,mixed,395,41
10,10-5,baseline,full sample; current-year term,mixed,telecom,Fixed (fixed telephone lines),per 100 people,growth,growth rate,-0.0211,se,(0.138),397,41,2004-2015,two-step system GMM,"Table 5A, row Fixed, column (3), page 29: 'Fixed -0.0211 (0.138)'",True,GMM-system,internal instruments (GMM lags),partly,mixed,395,41
10,10-6,baseline,full sample; current-year term,mixed,other (ICT goods imports),"ICTimp (ICT goods imports, percent of total goods imports)",share,growth,growth rate,-0.0204,se,(0.0564),396,41,2004-2015,two-step system GMM,"Table 5A, row ICTimp, column (4), page 29: 'ICTimp -0.0204 (0.0564)'",True,GMM-system,internal instruments (GMM lags),partly,mixed,395,41
10,10-7,interaction,full sample; mobile main effect in model with mobile x internet interaction,mixed,mobile,Mobile,per 100 people,growth,growth rate,0.116***,se,(0.0358),390,41,2004-2015,two-step system GMM,"Table 5B, row Mobile, column (1), page 30: 'Mobile 0.116*** (0.0358)'",True,GMM-system,internal instruments (GMM lags),partly,mixed,395,41
10,10-8,interaction,full sample; interaction of mobile with internet (current year),mixed,mobile,Mbinternet (mobile x internet),other (product of mobile and internet per 100 people),growth,growth rate,0.00180***,se,(0.000615),390,41,2004-2015,two-step system GMM,"Table 5B, row Mbinternet, column (1), page 30: 'Mbinternet 0.00180*** (0.000615)'",True,GMM-system,internal instruments (GMM lags),partly,mixed,395,41
10,10-9,interaction,full sample; interaction of mobile with internet (one-year lag),mixed,mobile,L.mbinternet,other (product of mobile and internet per 100 people),growth,growth rate,-0.00176***,se,(0.000414),390,41,2004-2015,two-step system GMM,"Table 5B, row L.mbinternet, column (1), page 30: 'L.mbinternet -0.00176*** (0.000414)'",True,GMM-system,internal instruments (GMM lags),partly,mixed,395,41
10,10-10,interaction,full sample; internet main effect in model with internet x education interaction,mixed,internet,Internet,per 100 people,growth,growth rate,0.802**,se,(0.335),392,41,2004-2015,two-step system GMM,"Table 5B (contd), row Internet, column (2), page 31: 'Internet 0.802** (0.335)'; column placement inferred from garbled layout",True,GMM-system,internal instruments (GMM lags),partly,mixed,395,41
10,10-11,interaction,"full sample; internet x education interaction (human capital), current year",mixed,internet,Netedu (internet x secondary enrolment),other (product of internet users per 100 and secondary gross enrolment rate),growth,growth rate,-0.00761*,se,(0.00405),392,41,2004-2015,two-step system GMM,"Table 5B, row Netedu, column (2), page 30: 'Netedu -0.00761* (0.00405)'",True,GMM-system,internal instruments (GMM lags),partly,mixed,395,41
10,10-12,interaction,"full sample; internet x services value added interaction, current year",mixed,internet,"Netservice (internet x services value added, percent of GDP)",other (product of internet users per 100 and services share of GDP),growth,growth rate,-0.0377***,se,(0.00511),391,41,2004-2015,two-step system GMM,"Table 5B, row Netservice, column (3), page 30: '-0.0377*** (0.00511)'; text layout is garbled, row assignment inferred from text describing a negative significant interaction",True,GMM-system,internal instruments (GMM lags),partly,mixed,395,41
10,10-13,interaction,full sample; mobile main effect in model with mobile x branches (financial inclusion) interaction,mixed,mobile,Mobile,per 100 people,growth,growth rate,0.168***,se,(0.0215),443,41,2004-2015,two-step system GMM,"Table 6, row Mobile, column (2), page 34: 'Mobile 0.168*** (0.0215)'",True,GMM-system,internal instruments (GMM lags),partly,mixed,395,41
10,10-14,interaction,"full sample; interaction of mobile with bank branches (financial inclusion), current year",mixed,mobile,"mobilebranch (mobile x bank branches per 100,000 adults)","other (product of mobile per 100 people and branches per 100,000 adults)",growth,growth rate,0.000811***,se,(6.35e-05),443,41,2004-2015,two-step system GMM,"Table 6, row mobilebranch, column (2), page 34: 'mobilebranch 0.000811*** (6.35e-05)'",True,GMM-system,internal instruments (GMM lags),partly,mixed,395,41
29,29-1,headline,"full sample, first differences, with mobile broadband control",mixed,other (cellular IoT connections),DLog of Licensed IoT connections per inhabitant (DlnIoTpop),log,TFP growth (DlnTFP),growth rate,0.023**,se,(0.009),574,82,2010-2017,"OLS first differences, year dummies, cluster robust SE","Table 4, row DLog of Licensed IoT connections per inhabitant, column 2 (First differences), page 270: '0.023** (0.009)'",True,OLS,none,no,mixed,574,82
29,29-2,baseline,"full sample, first differences, without mobile broadband control",mixed,other (cellular IoT connections),DLog of Licensed IoT connections per inhabitant (DlnIoTpop),log,TFP growth (DlnTFP),growth rate,0.026**,se,(0.010),574,82,2010-2017,"OLS first differences, year dummies, cluster robust SE","Table 4, row DLog of Licensed IoT connections per inhabitant, column 1 (First differences), page 270: '0.026** (0.010)'",True,OLS,none,no,mixed,574,82
29,29-3,robustness,"full sample, three-year differences, without mobile broadband control",mixed,other (cellular IoT connections),DLog of Licensed IoT connections per inhabitant (DlnIoTpop),log,TFP growth (DlnTFP),growth rate,0.036**,se,(0.015),410,82,2010-2017,"OLS three-year differences, year dummies, cluster robust SE","Table 4, row DLog of Licensed IoT connections per inhabitant, column 3 (Three years differences), page 270: '0.036** (0.015)'",True,OLS,none,no,mixed,574,82
29,29-4,robustness,"full sample, three-year differences, with mobile broadband control",mixed,other (cellular IoT connections),DLog of Licensed IoT connections per inhabitant (DlnIoTpop),log,TFP growth (DlnTFP),growth rate,0.031**,se,(0.014),410,82,2010-2017,"OLS three-year differences, year dummies, cluster robust SE","Table 4, row DLog of Licensed IoT connections per inhabitant, column 4 (Three years differences), page 270: '0.031** (0.014)'",True,OLS,none,no,mixed,574,82
29,29-5,subsample,"OECD countries, first differences, without mobile broadband control",OECD,other (cellular IoT connections),DLog of Licensed IoT connections per inhabitant (DlnIoTpop),log,TFP growth (DlnTFP),growth rate,0.021*,se,(0.011),252,36,2010-2017,"OLS first differences, year dummies, cluster robust SE","Table 5, row DlnIoTpop, column OECD (first), page 270: '0.021* (0.011)'; 36 OECD countries from Table 2 note",True,OLS,none,no,mixed,574,82
29,29-6,subsample,"OECD countries, first differences, with mobile broadband control",OECD,other (cellular IoT connections),DLog of Licensed IoT connections per inhabitant (DlnIoTpop),log,TFP growth (DlnTFP),growth rate,0.017*,se,(0.010),252,36,2010-2017,"OLS first differences, year dummies, cluster robust SE","Table 5, row DlnIoTpop, column OECD (second), page 270: '0.017* (0.010)'",True,OLS,none,no,mixed,574,82
29,29-7,subsample,"non-OECD countries, first differences, without mobile broadband control",not stated,other (cellular IoT connections),DLog of Licensed IoT connections per inhabitant (DlnIoTpop),log,TFP growth (DlnTFP),growth rate,0.023*,se,(0.012),322,46,2010-2017,"OLS first differences, year dummies, cluster robust SE","Table 5, row DlnIoTpop, column Non-OECD (first), page 270: '0.023* (0.012)'; 46 non-OECD countries from Table 2 note",True,OLS,none,no,mixed,574,82
29,29-8,subsample,"non-OECD countries, first differences, with mobile broadband control",not stated,other (cellular IoT connections),DLog of Licensed IoT connections per inhabitant (DlnIoTpop),log,TFP growth (DlnTFP),growth rate,0.023*,se,(0.012),322,46,2010-2017,"OLS first differences, year dummies, cluster robust SE","Table 5, row DlnIoTpop, column Non-OECD (second), page 270: '0.023* (0.012)'",True,OLS,none,no,mixed,574,82
29,29-9,robustness,"full sample incl. outliers, robust regression (rreg), first differences, with mobile broadband control",mixed,other (cellular IoT connections),DLog of Licensed IoT connections per inhabitant (DlnIoTpop),log,TFP growth (DlnTFP),growth rate,0.02***,se,(0.004),630,,2010-2017,"Stata rreg robust regression, first differences, year dummies","Table A3, row DlnIoTpop, column 2 (First differences), page 281: '0.02*** (0.004)'",True,OLS,none,no,mixed,574,82
29,29-10,robustness,"full sample incl. outliers, robust regression (rreg), three-year differences, with mobile broadband control",mixed,other (cellular IoT connections),DLog of Licensed IoT connections per inhabitant (DlnIoTpop),log,TFP growth (DlnTFP),growth rate,0.03***,se,(0.005),450,,2010-2017,"Stata rreg robust regression, three-year differences, year dummies","Table A3, row DlnIoTpop, column 4 (Three years differences), page 281: '0.03*** (0.005)'",True,OLS,none,no,mixed,574,82
29,29-11,robustness,"OECD, robust regression (rreg), first differences, with mobile broadband control",OECD,other (cellular IoT connections),DLog of Licensed IoT connections per inhabitant (DlnIoTpop),log,TFP growth (DlnTFP),growth rate,0.02***,se,(0.006),252,36,2010-2017,"Stata rreg robust regression, first differences, year dummies","Table A4, row DlnIoTpop, column OECD (second), page 281: '0.02*** (0.006)'",True,OLS,none,no,mixed,574,82
29,29-12,robustness,"non-OECD, robust regression (rreg), first differences, with mobile broadband control",not stated,other (cellular IoT connections),DLog of Licensed IoT connections per inhabitant (DlnIoTpop),log,TFP growth (DlnTFP),growth rate,0.02***,se,(0.007),378,,2010-2017,"Stata rreg robust regression, first differences, year dummies","Table A4, row DlnIoTpop, column Non-OECD (second), page 281: '0.02*** (0.007)'",True,OLS,none,no,mixed,574,82
29,29-13,robustness,"full sample, labor quantity only (instead of labor services), first differences, with mobile broadband control",mixed,other (cellular IoT connections),DLog of Licensed IoT connections per inhabitant (DlnIoTpop),log,TFP growth (DlnTFP),growth rate,0.02**,se,(0.009),574,82,2010-2017,"OLS first differences, year dummies, cluster robust SE","Table A1, row DlnIoTpop, column 2 (First differences), page 279: '0.02** (0.009)'",True,OLS,none,no,mixed,574,82
29,29-14,robustness,"full sample, labor quantity and labor quality entered separately, first differences, with mobile broadband control",mixed,other (cellular IoT connections),DLog of Licensed IoT connections per inhabitant (DlnIoTpop),log,TFP growth (DlnTFP),growth rate,0.02**,se,(0.009),574,82,2010-2017,"OLS first differences, year dummies, cluster robust SE","Table A2, row DlnIoTpop, column 2 (First differences), page 280: '0.02** (0.009)'",True,OLS,none,no,mixed,574,82
45,45-1,headline,full sample,mixed,"other (digital financial inclusion index, composite of digital and traditional financial inclusion)",DFI index,index,"lnGDPPC (GDP per capita, constant 2015 US$, natural log)",log level,0.005***,se,(0.001),90,30,"2014, 2017, 2021","Fixed effects, robust SE (Hausman test preferred FE over RE)","Table 4, row 'DFI index', column (1) Linear (FE Regression), p.13: 'DFI index 0.005*** (0.001)'; Table 4 notes: standard errors in parentheses",True,FE,external instrument,partly,mixed,90,30
45,45-2,subsample,"threshold regression, low-DFI regime (index below threshold 71.87)",mixed,"other (digital financial inclusion index, composite of digital and traditional financial inclusion)",DFI index (<71.87),index,"lnGDPPC (GDP per capita, constant 2015 US$, natural log)",log level,0.007***,se,(0.001),90,30,"2014, 2017, 2021","Hansen panel threshold regression (single threshold, DFI index as threshold variable)","Table 4, row 'DFI index (<71.87)', column (2) Non-Linear (Threshold regression), p.13: '0.007*** (0.001)'",True,FE,external instrument,partly,mixed,90,30
45,45-3,subsample,"threshold regression, high-DFI regime (index above threshold 71.87)",mixed,"other (digital financial inclusion index, composite of digital and traditional financial inclusion)",DFI index (>71.87),index,"lnGDPPC (GDP per capita, constant 2015 US$, natural log)",log level,0.004***,se,(0.001),90,30,"2014, 2017, 2021","Hansen panel threshold regression (single threshold, DFI index as threshold variable)","Table 4, row 'DFI index (>71.87)', column (2) Non-Linear (Threshold regression), p.13: '0.004*** (0.001)'",True,FE,external instrument,partly,mixed,90,30
45,45-4,robustness,"full sample, adding trade openness, FDI, government expenditure, gross domestic savings",mixed,"other (digital financial inclusion index, composite of digital and traditional financial inclusion)",DFI index,index,"lnGDPPC (GDP per capita, constant 2015 US$, natural log)",log level,0.005***,se,(0.001),90,30,"2014, 2017, 2021",Fixed effects with additional controls (estimator not explicitly restated),"Table 5, row 'DFI index', column (1) Adding more control variables, p.13: '0.005*** (0.001)'",True,FE,external instrument,partly,mixed,90,30
45,45-5,robustness,"full sample, 2SLS with internet penetration rate as instrument",mixed,"other (digital financial inclusion index, composite of digital and traditional financial inclusion)","DFI index (instrumented by internet penetration rate, % of population with internet access)",index,"lnGDPPC (GDP per capita, constant 2015 US$, natural log)",log level,0.034***,se,(0.011),90,30,"2014, 2017, 2021","2SLS, instrument: internet penetration rate (Cragg-Donald Wald F = 18.67)","Table 5, row 'DFI index', column (2) 2SLS, p.13: '0.034*** (0.011)'",True,FE,external instrument,partly,mixed,90,30
57,57-1,headline,"full sample (panel of 10 Asian countries), mobile subscriptions",mixed,mobile,"lnMO (log mobile cellular subscriptions, in numbers)",log,"lnGDP (log GDP, current US$)",log level,0.719506***,se,0.062101,,10,2000-2017,Panel FMOLS,"Table 7, row lnMO, FMOLS Coef. / Std. Err. columns, p.10: 'lnMO 0.719506*** 0.062101'",True,FMOLS-DOLS,none,no,mixed,,10
57,57-2,headline,"full sample (panel of 10 Asian countries), internet users",mixed,internet,"lnIT (log internet users, % of total population)",log,"lnGDP (log GDP, current US$)",log level,-0.59107***,se,0.102232,,10,2000-2017,Panel FMOLS,"Table 7, row lnIT, FMOLS Coef. / Std. Err. columns, p.10: 'lnIT -0.59107*** 0.102232' (printed with minus sign as a unicode minus)",True,FMOLS-DOLS,none,no,mixed,,10
57,57-3,robustness,"full sample (panel of 10 Asian countries), mobile subscriptions",mixed,mobile,"lnMO (log mobile cellular subscriptions, in numbers)",log,"lnGDP (log GDP, current US$)",log level,0.754067***,se,0.080889,,10,2000-2017,Panel DOLS,"Table 7, row lnMO, DOLS Coef. / Std. Err. columns, p.10: 'lnMO 0.754067*** 0.080889'",True,FMOLS-DOLS,none,no,mixed,,10
57,57-4,robustness,"full sample (panel of 10 Asian countries), internet users",mixed,internet,"lnIT (log internet users, % of total population)",log,"lnGDP (log GDP, current US$)",log level,-0.56155***,se,0.136219,,10,2000-2017,Panel DOLS,"Table 7, row lnIT, DOLS Coef. / Std. Err. columns, p.10: 'lnIT -0.56155*** 0.136219'",True,FMOLS-DOLS,none,no,mixed,,10
88,88-1,headline,"full sample, composite ICT index, 1983-97",mixed,"ICT (composite of telephone lines, internet hosts, mobile phones, PCs)",ln(A_ICT(0)): log of composite ICT index at start of period,log,"ln GDP per working-age person (PPP intl dollars), end-of-period value",log level,0.302**,t,[8.48],,99,1983-1997,"Cross-section OLS, MRW-augmented (equation 1), bootstrap SE flags","Table 1 (p.24), last column, row ln(AICT(0)): '0.302 [8.48] **'; Countries 99",True,OLS,lagged regressors only,partly,mixed,,99
88,88-2,headline,"full sample, composite ICT index, 1983-97 (growth of ICT)",mixed,ICT (composite),gICT: average growth rate of composite ICT index over sample period,other (growth rate),"ln GDP per working-age person (PPP intl dollars), end-of-period value",log level,0.299**,t,[8.03],,99,1983-1997,"Cross-section OLS, MRW-augmented (equation 1)","Table 1 (p.24), last column, row gICTt: '0.299 [8.03] **'",True,OLS,lagged regressors only,partly,mixed,,99
88,88-3,baseline,"full sample, composite ICT index, 1991-97",mixed,ICT (composite),ln(A_ICT(0)): log of composite ICT index at start of period,log,"ln GDP per working-age person (PPP intl dollars), end-of-period value",log level,0.388**,t,[9.970],,94,1991-1997,"Cross-section OLS, MRW-augmented","Table 1 (p.24), column 'Equation (1) with the composite index' (1991-97), row ln(AICT(0)): '0.388 [9.970] **'; Countries 94",True,OLS,lagged regressors only,partly,mixed,,99
88,88-4,robustness,"full sample, telephone lines (ICT1)",mixed,telephone mainlines,"ln(A_ICT1(0)): log of main telephone lines per 1,000 people at start of period",log,"ln GDP per working-age person (PPP intl dollars), end-of-period value",log level,0.451*,t,[10.180],,88,1991-1997,"Cross-section OLS, MRW-augmented","Table 1 (p.24), column 'Equation (1) with ICT1', row ln(AICT(0)): '0.451 [10.180] *'; Countries 88",True,OLS,lagged regressors only,partly,mixed,,99
88,88-5,robustness,"full sample, mobile phones (ICT3)",mixed,mobile,"ln(A_ICT3(0)): log of mobile phones per 1,000 people at start of period",log,"ln GDP per working-age person (PPP intl dollars), end-of-period value",log level,0.301**,t,[10.050],,47,1991-1997,"Cross-section OLS, MRW-augmented","Table 1 (p.24), column 'Equation (1) with ICT3', row ln(AICT(0)): '0.301 [10.050] **'; Countries 47",True,OLS,lagged regressors only,partly,mixed,,99
88,88-6,robustness,"full sample, personal computers (ICT4)",mixed,computers,"ln(A_ICT4(0)): log of PCs per 1,000 people at start of period",log,"ln GDP per working-age person (PPP intl dollars), end-of-period value",log level,0.438**,t,[12.690],,47,1991-1997,"Cross-section OLS, MRW-augmented","Table 1 (p.24), column 'Equation (1) with ICT4', row ln(AICT(0)): '0.438 [12.690] **'; Countries 47",True,OLS,lagged regressors only,partly,mixed,,99
88,88-7,robustness,"panel fixed effects, composite index",mixed,ICT (composite),ln(A_ICT): log of composite ICT index (time-varying),log,"ln GDP per working-age person (PPP intl dollars), end-of-period value (panel)",log level,0.027,t,[2.150],465,97,,Panel fixed effects,"Table 2 (p.25), 'PANEL FIXED EFFECTS' C. index column, row ln(AICT): '0.027 [2.150]'; Obs 465, Countries 97",True,OLS,lagged regressors only,partly,mixed,,99
88,88-8,robustness,"panel fixed effects, personal computers",mixed,computers,"ln(A_ICT4): log of PCs per 1,000 people",log,"ln GDP per working-age person (PPP intl dollars), end-of-period value (panel)",log level,0.138,t,[14.290],293,70,,Panel fixed effects,"Table 2 (p.25), 'PANEL FIXED EFFECTS' ICT4 column, row ln(AICT): '0.138 [14.290]'; Obs 293, Countries 70",True,OLS,lagged regressors only,partly,mixed,,99
88,88-9,robustness,"G2SLS fixed effects, composite index (lagged instruments)",mixed,ICT (composite),"ln(A_ICT): log of composite ICT index, instrumented with its t-2, t-3, t-4 lags",log,"ln GDP per working-age person (PPP intl dollars), end-of-period value (panel)",log level,0.120,t,[1.920],465,97,,G2SLS with fixed effects (lagged ICT instruments),"Table 2 (p.25), 'G2SLS (FIXED EFFECTS)' C. index column, row ln(AICT): '0.120 [1.920]'; Obs 465, Countries 97",True,OLS,lagged regressors only,partly,mixed,,99
88,88-10,robustness,"G2SLS fixed effects, personal computers (lagged instruments)",mixed,computers,"ln(A_ICT4): log of PCs per 1,000 people, instrumented with t-2..t-4 lags",log,"ln GDP per working-age person (PPP intl dollars), end-of-period value (panel)",log level,0.212,t,[13.190],181,51,,G2SLS with fixed effects (lagged ICT instruments),"Table 2 (p.25), 'G2SLS (FIXED EFFECTS)' ICT4 column, row ln(AICT): '0.212 [13.190]'; Obs 181, Countries 51",True,OLS,lagged regressors only,partly,mixed,,99
88,88-11,headline,"growth regression, composite index, 1983-97",mixed,ICT (composite),Ln(A_ICT(1985)): log of composite ICT index at start of period,log,Log difference of GDP per working-age person 1985-1997,growth rate,0.102,t,[4.500],,94,1983-1997,"Cross-section OLS, MRW-augmented convergence regression","Table 3 (p.26), last column, row Ln(AICT(1985)): '0.102 [4.500]' (no stars printed); Countries 94",True,OLS,lagged regressors only,partly,mixed,,99
88,88-12,headline,"growth regression, composite index, 1983-97 (growth of ICT)",mixed,ICT (composite),gICT: average growth rate of composite ICT index,other (growth rate),Log difference of GDP per working-age person 1985-1997,growth rate,0.124**,t,[5.500],,94,1983-1997,"Cross-section OLS, MRW-augmented convergence regression","Table 3 (p.26), last column, row gICT: '0.124 [5.500] **'",True,OLS,lagged regressors only,partly,mixed,,99
88,88-13,baseline,"growth regression, composite index, 1991-97",mixed,ICT (composite),Ln(A_ICT(1985)): log of composite ICT index at start of period,log,Log difference of GDP per working-age person 1985-1997,growth rate,0.063**,t,[4.590],,94,1991-1997,"Cross-section OLS, MRW-augmented convergence regression","Table 3 (p.26), column 'Equation (1) with the composite index' (1991-97), row Ln(AICT(1985)): '0.063 [4.590] **'; Countries 94",True,OLS,lagged regressors only,partly,mixed,,99
88,88-14,robustness,"growth regression, personal computers",mixed,computers,"Ln(A_ICT4(1985)): log of PCs per 1,000 people at start of period",log,Log difference of GDP per working-age person 1985-1997,growth rate,0.121**,t,[4.199],,47,1991-1997,"Cross-section OLS, MRW-augmented convergence regression","Table 3 (p.26), column 'Equation (1) with ICT4', row Ln(AICT(1985)): '0.121 [4.199] **'; Countries 47",True,OLS,lagged regressors only,partly,mixed,,99
140,140-1,headline,"full sample, country and sector FE with time trend",mixed (17 EU countries),"ICT (ICT capital services contribution to value added growth, sector level)",ln ICT: log of sector-specific contribution of ICT capital services to VA growth (EU KLEMS),log,"Estimated ln TFP level (residual of AMG heterogeneous Cobb-Douglas value-added production function), country-sector-year",log level,0.07,t,(3.19),451,17,1995-2007,"DOLS (leads and lags of differenced regressors), country and sector FE plus time trend","Table 2 (p.416), column 2 'DOLS with country and sector fixed effects and a time trend', row ln ICT: '0.07 (3.19)'; N 451",True,other,other,partly,mixed,451,17
140,140-2,baseline,"full sample, country and sector FE with year dummies",mixed (17 EU countries),"ICT (ICT capital services contribution to value added growth, sector level)",ln ICT: log of sector-specific contribution of ICT capital services to VA growth (EU KLEMS),log,"Estimated ln TFP level (residual of AMG heterogeneous Cobb-Douglas value-added production function), country-sector-year",log level,0.06,t,(2.40),451,17,1995-2007,"DOLS (leads and lags of differenced regressors), country and sector FE plus year dummies","Table 2 (p.416), column 1 'DOLS with country and sector fixed effects and year dummies', row ln ICT: '0.06 (2.40)'; N 451",True,other,other,partly,mixed,451,17
140,140-3,robustness,"full sample, standardized beta",mixed (17 EU countries),"ICT (ICT capital services contribution to value added growth, sector level)",ln ICT (standardized beta coefficient),other (standardized),Estimated ln TFP level,log level,0.07***,none,not printed (stars only),451,17,1995-2007,"DOLS, standardized beta","Table 2 (p.416), column 'Standardized beta coefficients', row ln ICT: '0.07***'; text: 'The standardized beta coefficient is 0.07'",True,other,other,partly,mixed,451,17
245,245-1,headline,"full sample, OLS with controls and country and year FE",mixed,digital economy,DE,index,GTFP,other (Global Malmquist-Luenberger index of GTFP),-0.425*,t,(-1.90),628,40,2006-2021,OLS fixed effects with controls,"Table 9, row DE, column (2) OLS, p.11: '-0.425* (-1.90)', N 628",True,FMOLS-DOLS,none,no,mixed,628,40
245,245-2,baseline,"full sample, OLS without controls",mixed,digital economy,DE,index,GTFP,other (Global Malmquist-Luenberger index of GTFP),-0.423**,t,(-1.97),628,40,2006-2021,"OLS fixed effects, no controls","Table 9, row DE, column (1) OLS, p.11: '-0.423** (-1.97)', N 628",True,FMOLS-DOLS,none,no,mixed,628,40
245,245-3,robustness,"full sample, FMOLS linear",mixed,digital economy,DE,index,GTFP,other (Global Malmquist-Luenberger index of GTFP),-0.339***,t,(-4.112),587,,2006-2021,Inter-group panel FMOLS with controls,"Table 9, row DE, column (3) FMOLS, p.11: '-0.339*** (-4.112)', N 587. Text says two cross sections dropped (38 countries)",True,FMOLS-DOLS,none,no,mixed,628,40
245,245-4,robustness,"full sample, PCSE quadratic specification (linear term)",mixed,digital economy,DE (with DE2 = 0.782*** (5.53) also in model),index,GTFP,other (Global Malmquist-Luenberger index of GTFP),-1.017***,t,(-7.56),605,,2006-2021,"PCSE with controls, quadratic in DE","Table 9, row DE, column (6) PCSE, p.11: '-1.017*** (-7.56)'; row DE2 '0.782*** (5.53)', N 605",True,FMOLS-DOLS,none,no,mixed,628,40
245,245-5,robustness,digital economy lagged one year,mixed,digital economy,L1.DE,index,GTFP,other (Global Malmquist-Luenberger index of GTFP),-0.506***,t,(-6.12),604,,2006-2021,Not stated explicitly (panel regression with controls; likely FE or PCSE),"Table 10, row L1.DE, column (1), p.11: '-0.506*** (-6.12)', N 604. L3.DE column (3): 0.189** (2.31), N 534 (not recorded separately)",True,FMOLS-DOLS,none,no,mixed,628,40
245,245-6,subsample,EU countries,mixed,digital economy,DE,index,GTFP,other (Global Malmquist-Luenberger index of GTFP),-0.662***,t,(-3.25),306,,2006-2021,Panel FE regression with controls and country and year FE,"Table 15, row DE, column EU, p.15: '-0.662*** (-3.25)', N 306",True,FMOLS-DOLS,none,no,mixed,628,40
245,245-7,subsample,ASEAN countries,mixed,digital economy,DE,index,GTFP,other (Global Malmquist-Luenberger index of GTFP),0.212,t,(1.56),94,,2006-2021,Panel FE regression with controls and country and year FE,"Table 15, row DE, column ASEAN, p.15: '0.212 (1.56)', N 94",True,FMOLS-DOLS,none,no,mixed,628,40
245,245-8,subsample,Asian countries (ASIA column),mixed,digital economy,DE,index,GTFP,other (Global Malmquist-Luenberger index of GTFP),-0.287**,t,(-2.23),205,,2006-2021,Panel FE regression with controls and country and year FE,"Table 15, row DE, column ASIA, p.15: '-0.287** (-2.23)', N 205",True,FMOLS-DOLS,none,no,mixed,628,40
245,245-9,subsample,low-income countries,low,digital economy,DE,index,GTFP,other (Global Malmquist-Luenberger index of GTFP),-6.305,t,(-1.66),16,,2006-2021,Panel FE regression with country and year FE,"Table 16, row DE, column Low-income, p.15: '-6.305 (-1.66)', N 16",True,FMOLS-DOLS,none,no,mixed,628,40
245,245-10,subsample,middle-income countries,upper-middle,digital economy,DE,index,GTFP,other (Global Malmquist-Luenberger index of GTFP),-1.240***,t,(-3.55),373,,2006-2021,Panel FE regression with country and year FE,"Table 16, row DE, column Middle-income, p.15: '-1.240*** (-3.55)', N 373",True,FMOLS-DOLS,none,no,mixed,628,40
245,245-11,subsample,high-income countries,high,digital economy,DE,index,GTFP,other (Global Malmquist-Luenberger index of GTFP),-0.860***,t,(-4.45),239,,2006-2021,Panel FE regression with country and year FE,"Table 16, row DE, column High-income, p.15: '-0.860*** (-4.45)', N 239",True,FMOLS-DOLS,none,no,mixed,628,40
245,245-12,robustness,"excluding COVID-19 period (2006-2019), with controls",mixed,digital economy,DE,index,GTFP,other (Global Malmquist-Luenberger index of GTFP),-0.463***,t,(-5.74),528,,2006-2019,"Panel FE regression with controls, country and year FE","Table 17, row DE, column (4) Excluding COVID-19 Period, p.16: '-0.463*** (-5.74)', N 528. Column (3) without controls: -0.374*** (-5.10), N 548",True,FMOLS-DOLS,none,no,mixed,628,40
245,245-13,robustness,"DOLS, linear",mixed,digital economy,DE,index,GTFP,other (Global Malmquist-Luenberger index of GTFP),-0.266**,t,(-2.043),605,,2006-2021,Dynamic OLS (DOLS) with controls,"Table 17, row DE, column (5) DOLS method, p.16: '-0.266** (-2.043)', N 605",True,FMOLS-DOLS,none,no,mixed,628,40
245,245-14,robustness,"full sample, FMOLS quadratic specification (linear term)",mixed,digital economy,DE (with DE2 = 1.567*** (5.135) also in model),index,GTFP,other (Global Malmquist-Luenberger index of GTFP),-1.602***,t,(-5.903),587,,2006-2021,"Inter-group panel FMOLS with controls, quadratic in DE","Table 9, row DE, column (4) FMOLS, p.11: '-1.602*** (-5.903)'; row DE2 '1.567*** (5.135)', N 587",True,FMOLS-DOLS,none,no,mixed,628,40
268,268-1,headline,full sample (informality proxy: vulnerable employment),mixed,"other (ICT capital deepening, TED capital services per worker)","Δln kIT (growth of ICT capital services per worker, log change x100)",other (growth rate of ICT capital deepening),"Δln y (labor productivity growth, log change x100)",growth rate,.026**,se,(.011),2374,118,1997-2017,"Fixed effects panel, year FE, SEs clustered by country","Table 5, row 'Δln kIT', col (2) Vul. Emp, p.14: '.026** (.011)'",True,FE,none,partly,mixed,2374,118
268,268-2,robustness,full sample (informality proxy: informal value added share),mixed,"other (ICT capital deepening, TED capital services per worker)","Δln kIT (growth of ICT capital services per worker, log change x100)",other (growth rate of ICT capital deepening),"Δln y (labor productivity growth, log change x100)",growth rate,.042***,se,(.013),2374,118,1997-2017,"Fixed effects panel, year FE, SEs clustered by country","Table 5, row 'Δln kIT', col (1) Inf. VA, p.14: '.042*** (.013)'",True,FE,none,partly,mixed,2374,118
268,268-3,robustness,full sample (informality proxy: agricultural employment),mixed,"other (ICT capital deepening, TED capital services per worker)","Δln kIT (growth of ICT capital services per worker, log change x100)",other (growth rate of ICT capital deepening),"Δln y (labor productivity growth, log change x100)",growth rate,.026**,se,(.012),2374,118,1997-2017,"Fixed effects panel, year FE, SEs clustered by country","Table 5, row 'Δln kIT', col (3) Agr. Emp, p.14: '.026** (.012)'",True,FE,none,partly,mixed,2374,118
268,268-4,robustness,full sample (informality proxy: self-employment),mixed,"other (ICT capital deepening, TED capital services per worker)","Δln kIT (growth of ICT capital services per worker, log change x100)",other (growth rate of ICT capital deepening),"Δln y (labor productivity growth, log change x100)",growth rate,.029***,se,(.01),2374,118,1997-2017,"Fixed effects panel, year FE, SEs clustered by country","Table 5, row 'Δln kIT', col (4) Self Emp., p.14: '.029*** (.01)'",True,FE,none,partly,mixed,2374,118
268,268-5,subsample,emerging & developing economies (informality proxy: vulnerable employment),developing,"other (ICT capital deepening, TED capital services per worker)","Δln kIT (growth of ICT capital services per worker, log change x100)",other (growth rate of ICT capital deepening),"Δln y (labor productivity growth, log change x100)",growth rate,.019*,se,(.011),1583,80,1997-2017,"Fixed effects panel, year FE, SEs clustered by country","Table 6, row 'Δln kIT', col (2) Vul. Emp, p.16: '.019* (.011)'",True,FE,none,partly,mixed,2374,118
268,268-6,subsample,emerging & developing economies (informality proxy: informal value added share),developing,"other (ICT capital deepening, TED capital services per worker)","Δln kIT (growth of ICT capital services per worker, log change x100)",other (growth rate of ICT capital deepening),"Δln y (labor productivity growth, log change x100)",growth rate,.032**,se,(.013),1583,80,1997-2017,"Fixed effects panel, year FE, SEs clustered by country","Table 6, row 'Δln kIT', col (1) Inf. VA, p.16: '.032** (.013)'",True,FE,none,partly,mixed,2374,118
268,268-7,subsample,emerging & developing economies (informality proxy: agricultural employment),developing,"other (ICT capital deepening, TED capital services per worker)","Δln kIT (growth of ICT capital services per worker, log change x100)",other (growth rate of ICT capital deepening),"Δln y (labor productivity growth, log change x100)",growth rate,.021,se,(.013),1583,80,1997-2017,"Fixed effects panel, year FE, SEs clustered by country","Table 6, row 'Δln kIT', col (3) Agr. Emp, p.16: '.021 (.013)'",True,FE,none,partly,mixed,2374,118
268,268-8,subsample,emerging & developing economies (informality proxy: self-employment),developing,"other (ICT capital deepening, TED capital services per worker)","Δln kIT (growth of ICT capital services per worker, log change x100)",other (growth rate of ICT capital deepening),"Δln y (labor productivity growth, log change x100)",growth rate,.022*,se,(.011),1583,80,1997-2017,"Fixed effects panel, year FE, SEs clustered by country","Table 6, row 'Δln kIT', col (4) Self Emp., p.16: '.022* (.011)'",True,FE,none,partly,mixed,2374,118
268,268-9,subsample,advanced economies (informality proxy: vulnerable employment),high,"other (ICT capital deepening, TED capital services per worker)","Δln kIT (growth of ICT capital services per worker, log change x100)",other (growth rate of ICT capital deepening),"Δln y (labor productivity growth, log change x100)",growth rate,.064**,se,(.024),791,38,1997-2017,"Fixed effects panel, year FE, SEs clustered by country","Table 7, row 'Δln kIT', col (2) Vul. Emp, p.17: '.061** .064** .055** .065**' with SEs '(.028) (.024) (.026) (.025)'",True,FE,none,partly,mixed,2374,118
268,268-10,subsample,advanced economies (informality proxy: informal value added share),high,"other (ICT capital deepening, TED capital services per worker)","Δln kIT (growth of ICT capital services per worker, log change x100)",other (growth rate of ICT capital deepening),"Δln y (labor productivity growth, log change x100)",growth rate,.061**,se,(.028),791,38,1997-2017,"Fixed effects panel, year FE, SEs clustered by country","Table 7, row 'Δln kIT', col (1) Inf. VA, p.17: '.061** (.028)'",True,FE,none,partly,mixed,2374,118
268,268-11,subsample,advanced economies (informality proxy: agricultural employment),high,"other (ICT capital deepening, TED capital services per worker)","Δln kIT (growth of ICT capital services per worker, log change x100)",other (growth rate of ICT capital deepening),"Δln y (labor productivity growth, log change x100)",growth rate,.055**,se,(.026),791,38,1997-2017,"Fixed effects panel, year FE, SEs clustered by country","Table 7, row 'Δln kIT', col (3) Agr. Emp, p.17: '.055** (.026)'",True,FE,none,partly,mixed,2374,118
268,268-12,subsample,advanced economies (informality proxy: self-employment),high,"other (ICT capital deepening, TED capital services per worker)","Δln kIT (growth of ICT capital services per worker, log change x100)",other (growth rate of ICT capital deepening),"Δln y (labor productivity growth, log change x100)",growth rate,.065**,se,(.025),791,38,1997-2017,"Fixed effects panel, year FE, SEs clustered by country","Table 7, row 'Δln kIT', col (4) Self Emp., p.17: '.065** (.025)'",True,FE,none,partly,mixed,2374,118
268,268-13,interaction,emerging & developing economies (informality proxy: vulnerable employment),developing,"other (ICT capital deepening, TED capital services per worker)",ΔINF × ln kIT (change in informal share x log level of ICT capital per worker),other (interaction of change in informality with log level of ICT capital deepening),"Δln y (labor productivity growth, log change x100)",growth rate,.183*,se,(.104),1583,80,1997-2017,"Fixed effects panel, year FE, SEs clustered by country","Table 6, row 'ΔINF × ln kIT', col (2) Vul. Emp, p.16: '.183* (.104)'",True,FE,none,partly,mixed,2374,118
268,268-14,interaction,full sample (informality proxy: vulnerable employment),mixed,"other (ICT capital deepening, TED capital services per worker)",ΔINF × ln kIT (change in informal share x log level of ICT capital per worker),other (interaction of change in informality with log level of ICT capital deepening),"Δln y (labor productivity growth, log change x100)",growth rate,.144*,se,(.082),2374,118,1997-2017,"Fixed effects panel, year FE, SEs clustered by country","Table 5, row 'ΔINF × ln kIT', col (2) Vul. Emp, p.14: '.144* (.082)'",True,FE,none,partly,mixed,2374,118
285,285-1,headline,"EU-27, without outliers, whole period",high,ICT,ΔlnKICT (growth rate of ICT capital services),other (log difference / growth rate),ΔlnY (growth rate of GDP),growth rate,0.092***,se,(0.014),558,27,1996-2016,"FE, year dummies, robust (Newey-West) SEs","Table 2, row ΔlnKICT, col FE (without outliers), p.208: '0.092*** (0.014)'; text: 'The output elasticity for ICT is 0.092'",True,FE,lagged regressors only,partly,mixed,558,27
285,285-2,baseline,"EU-27, full sample (incl. outliers), FE",high,ICT,ΔlnKICT (growth rate of ICT capital services),other (log difference / growth rate),ΔlnY (growth rate of GDP),growth rate,0.116***,se,(0.02),567,27,1996-2016,"FE, year dummies, robust SEs","Table 2, row ΔlnKICT, col FE (full sample), p.208: '0.116*** (0.02)'",True,FE,lagged regressors only,partly,mixed,558,27
285,285-3,robustness,"EU-27, without outliers, random effects",high,ICT,ΔlnKICT (growth rate of ICT capital services),other (log difference / growth rate),ΔlnY (growth rate of GDP),growth rate,0.100***,se,(0.014),558,27,1996-2016,"RE, year dummies, robust SEs","Table 2, row ΔlnKICT, col RE (without outliers), p.208: '0.100*** (0.014)'",True,FE,lagged regressors only,partly,mixed,558,27
285,285-4,robustness,"EU-27, without outliers, FGLS",high,ICT,ΔlnKICT (growth rate of ICT capital services),other (log difference / growth rate),ΔlnY (growth rate of GDP),growth rate,0.092***,se,(0.016),558,27,1996-2016,"FGLS (robust, Huber-White), year dummies","Table 2, row ΔlnKICT, col FGLS (without outliers), p.208: '0.092*** (0.016)'",True,FE,lagged regressors only,partly,mixed,558,27
285,285-5,robustness,"EU-27, without outliers, IV with 2-year lags of ICT",high,ICT,ΔlnKICT (growth rate of ICT capital services),other (log difference / growth rate),ΔlnY (growth rate of GDP),growth rate,0.114***,se,(0.034),558,27,1996-2016,"IV-2SLS, ICT instrumented with 2-year lag","Table 2, row ΔlnKICT, col IV-2lags, p.208: '0.114*** (0.034)'",True,FE,lagged regressors only,partly,mixed,558,27
285,285-6,robustness,"EU-27, without outliers, IV with 4-year lags of ICT",high,ICT,ΔlnKICT (growth rate of ICT capital services),other (log difference / growth rate),ΔlnY (growth rate of GDP),growth rate,0.095**,se,(0.036),558,27,1996-2016,"IV-2SLS, ICT instrumented with 4-year lag","Table 2, row ΔlnKICT, col IV-4lags, p.208: '0.095** (0.036)'",True,FE,lagged regressors only,partly,mixed,558,27
285,285-7,robustness,"EU-27, full sample, random effects",high,ICT,ΔlnKICT (growth rate of ICT capital services),other (log difference / growth rate),ΔlnY (growth rate of GDP),growth rate,0.124***,se,(0.019),567,27,1996-2016,"RE, year dummies, robust SEs","Table 2, row ΔlnKICT, col RE (full sample), p.208: '0.124*** (0.019)'",True,FE,lagged regressors only,partly,mixed,558,27
285,285-8,robustness,"EU-27, full sample, FGLS",high,ICT,ΔlnKICT (growth rate of ICT capital services),other (log difference / growth rate),ΔlnY (growth rate of GDP),growth rate,0.139***,se,(0.028),567,27,1996-2016,"FGLS (robust, Huber-White), year dummies","Table 2, row ΔlnKICT, col FGLS (full sample), p.208: '0.139*** (0.028)'",True,FE,lagged regressors only,partly,mixed,558,27
285,285-9,subsample,"EU-27 sub-period 1996-2004, without outliers, FE",high,ICT,ΔlnKICT (growth rate of ICT capital services),other (log difference / growth rate),ΔlnY (growth rate of GDP),growth rate,0.09***,se,(0.019),238,27,1996-2004,"FE, year dummies, robust SEs","Table 3, row ΔlnKICT, col 1996-2004 FE, p.211: '0.09*** (0.019)'",True,FE,lagged regressors only,partly,mixed,558,27
285,285-10,subsample,"EU-27 sub-period 1996-2004, without outliers, RE",high,ICT,ΔlnKICT (growth rate of ICT capital services),other (log difference / growth rate),ΔlnY (growth rate of GDP),growth rate,0.111***,se,(0.017),238,27,1996-2004,"RE, year dummies, robust SEs","Table 3, row ΔlnKICT, col 1996-2004 RE, p.211: '0.111*** (0.017)'",True,FE,lagged regressors only,partly,mixed,558,27
285,285-11,subsample,"EU-27 sub-period 2005-2016, without outliers, FE",high,ICT,ΔlnKICT (growth rate of ICT capital services),other (log difference / growth rate),ΔlnY (growth rate of GDP),growth rate,0.087**,se,(0.026),320,27,2005-2016,"FE, year dummies, robust SEs","Table 3, row ΔlnKICT, col 2005-2016 FE, p.211: '0.087** (0.026)'",True,FE,lagged regressors only,partly,mixed,558,27
285,285-12,subsample,"EU-27 sub-period 2005-2016, without outliers, RE",high,ICT,ΔlnKICT (growth rate of ICT capital services),other (log difference / growth rate),ΔlnY (growth rate of GDP),growth rate,0.094*,se,(0.029),320,27,2005-2016,"RE, year dummies, robust SEs","Table 3, row ΔlnKICT, col 2005-2016 RE, p.211: '0.094* (0.029)'",True,FE,lagged regressors only,partly,mixed,558,27
302,302-1,headline,full sample,mixed,"ICT (composite ICT Maturation Index of fixed telephone, mobile, fixed broadband, fixed internet, internet users)","ICTMIi,t",index,"YPCi,t (log GDP per capita, PPP constant 2005 intl $)",log level,0.0119,se,"0.0052 (separate Standard Errors column; t-statistic 2.29, p-value 0.023 also printed)",216,24,2000-2010,"Two-step system GMM (xtabond2, small), ICT goods imports as additional external instrument","Table 4, row ICTMIi,t, page 12: 'ICTMIi,t 0.0119 0.0052 2.29 0.023'; Obs. = 216, Countries = 24, Instruments = 30",True,GMM-system,internal instruments (GMM lags),partly,mixed,216,24
302,302-2,interaction,full sample,mixed,ICT (ICT Maturation Index interacted with tertiary school enrolment),"ICTSERTi,t (ICTMI x SERT, tertiary gross enrolment)",other (product of ICTMI index and tertiary enrolment rate),"YPCi,t (log GDP per capita, PPP constant 2005 intl $)",log level,0.0028,se,"0.0010 (separate Standard Errors column; t-statistic 2.84, p-value 0.005 also printed)",216,24,2000-2010,"Two-step system GMM (xtabond2, small), ICT goods imports as additional external instrument","Table 4, row ICTSERTi,t, page 12: 'ICTSERTi,t 0.0028 0.0010 2.84 0.005'",True,GMM-system,internal instruments (GMM lags),partly,mixed,216,24
323,323-1,headline,full sample (24 Asian countries),mixed,"ICT (composite index, ICTMI)","ICTMIi,t",index,"Total Factor Productivity (TFPi,t)",level,0.0156,se,SE 0.0063 (separate column 'Standard Errors'); t-statistic 2.48 and p-value 0.014 also printed in separate columns,216,24,2000-2010,"Two-step system GMM (xtabond2, small, robust), lagged TFP included","Table 5, row ICTMIi,t, page 11: 'ICTMIi,t 0.0156 0.0063 2.48 0.014'",True,GMM-system,internal instruments (GMM lags),partly,mixed,216,24
323,323-2,interaction,full sample (24 Asian countries); ICT x tertiary enrolment,mixed,ICT (interaction of ICTMI with tertiary school enrolment),"ICTSERTi,t (ICT x SERT, SERT = tertiary school enrolment % gross)",other (product of ICT index and tertiary enrolment rate),"Total Factor Productivity (TFPi,t)",level,0.0182,se,SE 0.0037 (separate column); t-statistic 4.86 and p-value 0.000 also printed,216,24,2000-2010,"Two-step system GMM (xtabond2, small, robust)","Table 5, row ICTSERTi,t, page 11: 'ICTSERTi,t 0.0182 0.0037 4.86 0.000'",True,GMM-system,internal instruments (GMM lags),partly,mixed,216,24
358,358-1,headline,"full sample (95 countries, 2013-2019), Option IV",mixed,other (fintech and big tech credit flows),FINTCBIG: Credit flows by fintech and big tech companies as percentage of GDP,level,PCIGROW: GDP per capita growth (annual %),growth rate,1.15***,t,"(3.71) in parentheses below the coefficient, labelled as T-statistics in text",594,95,2013-2019,"Panel Least Squares (pooled), Option IV","Table 12, row FINTCBIG, column IV, page 37: '1.15*** (3.71)'",True,OLS,none,no,yes,594,95
358,358-2,baseline,"full sample (95 countries, 2013-2019), Option I",mixed,other (fintech and big tech credit flows),FINTCBIG: Credit flows by fintech and big tech companies as percentage of GDP,level,PCIGROW: GDP per capita growth (annual %),growth rate,0.99**,t,(2.13),594,95,2013-2019,"Panel Least Squares (pooled), Option I","Table 12, row FINTCBIG, column I, page 37: '0.99** (2.13)'",True,OLS,none,no,yes,594,95
358,358-3,robustness,"full sample (95 countries, 2013-2019), Option II",mixed,other (fintech and big tech credit flows),FINTCBIG: Credit flows by fintech and big tech companies as percentage of GDP,level,PCIGROW: GDP per capita growth (annual %),growth rate,0.99***,t,(3.11),594,95,2013-2019,"Panel Least Squares (pooled), Option II","Table 12, row FINTCBIG, column II, page 37: '0.99*** (3.11)'",True,OLS,none,no,yes,594,95
358,358-4,robustness,"full sample, Option V (column headed 'GDP Growth')",mixed,other (fintech and big tech credit flows),FINTCBIG: Credit flows by fintech and big tech companies as percentage of GDP,level,GROW: GDP growth (annual %) (column V header 'GDP Growth' under 'Dependent Variable'),growth rate,0.86**,t,(2.68),594,95,2013-2019,"Panel Least Squares (pooled), Option V","Table 12, row FINTCBIG, column V, page 37: '0.86** (2.68)'; header row 'Dependent Variable: Per Capita Income Growth | GDP Growth'",True,OLS,none,no,yes,594,95
393,393-1,headline,"full sample, AMG robust",not stated,ICT,Ln ITC,log,"ln TFP (estimated TFP level, sectoral)",log level,0.00817**,se,(.00414),1106,17,1995-2007,"AMG (augmented mean group), robust SE","Table 1, row 'Ln ITC', column 'AMG Robust', page 13: '.00817** (.00414)', N 1106",True,other,other,partly,mixed,1106,17
393,393-2,baseline,"full sample, MG",not stated,ICT,Ln ITC,log,"ln TFP (estimated TFP level, sectoral)",log level,0.00707,se,(.00516),1322,17,1995-2007,Mean Group (MG),"Table 1, row 'Ln ITC', column 'Mean Group (MG)', page 13: '.00707 (.00516)', N 1322",True,other,other,partly,mixed,1106,17
393,393-3,robustness,"full sample, MG robust SE",not stated,ICT,Ln ITC,log,"ln TFP (estimated TFP level, sectoral)",log level,0.00908***,se,(.00306),1322,17,1995-2007,"Mean Group, robust SE","Table 1, row 'Ln ITC', column 'MG Robust', page 13: '.00908*** (.00306)', N 1322",True,other,other,partly,mixed,1106,17
393,393-4,robustness,"full sample, first-step AMG pooled first differences, estimated TFP",not stated,ICT,D.ln ITC,log,D. ln TFP estimated (first difference of estimated TFP),growth rate,0.00386**,se,(.00163),1158,17,1995-2007,Pooled first-difference regression with year dummies (AMG first step),"Table 2, row 'D.ln ITC', column 'TFP estimated', page 14: '.00386** (.00163)', N 1158",True,other,other,partly,mixed,1106,17
393,393-5,robustness,"full sample, first-step pooled first differences, calculated TFP",not stated,ICT,D.ln ITC,log,D. ln TFP calculated (standard accounting),growth rate,0.00194,se,(.00129),1158,17,1995-2007,Pooled first-difference regression with year dummies (AMG first step),"Table 2, row 'D.ln ITC', column 'TFP' (calculated by accounting method), page 14: '.00194 (.00129)', N 1158",True,other,other,partly,mixed,1106,17
407,407-1,headline,21 countries (full sample),mixed,ICT,"log(ICTS): total ICT spending as % of GDP, logged",log,"log labour productivity per hour worked (LP; 2012 US$ converted, 2005 EKS PPPs) (dependent variable implied; header not printed in table)",log level,0.192***,se,(0.015),399,21,1993-2011,FE (LSDV),"Table 4 'Influence of ICT and complementarities on labour productivity in European countries 1993-2011', row log(ICTS), column '21 Countries', page 215: '0.192*** (0.015)'",True,FE,none,no,mixed,399,21
407,407-2,subsample,7 CEE countries,not stated,ICT,log(ICTS),log,"log labour productivity per hour worked (LP; 2012 US$ converted, 2005 EKS PPPs) (dependent variable implied; header not printed in table)",log level,0.150***,se,(0.020),133,7,1993-2011,FE (LSDV),"Table 4 'Influence of ICT and complementarities on labour productivity in European countries 1993-2011', row log(ICTS), column '7 CEE Countries', page 215: '0.150*** (0.020)'",True,FE,none,no,mixed,399,21
407,407-3,subsample,14 WE (Western Europe) countries,not stated,ICT,log(ICTS),log,"log labour productivity per hour worked (LP; 2012 US$ converted, 2005 EKS PPPs) (dependent variable implied; header not printed in table)",log level,0.058*,se,(0.026),266,14,1993-2011,FE (LSDV),"Table 4 'Influence of ICT and complementarities on labour productivity in European countries 1993-2011', row log(ICTS), column '14 WE Countries', page 215: '0.058* (0.026)'",True,FE,none,no,mixed,399,21
407,407-4,baseline,"21 countries (full sample), Internet users",mixed,internet,INTuse: Internet users per 100 people,per 100 people,"log labour productivity per hour worked (LP; 2012 US$ converted, 2005 EKS PPPs) (dependent variable implied; header not printed in table)",log level,0.003***,se,(0.000),399,21,1993-2011,FE (LSDV),"Table 4 'Influence of ICT and complementarities on labour productivity in European countries 1993-2011', row INTuse, column '21 Countries', page 216: '0.003*** (0.000)'",True,FE,none,no,mixed,399,21
407,407-5,subsample,"7 CEE countries, Internet users",not stated,internet,INTuse,per 100 people,"log labour productivity per hour worked (LP; 2012 US$ converted, 2005 EKS PPPs) (dependent variable implied; header not printed in table)",log level,0.005***,se,(0.001),133,7,1993-2011,FE (LSDV),"Table 4 'Influence of ICT and complementarities on labour productivity in European countries 1993-2011', row INTuse, column '7 CEE Countries', page 216: '0.005*** (0.001)'",True,FE,none,no,mixed,399,21
407,407-6,subsample,"14 WE countries, Internet users",not stated,internet,INTuse,per 100 people,"log labour productivity per hour worked (LP; 2012 US$ converted, 2005 EKS PPPs) (dependent variable implied; header not printed in table)",log level,0.002***,se,(0.000),266,14,1993-2011,FE (LSDV),"Table 4 'Influence of ICT and complementarities on labour productivity in European countries 1993-2011', row INTuse, column '14 WE Countries', page 216: '0.002*** (0.000)'",True,FE,none,no,mixed,399,21
407,407-7,robustness,"CEE, 1993-1999",not stated,ICT,log(ICTS),log,"log labour productivity per hour worked (LP; 2012 US$ converted, 2005 EKS PPPs) (dependent variable implied; header not printed in table)",log level,0.045,se,(0.055),49,7,1993-1999,FE (LSDV),"Table 5 (sub-period regressions), row log(ICTS), column 'Central and Eastern Europe' 1993-1999, page 217: '0.045 (0.055)'",True,FE,none,no,mixed,399,21
407,407-8,robustness,"CEE, 2000-2007",not stated,ICT,log(ICTS),log,"log labour productivity per hour worked (LP; 2012 US$ converted, 2005 EKS PPPs) (dependent variable implied; header not printed in table)",log level,0.117***,se,(0.023),56,7,2000-2007,FE (LSDV),"Table 5 (sub-period regressions), row log(ICTS), column 'Central and Eastern Europe' 2000-2007, page 217: '0.117*** (0.023)'",True,FE,none,no,mixed,399,21
407,407-9,robustness,"CEE, 2008-2011",not stated,ICT,log(ICTS),log,"log labour productivity per hour worked (LP; 2012 US$ converted, 2005 EKS PPPs) (dependent variable implied; header not printed in table)",log level,0.017,se,(0.141),28,7,2008-2011,FE (LSDV),"Table 5 (sub-period regressions), row log(ICTS), column 'Central and Eastern Europe' 2008-2011, page 217: '0.017 (0.141)'",True,FE,none,no,mixed,399,21
407,407-10,robustness,"WE, 1993-1999",not stated,ICT,log(ICTS),log,"log labour productivity per hour worked (LP; 2012 US$ converted, 2005 EKS PPPs) (dependent variable implied; header not printed in table)",log level,0.003,se,(0.035),98,14,1993-1999,FE (LSDV),"Table 5 (sub-period regressions), row log(ICTS), column 'Western Europe' 1993-1999, page 217: '0.003 (0.035)'",True,FE,none,no,mixed,399,21
407,407-11,robustness,"WE, 2000-2007",not stated,ICT,log(ICTS),log,"log labour productivity per hour worked (LP; 2012 US$ converted, 2005 EKS PPPs) (dependent variable implied; header not printed in table)",log level,-0.038,se,(0.019),112,14,2000-2007,FE (LSDV),"Table 5 (sub-period regressions), row log(ICTS), column 'Western Europe' 2000-2007, page 217: '-0.038 (0.019)'",True,FE,none,no,mixed,399,21
407,407-12,robustness,"WE, 2008-2011",not stated,ICT,log(ICTS),log,"log labour productivity per hour worked (LP; 2012 US$ converted, 2005 EKS PPPs) (dependent variable implied; header not printed in table)",log level,−0.141,se,(0.093),56,14,2008-2011,FE (LSDV),"Table 5 (sub-period regressions), row log(ICTS), column 'Western Europe' 2008-2011, page 217: '−0.141 (0.093)'",True,FE,none,no,mixed,399,21
407,407-13,robustness,"CEE, 2000-2007, Internet users",not stated,internet,INTuse,per 100 people,"log labour productivity per hour worked (LP; 2012 US$ converted, 2005 EKS PPPs) (dependent variable implied; header not printed in table)",log level,0.003***,se,(0.001),56,7,2000-2007,FE (LSDV),"Table 5 (sub-period regressions), row INTuse, column 'Central and Eastern Europe' 2000-2007, page 217: '0.003*** (0.001)'",True,FE,none,no,mixed,399,21
407,407-14,robustness,"WE, 2000-2007, Internet users",not stated,internet,INTuse,per 100 people,"log labour productivity per hour worked (LP; 2012 US$ converted, 2005 EKS PPPs) (dependent variable implied; header not printed in table)",log level,0.002***,se,(0.000),112,14,2000-2007,FE (LSDV),"Table 5 (sub-period regressions), row INTuse, column 'Western Europe' 2000-2007, page 217: '0.002*** (0.000)'",True,FE,none,no,mixed,399,21
408,408-1,headline,full sample (Africa),mixed,digital economy,"Digital economy (PCA index of cell phone, internet user, fixed broadband per 100 people)",index,"lnGDP (real GDP per capita, log); lagged lnGDP per capita on right-hand side",log level,"-0,127",se,"(0,0413)",779,41,2000-2021,"system GMM (Blundell-Bond), collapsed instruments, robust SE","Table 2, col (4) row 'Digital economy', p.13: '-0,127 (0,0413)'; text eq. 4.1 repeats -0.127",True,GMM-system,internal instruments (GMM lags),partly,mixed,779,41
408,408-2,interaction,"full sample (Africa), DE x human capital",mixed,digital economy,Digital economy x human capital (ln H),other (index x log),"lnGDP (real GDP per capita, log); lagged lnGDP per capita on right-hand side",log level,"0,0540",se,"(0,0189)",779,41,2000-2021,"system GMM (Blundell-Bond), collapsed instruments, robust SE","Table 2, col (4) row 'Digital economy human capital', p.13: '0,0540 (0,0189)'; text p.13: positive and significant at 1%",True,GMM-system,internal instruments (GMM lags),partly,mixed,779,41
408,408-3,robustness,"full sample (Africa), cell phone component",mixed,mobile,"Cell phone subscribers (per 100 people, entered as ratio)",per 100 people,"lnGDP (real GDP per capita, log); lagged lnGDP per capita on right-hand side",log level,"-0,0947",se,"(0,0318)",779,41,2000-2021,"system GMM (Blundell-Bond), collapsed instruments, robust SE","Table 2, col (1) row 'Cell phone', p.13: '-0,0947 (0,0318)'",True,GMM-system,internal instruments (GMM lags),partly,mixed,779,41
408,408-4,interaction,"full sample (Africa), cell phone x human capital",mixed,mobile,Cell phone x human capital,other (level x log),"lnGDP (real GDP per capita, log); lagged lnGDP per capita on right-hand side",log level,"0,0413",se,"(0,0150)",779,41,2000-2021,"system GMM (Blundell-Bond), collapsed instruments, robust SE","Table 2, col (1) row 'Cell phone human Capital', p.13: '0,0413 (0,0150)'",True,GMM-system,internal instruments (GMM lags),partly,mixed,779,41
408,408-5,robustness,"full sample (Africa), internet user component",mixed,internet,"Internet user (share of population, entered as ratio)",share,"lnGDP (real GDP per capita, log); lagged lnGDP per capita on right-hand side",log level,"-0,257",se,"(0,120)",779,41,2000-2021,"system GMM (Blundell-Bond), collapsed instruments, robust SE","Table 2, col (2) row 'Internet user', p.13: '-0,257 (0,120)'",True,GMM-system,internal instruments (GMM lags),partly,mixed,779,41
408,408-6,interaction,"full sample (Africa), internet user x human capital",mixed,internet,Internet user x human capital,other (level x log),"lnGDP (real GDP per capita, log); lagged lnGDP per capita on right-hand side",log level,"0,107",se,"(0,0499)",779,41,2000-2021,"system GMM (Blundell-Bond), collapsed instruments, robust SE","Table 2, col (2) row 'Internet userhuman Capital', p.13: '0,107 (0,0499)'",True,GMM-system,internal instruments (GMM lags),partly,mixed,779,41
408,408-7,robustness,"full sample (Africa), fixed broadband component",mixed,broadband,"Internet access (fixed-line broadband subscriptions per 100 people, entered as ratio)",per 100 people,"lnGDP (real GDP per capita, log); lagged lnGDP per capita on right-hand side",log level,"-4,796",se,"(2,381)",779,41,2000-2021,"system GMM (Blundell-Bond), collapsed instruments, robust SE","Table 2, col (3) row 'Internet access', p.13: '-4,796 (2,381)'",True,GMM-system,internal instruments (GMM lags),partly,mixed,779,41
408,408-8,interaction,"full sample (Africa), fixed broadband x human capital",mixed,broadband,Internet access x human capital,other (level x log),"lnGDP (real GDP per capita, log); lagged lnGDP per capita on right-hand side",log level,"1,847",se,"(0,915)",779,41,2000-2021,"system GMM (Blundell-Bond), collapsed instruments, robust SE","Table 2, col (3) row 'Internet accesshuman Capital', p.13: '1,847 (0,915)'",True,GMM-system,internal instruments (GMM lags),partly,mixed,779,41
422,422-1,headline,"full sample, no interaction",developing,ICT,"ln ICTs (fixed telephone, mobile cellular and internet subscriptions per 100 people)",log,"lnY labour productivity (GDP divided by number of labour), log",log level,0.0144***,se,(0.00107),"1,219",84,2000-2019,two-step system GMM,"Table 3, Model 1 row 'ICTsit', p.35: '0.0144*** (0.00107)'",True,GMM-system,internal instruments (GMM lags),partly,mixed,"1,219",84
422,422-2,baseline,"full sample, model with ICT x human capital (main ICT term)",developing,ICT,ln ICTs,log,"lnY labour productivity (GDP divided by number of labour), log",log level,0.0175***,se,(0.00112),"1,219",84,2000-2019,two-step system GMM,"Table 3, Model 2 row 'ICTsit', p.35: '0.0175*** (0.00112)'",True,GMM-system,internal instruments (GMM lags),partly,mixed,"1,219",84
422,422-3,interaction,ICT x human capital,developing,ICT,ln ICTs x ln human capital,other (log x log),"lnY labour productivity (GDP divided by number of labour), log",log level,0.123***,se,(0.00887),"1,219",84,2000-2019,two-step system GMM,"Table 3, Model 2 row 'ICTit*HCit', p.35: '0.123*** (0.00887)'",True,GMM-system,internal instruments (GMM lags),partly,mixed,"1,219",84
422,422-4,interaction,ICT x financial development,developing,ICT,ln ICTs x ln financial development,other (log x log),"lnY labour productivity (GDP divided by number of labour), log",log level,0.0748***,se,(0.00352),"1,219",84,2000-2019,two-step system GMM,"Table 3, Model 3 row 'ICTit*FDit', p.35: '0.0748*** (0.00352)'",True,GMM-system,internal instruments (GMM lags),partly,mixed,"1,219",84
422,422-5,interaction,ICT x trade openness,developing,ICT,ln ICTs x ln trade openness,other (log x log),"lnY labour productivity (GDP divided by number of labour), log",log level,0.122***,se,(0.00754),"1,219",84,2000-2019,two-step system GMM,"Table 3, Model 4 row 'ICTit* TOit', p.35: '0.122*** (0.00754)'",True,GMM-system,internal instruments (GMM lags),partly,mixed,"1,219",84
422,422-6,robustness,"adds population growth control, no interaction",developing,ICT,ln ICT,log,"lnY labour productivity (GDP divided by number of labour), log",log level,0.0148***,se,(0.00109),"1,219",84,2000-2019,"two-step system GMM, population growth added","Table 5, Model 5 row 'ICT', p.40: '0.0148*** (0.00109)'",True,GMM-system,internal instruments (GMM lags),partly,mixed,"1,219",84
422,422-7,robustness,"adds population growth control, ICT x human capital",developing,ICT,ln ICT x ln human capital,other (log x log),"lnY labour productivity (GDP divided by number of labour), log",log level,0.0893***,se,(0.00906),"1,219",84,2000-2019,"two-step system GMM, population growth added","Table 5, Model 6 row 'ICT*HC', p.40: '0.0893*** (0.00906)'",True,GMM-system,internal instruments (GMM lags),partly,mixed,"1,219",84
422,422-8,robustness,"adds population growth control, ICT x financial development",developing,ICT,ln ICT x ln financial development,other (log x log),"lnY labour productivity (GDP divided by number of labour), log",log level,0.0590***,se,(0.00403),"1,219",84,2000-2019,"two-step system GMM, population growth added","Table 5, Model 7 row 'ICT*FD', p.40: '0.0590*** (0.00403)'",True,GMM-system,internal instruments (GMM lags),partly,mixed,"1,219",84
422,422-9,robustness,"adds population growth control, ICT x trade openness",developing,ICT,ln ICT x ln trade openness,other (log x log),"lnY labour productivity (GDP divided by number of labour), log",log level,0.108***,se,(0.00811),"1,219",84,2000-2019,"two-step system GMM, population growth added","Table 5, Model 8 row 'ICT* TO', p.40: '0.108*** (0.00811)'",True,GMM-system,internal instruments (GMM lags),partly,mixed,"1,219",84
422,422-10,robustness,quantile 10th (low labour productivity),developing,ICT,ln ICTs,log,D.var LP (dependent variable labelled 'D.var LP'; labour productivity),other (quantile regression on labour productivity; log level per text),0.00859***,se,(0.00208),"1,219",84,2000-2019,dynamic panel quantile regression (Powell 2016),"Table 4, column 10th row 'ICTsit', p.39: '0.00859*** (0.00208)'",True,GMM-system,internal instruments (GMM lags),partly,mixed,"1,219",84
422,422-11,robustness,quantile 40th,developing,ICT,ln ICTs,log,D.var LP (dependent variable labelled 'D.var LP'; labour productivity),other (quantile regression on labour productivity; log level per text),0.000240,se,(0.000182),"1,219",84,2000-2019,dynamic panel quantile regression (Powell 2016),"Table 4, column 40th row 'ICTsit', p.39: '0.000240 (0.000182)'",True,GMM-system,internal instruments (GMM lags),partly,mixed,"1,219",84
422,422-12,robustness,quantile 50th (median),developing,ICT,ln ICTs,log,D.var LP (dependent variable labelled 'D.var LP'; labour productivity),other (quantile regression on labour productivity; log level per text),0.00854***,se,(0.00196),"1,219",84,2000-2019,dynamic panel quantile regression (Powell 2016),"Table 4, column 50th row 'ICTsit', p.39: '0.00854*** (0.00196)'",True,GMM-system,internal instruments (GMM lags),partly,mixed,"1,219",84
422,422-13,robustness,quantile 90th (high labour productivity),developing,ICT,ln ICTs,log,D.var LP (dependent variable labelled 'D.var LP'; labour productivity),other (quantile regression on labour productivity; log level per text),0.00195***,se,(0.000463),"1,219",84,2000-2019,dynamic panel quantile regression (Powell 2016),"Table 4, column 90th row 'ICTsit', p.39: '0.00195*** (0.000463)'",True,GMM-system,internal instruments (GMM lags),partly,mixed,"1,219",84
617,617-1,headline,"full sample (126 states), model specification 1 (no small-state dummy), Simulation 2",mixed,"internet (internet hosts per 10,000 inhabitants, proxy for e-commerce)",LHOSTS,log,LGGDP,log level,0.423,se,SE 0.066; T-ratio 6.425 (separate columns),126,126,2000,"SURE (seemingly unrelated regression), LIMDEP 7.0, two-equation system; GDP equation also includes CMI","Table 3, second block labelled 'Model specification 1', Dependent Variable LGGDP, row LHOSTS, page 22: 'LHOSTS 0.423 0.066 6.425'",True,other,other,partly,mixed,126,126
617,617-2,robustness,"full sample (126 states), model specification 2 (with small-state dummy), Simulation 4",mixed,"internet (internet hosts per 10,000 inhabitants, proxy for e-commerce)",LHOSTS,log,LGGDP,log level,0.395,se,SE 0.064; T-ratio 6.196 (separate columns),126,126,2000,"SURE, GDP equation also includes CMI and SMALL dummy","Table 3, fourth block 'Model specification 2 (Including the Small state dummy variable)', Dependent Variable LGGDP, row LHOSTS, page 22: 'LHOSTS 0.395 0.064 6.196'",True,other,other,partly,mixed,126,126
879,879-1,headline,"full sample, flow-based index, two-way fixed effects",mixed,"other (AI Capability Index: PCA of AI-hardware imports plus internet, broadband, mobile, electricity and financial-inclusion readiness)",AI Capability Index (Flow-based),index,Labor Productivity,log level,0.0920***,t,(5.771) robust t-statistic in parentheses under the coefficient,871,63,2005-2019,"Two-way FE (country and year), country-clustered robust SE","Table 4, row 'AI Capability Index (Flow-based)', column Fixed Effects, page 10: '0.0920*** (5.771)'",True,FE,internal instruments (GMM lags),partly,mixed,871,63
879,879-2,headline,"full sample, stock-based index, two-way fixed effects",mixed,"other (AI Capability Index, stock-based: 3-year AI import stocks plus readiness variables)",AI Capability Index (Stock-based),index,Labor Productivity,log level,0.0937***,t,(5.920) robust t-statistic in parentheses under the coefficient,871,63,2005-2019,"Two-way FE (country and year), robust SE","Table 5, row 'AI Capability Index (Stock-based)', column Fixed Effects, page 10: '0.0937*** (5.920)'",True,FE,internal instruments (GMM lags),partly,mixed,871,63
879,879-3,baseline,"full sample, flow-based index, pooled OLS (larger magnitude attributed by authors to omitted variable bias)",mixed,"other (AI Capability Index, flow-based)",AI Capability Index (Flow-based),index,Labor Productivity,log level,0.450***,t,(9.823) robust t-statistic in parentheses,871,63,2005-2019,"Pooled OLS with year effects, robust SE","Table 4, row 'AI Capability Index (Flow-based)', column Pooled OLS, page 10: '0.450*** (9.823)'",True,FE,internal instruments (GMM lags),partly,mixed,871,63
879,879-4,robustness,"full sample, flow-based index, system GMM, full control set (column 6)",mixed,"other (AI Capability Index, flow-based, lagged one period)",L.AI Capability Index (Flow-based),index,Labor Productivity (log),log level,0.0681**,t,(1.971) z-statistic in parentheses (Windmeijer-corrected),810,63,2005-2019,"System GMM, two-step, collapsed instruments, 35 instruments; lagged dependent variable 0.914***","Table 11, row 'L.AI Capability Index (Flow-based)', column (6), page 15: '0.0681** (1.971)'",True,FE,internal instruments (GMM lags),partly,mixed,871,63
879,879-5,robustness,"full sample, stock-based index, system GMM, full control set (column 6)",mixed,"other (AI Capability Index, stock-based, lagged one period)",L.AI Capability Index (Stock-based),index,Labor Productivity (log),log level,0.0655*,t,(1.810) z-statistic in parentheses (Windmeijer-corrected),810,63,2005-2019,"System GMM, two-step, collapsed instruments, 35 instruments; lagged dependent variable 0.924***","Table 12, row 'L.AI Capability Index (Stock-based)', column (6), page 16: '0.0655* (1.810)'",True,FE,internal instruments (GMM lags),partly,mixed,871,63
879,879-6,robustness,"full sample, flow-based index lagged one year, two-way FE",mixed,"other (AI Capability Index, flow-based, lag 1)","AI Capability Index (Flow-based), lagged 1 year",index,Labor Productivity,log level,0.0885***,t,(5.423) robust t-statistic in parentheses,810,63,2005-2019,Two-way FE with lagged regressors,"Table 13, row 'AI Capability Index (Flow-based)', column Lag 1, page 16: '0.0885*** (5.423)'",True,FE,internal instruments (GMM lags),partly,mixed,871,63
879,879-7,robustness,"full sample, flow-based index lagged six years, two-way FE",mixed,"other (AI Capability Index, flow-based, lag 6)","AI Capability Index (Flow-based), lagged 6 years",index,Labor Productivity,log level,0.0526***,t,(3.821) robust t-statistic in parentheses,503,62,2005-2019,Two-way FE with lagged regressors,"Table 13, row 'AI Capability Index (Flow-based)', column Lag 6, page 16: '0.0526*** (3.821)'",True,FE,internal instruments (GMM lags),partly,mixed,871,63
879,879-8,robustness,"narrow AI-hardware-only flow-based index (GPUs, TPUs, FPGAs, ASICs etc.), full controls (column 6)",mixed,"other (narrow AI Capability Index, flow-based)","AI Capability Index (Flow-based), narrow definition",index,Labor Productivity,log level,0.0859***,t,(6.091) robust t-statistic in parentheses,870,63,2005-2019,Two-way FE,"Table D.5, row 'AI Capability Index (Flow-based)', column (6), page 23: '0.0859*** (6.091)'",True,FE,internal instruments (GMM lags),partly,mixed,871,63
879,879-9,subsample,"low-income countries (reference category in the AI x lower-middle-income interaction model), two-way FE",low,"other (AI Capability Index, flow-based)",AI Capability Index (Flow-based),index,Labor Productivity,log level,0.0913***,t,(5.898) robust t-statistic in parentheses,871,63,2005-2019,Two-way FE with AI x LMI interaction,"Table 10, row 'AI Capability Index (Flow-based)', column (5), page 14: '0.0913*** (5.898)'",True,FE,internal instruments (GMM lags),partly,mixed,871,63
879,879-10,interaction,"differential effect of AI index for lower-middle-income relative to low-income countries, two-way FE",lower-middle,"other (AI Capability Index, flow-based)",Low Middle Income * AI Capability Index (Flow-based),index,Labor Productivity,log level,0.00413,t,(0.223) robust t-statistic in parentheses,871,63,2005-2019,Two-way FE,"Table 10, row 'Low Middle Income * AI Capability Index (Flow-based)', column (5), page 14: '0.00413 (0.223)'",True,FE,internal instruments (GMM lags),partly,mixed,871,63
879,879-11,interaction,"AI-hardware imports (broad, flow) interacted with Domestic Readiness Index, two-way FE",mixed,"other (AI-related hardware imports per capita, log, with domestic readiness index from PCA)",Domestic Readiness Index * Log of AI Import Per Capita (Flow),other (product of readiness index and log of per-capita AI imports),Labor Productivity,log level,0.0108**,t,(2.106) robust t-statistic in parentheses,871,63,2005-2019,Two-way FE,"Table 6, row 'Domestic Readiness Index * Log of AI Import Per Capita (Flow)', column (2), page 11: '0.0108** (2.106)'; the same column lists Log of AI Import Per Capita (Flow) 0.0497*** (3.100) and Domestic Readiness Index 0.0658*** (4.140)",True,FE,internal instruments (GMM lags),partly,mixed,871,63
879,879-12,interaction,"AI-hardware imports (broad, stock) interacted with Domestic Readiness Index, two-way FE",mixed,"other (AI-related hardware imports per capita stock, log, with domestic readiness index)",Domestic Readiness Index * Log of AI Imports Per Capita (Stock),other (product of readiness index and log of per-capita AI import stock),Labor Productivity,log level,0.00986*,t,(1.736) robust t-statistic in parentheses,871,63,2005-2019,Two-way FE,"Table 7, row 'Domestic Readiness Index * Log of AI Imports Per Capita (Stock)', column (2), page 12: '0.00986* (1.736)'; the same column lists Log of AI Imports Per Capita (Stock) 0.0714*** (3.080)",True,FE,internal instruments (GMM lags),partly,mixed,871,63
879,879-13,interaction,"AI Capability Index x FDI (% of GDP), fully specified model, two-way FE",mixed,"other (AI Capability Index, flow-based)",FDI (% of GDP) * AI Capability Index (Flow-based),index,Labor Productivity,log level,-0.00126**,t,(-2.044) robust t-statistic in parentheses,871,63,2005-2019,Two-way FE,"Table 8, row 'FDI (% of GDP) * AI Capability Index (Flow-based)', column (4), page 12: '-0.00126** (-2.044)'; the main AI index coefficient in that column is 0.0655*** (3.157)",True,FE,internal instruments (GMM lags),partly,mixed,871,63
879,879-14,interaction,"AI Capability Index x Gross Fixed Capital Formation, fully specified model, two-way FE",mixed,"other (AI Capability Index, flow-based)",Gross Fixed Capital Formation * AI Capability Index (Flow-based),index,Labor Productivity,log level,0.00114*,t,(1.710) robust t-statistic in parentheses,871,63,2005-2019,Two-way FE,"Table 8, row 'Gross Fixed Capital Formation * AI Capability Index (Flow-based)', column (4), page 12: '0.00114* (1.710)'",True,FE,internal instruments (GMM lags),partly,mixed,871,63
952,952-1,headline,full sample,mixed,"digital economy (composite digital index: internet, broadband, ICT exports)",DIGI_std,index,"LAP_level (output per worker, thousands constant PPP$)",level,0.985 *,se,(0.578),198,17,2005-2022,"Two-way FE with lagged dependent variable, SE clustered by country","Table 4, row DIGI_std, column (5) LAP, page 14: '0.985 * (0.578)'. Text p.15 Section 4.4: 'DIGI_std alone is also positive and marginally significant (b = 0.985, p = 0.090)'",True,FE,none,no,no,198,17
952,952-2,interaction,full sample (DIGI x GREEN interaction),mixed,digital economy (composite digital index interacted with green index),DIGI x GREEN (DIGI_std x GREEN_std),index,"LAP_level (output per worker, thousands constant PPP$)",level,1.685 ***,se,(0.633),198,17,2005-2022,"Two-way FE with lagged dependent variable, SE clustered by country","Table 4, row DIGI x GREEN, column (5) LAP, page 14: '1.685 *** (0.633)'. Text p.15: 'interaction is positive and highly significant (b = 1.685, p < 0.01)'",True,FE,none,no,no,198,17
957,957-1,subsample,"OECD countries, spec 1",OECD,telecom (fixed telephone),TELEPH (fixed telephone subscriptions),level,TX_PIB (rate of growth of real GDP),growth rate,0.00464410***,p,(0.000),156,,2010-2023,"System GMM (Blundell-Bond, xtbond2)","Table 5, row TELEPH, column Specification 1 (OECD), page 22: 'TELEPH 0.00464410*** (0.000)'",True,GMM-system,internal instruments (GMM lags),partly,mixed,156 (OECD); 73 (MENA),
957,957-2,subsample,"OECD countries, spec 2",OECD,other (ICT goods imports),ICT_import (share of technology goods in total imports),share,TX_PIB (rate of growth of real GDP),growth rate,0.04059132***,p,(0.000),156,,2010-2023,"System GMM (Blundell-Bond, xtbond2)","Table 5, row ICT_import, column Specification 2 (OECD), page 22: 'ICT_import 0.04059132*** (0.000)'",True,GMM-system,internal instruments (GMM lags),partly,mixed,156 (OECD); 73 (MENA),
957,957-3,subsample,"OECD countries, spec 3",OECD,mobile,MOBILE (mobile phone subscriptions),level,TX_PIB (rate of growth of real GDP),growth rate,-0.00133189,p,(0.393),156,,2010-2023,"System GMM (Blundell-Bond, xtbond2)","Table 5, row MOBILE, column Specification 3 (OECD), page 22: 'MOBILE -0.00133189 (0.393)'",True,GMM-system,internal instruments (GMM lags),partly,mixed,156 (OECD); 73 (MENA),
957,957-4,subsample,"MENA countries, spec 1",not stated,internet,INTERNET (internet use rate),level,TX_PIB (rate of growth of real GDP),growth rate,0.00027806,p,(0.766),73,,2010-2023,"System GMM (Blundell-Bond, xtbond2)","Table 6, row INTERNET, column Specification 1 (MENA), page 24: 'INTERNET 0.00027806 (0.766)'",True,GMM-system,internal instruments (GMM lags),partly,mixed,156 (OECD); 73 (MENA),
957,957-5,subsample,"MENA countries, spec 2",not stated,mobile,MOBILE (mobile phone subscriptions),level,TX_PIB (rate of growth of real GDP),growth rate,0.00001576,p,(0.954),73,,2010-2023,"System GMM (Blundell-Bond, xtbond2)","Table 6, row MOBILE, column Specification 2 (MENA), page 24: 'MOBILE 0.00001576 (0.954)'",True,GMM-system,internal instruments (GMM lags),partly,mixed,156 (OECD); 73 (MENA),
957,957-6,subsample,"MENA countries, spec 3",not stated,other (ICT goods imports),ICT_import (share of technology goods in total imports),share,TX_PIB (rate of growth of real GDP),growth rate,0.00404449*,p,(0.064),73,,2010-2023,"System GMM (Blundell-Bond, xtbond2)","Table 6, row ICT_import, column Specification 3 (MENA), page 24: 'ICT_import 0.00404449* (0.064)'",True,GMM-system,internal instruments (GMM lags),partly,mixed,156 (OECD); 73 (MENA),
957,957-7,subsample,"MENA countries, spec 4",not stated,telecom (fixed telephone),TELEPH (fixed telephone subscriptions),level,TX_PIB (rate of growth of real GDP),growth rate,-0.00023511,p,(0.890),73,,2010-2023,"System GMM (Blundell-Bond, xtbond2)","Table 6, row TELEPH, column Specification 4 (MENA), page 24: 'TELEPH -0.00023511 (0.890)'",True,GMM-system,internal instruments (GMM lags),partly,mixed,156 (OECD); 73 (MENA),
957,957-8,interaction,"OECD countries, ICT x human capital (internet)",OECD,internet,INTERNET_CAPH (internet use x secondary enrolment human capital),other,TX_PIB (rate of growth of real GDP),growth rate,0.0014415***,p,(0.000),147,,2010-2023,"System GMM (Blundell-Bond, xtbond2)","Table 7, row INTERNET_CAPH, column Specification 4 (OECD), page 26: 'INTERNET_CAPH 0.0014415*** (0.000)'; INTERNET main term in same column 0.01659737*** (0.000)",True,GMM-system,internal instruments (GMM lags),partly,mixed,156 (OECD); 73 (MENA),
957,957-9,interaction,"OECD countries, ICT x human capital (ICT imports)",OECD,other (ICT goods imports),ICT_import_CAPH (ICT import share x human capital),other,TX_PIB (rate of growth of real GDP),growth rate,0.00073392**,p,(0.017),156,,2010-2023,"System GMM (Blundell-Bond, xtbond2)","Table 7, row ICT_import_CAPH, column Specification 2 (OECD), page 26: 'ICT_import_ CAPH 0.00073392** (0.017)'; ICT_import main term 0.10633362*** (0.003)",True,GMM-system,internal instruments (GMM lags),partly,mixed,156 (OECD); 73 (MENA),
957,957-10,interaction,"MENA countries, ICT x human capital (internet)",not stated,internet,INTERNET_CAPH (internet use x human capital),other,TX_PIB (rate of growth of real GDP),growth rate,-0.00066018,p,(0.155),73,,2010-2023,"System GMM (Blundell-Bond, xtbond2)","Table 8, row INTERNET_ CAPH, column Specification 1 (MENA), page 27: 'INTERNET_ CAPH -0.00066018 (0.155)'; INTERNET main term 0.06657191 (0.155)",True,GMM-system,internal instruments (GMM lags),partly,mixed,156 (OECD); 73 (MENA),
957,957-11,interaction,"OECD countries, ICT x financial development (internet)",OECD,internet,DF_INTERNET (private credit/GDP x internet use),other,TX_PIB (rate of growth of real GDP),growth rate,0.00007605**,p,(0.042),147,,2010-2023,"System GMM (Blundell-Bond, xtbond2)","Table 9, row DF_INTERNET, column Specification 3 (OECD), page 29: 'DF_INTERNET 0.00007605** (0.042)'; INTERNET main term 0.00759160* (0.068)",True,GMM-system,internal instruments (GMM lags),partly,mixed,156 (OECD); 73 (MENA),
957,957-12,interaction,"MENA countries, ICT x financial development (internet)",not stated,internet,DF_INTERNET (private credit/GDP x internet use),other,TX_PIB (rate of growth of real GDP),growth rate,0.00010789**,p,(0.048),73,,2010-2023,"System GMM (Blundell-Bond, xtbond2)","Table 10, row DF_INTERNET, column Specification 1 (MENA), page 30: 'DF_INTERNET 0.00010789** (0.048)'; INTERNET main term 0.00318467 (0.188)",True,GMM-system,internal instruments (GMM lags),partly,mixed,156 (OECD); 73 (MENA),
957,957-13,interaction,"OECD countries, ICT x financial development (mobile)",OECD,mobile,DF_MOBILE (private credit/GDP x mobile subscriptions),other,TX_PIB (rate of growth of real GDP),growth rate,0.00006651***,p,(0.002),156,,2010-2023,"System GMM (Blundell-Bond, xtbond2)","Table 9, row DF_MOBILE, column Specification 4 (OECD), page 29: 'DF_MOBILE 0.00006651*** (0.002)'; MOBILE main term 0.00742333*** (0.001)",True,GMM-system,internal instruments (GMM lags),partly,mixed,156 (OECD); 73 (MENA),
957,957-14,interaction,"MENA countries, ICT x financial development (mobile)",not stated,mobile,DF_MOBILE (private credit/GDP x mobile subscriptions),other,TX_PIB (rate of growth of real GDP),growth rate,0.00004504*,p,(0.068),73,,2010-2023,"System GMM (Blundell-Bond, xtbond2)","Table 10, row DF_MOBILE, column Specification 2 (MENA), page 30: 'DF_MOBILE 0.00004504* (0.068)'; MOBILE main term 0.00348263* (0.052)",True,GMM-system,internal instruments (GMM lags),partly,mixed,156 (OECD); 73 (MENA),
988,988-1,headline,full sample (27 EU countries plus EU aggregate),high,digital economy (DESI composite index),lnDigital (log of DESI),log,lnTFP,log level,"0,099***",t,"(4,00)",168,28,2017-2022,"FE (country fixed effects), basic spec","Table 2, row lnDigital, col (1) basic, p.11: '0,099*** (4,00)'",True,FE,none,no,yes,168,28
988,988-2,robustness,full sample (27 EU countries plus EU aggregate),high,digital economy (DESI composite index),lnDigital (log of DESI),log,lnTFP,log level,"0,097***",t,"(3,93)",168,28,2017-2022,"FE, extended spec (adds Inv)","Table 2, row lnDigital, col (2) extended, p.11: '0,097*** (3,93)'",True,FE,none,no,yes,168,28
988,988-3,robustness,full sample (27 EU countries plus EU aggregate),high,digital economy (DESI composite index),lnDigital (log of DESI),log,lnTFP,log level,"0,093***",t,"(3,07)",168,28,2017-2022,"FE, extended spec (adds Inv, lnRD)","Table 2, row lnDigital, col (3) extended, p.11: '0,093*** (3,07)'",True,FE,none,no,yes,168,28
988,988-4,robustness,full sample (27 EU countries plus EU aggregate),high,digital economy (DESI composite index),lnDigital (log of DESI),log,lnTFP,log level,"0,040",t,"(1,43)",168,28,2017-2022,"FE, full extended spec (adds Inv, lnRD, lnIns)","Table 2, row lnDigital, col (4) extended, p.11: '0,040 (1,43)'",True,FE,none,no,yes,168,28
988,988-5,robustness,full sample (27 EU countries plus EU aggregate),high,digital economy (DESI composite index),lnDigital (log of DESI),log,"TFP_ind (TFP index, TFP in 2020 = 1)",level,"0,111***",t,"(4,15)",168,28,2017-2022,"FE, basic spec, alternative outcome TFP index","Table 1, row lnDigital, col TFP_ind, p.11: '0,111*** (4,15)'",True,FE,none,no,yes,168,28
988,988-6,robustness,full sample (27 EU countries plus EU aggregate),high,digital economy (DESI composite index),lnDigital (log of DESI),log,lnTFP,log level,"0,111**",t,"(2,40)",140,28,2017-2022,FE with Durbin-Watson test (AR error structure),"Table 3, row lnDigital, col (1) fixed effects method with the Durbin-Watson test, p.12: '0,111** (2,40)'",True,FE,none,no,yes,168,28
988,988-7,robustness,full sample (27 EU countries plus EU aggregate),high,digital economy (DESI composite index),lnDigital (log of DESI),log,lnTFP,log level,"0,106***",t,"(2,93)",140,28,2017-2022,FE with autocorrelation of residuals,"Table 3, row lnDigital, col (2) fixed effects with autocorrelation of residuals, p.12: '0,106*** (2,93)'",True,FE,none,no,yes,168,28
988,988-8,robustness,full sample (27 EU countries plus EU aggregate),high,digital economy (DESI composite index),lnDigital (log of DESI),log,lnTFP,log level,"0,102***",t,"(4,08)",168,28,2017-2022,GLS random effects,"Table 3, row lnDigital, col (3) GLS with random effects and Breusch-Pagan LM test, p.12: '0,102*** (4,08)'",True,FE,none,no,yes,168,28
1192,1192-1,headline,developing countries,developing,"other (Network Readiness Index, ICT readiness)",Normalized Network Readiness (NRIT),index,IHSY (IHS-transformed GDP per capita growth),growth rate,1.106 ***,p,(0.0027),76,76,2023,"OLS, HC1 robust SE, cross-section","Table 4, row 'Normalized Network Readiness (NRIT)', Developing Economies column, p. 10: '1.106 *** (0.0027)'",True,OLS,none,no,mixed,121,121
1192,1192-2,headline,developed countries,high,"other (Network Readiness Index, ICT readiness)",Normalized Network Readiness (NRIT),index,IHSY (IHS-transformed GDP per capita growth),growth rate,-0.734 *,p,(0.0895),45,45,2023,"OLS, HC1 robust SE, cross-section","Table 4, row 'Normalized Network Readiness (NRIT)', Developed Economies column, p. 10: '-0.734 * (0.0895)'",True,OLS,none,no,mixed,121,121
1192,1192-3,robustness,developed countries excluding Malta and Singapore,high,"other (Network Readiness Index, ICT readiness)",Normalized Network Readiness (NRIT),index,IHSY (IHS-transformed GDP per capita growth),growth rate,-0.693,p,(0.1166),43,43,2023,"OLS, HC1 robust SE, cross-section","Table 6, row 'Normalized Network Readiness (NRIT)', Refined Developed Model (N = 43) column, p. 13: '-0.693 (0.1166)'",True,OLS,none,no,mixed,121,121
1438,1438-1,headline,full sample,not stated,internet,"lnIU (ln internet users per 100 people, ICT usage)",log,lnEG (log GDP per capita),log level,0.16262**,t,(2.2),138,27,"2002-2019 (3-year non-overlapping averages, 6 periods)","Two-step difference GMM (xtabond2, robust)","Table 4, row lnIU, col (1), p.10: 'lnIU 0.16262** (2.2)'",True,GMM-difference,internal instruments (GMM lags),partly,yes,138,27
1438,1438-2,baseline,full sample,not stated,mobile,"lnMS (ln mobile phone subscriptions, ICT readiness)",log,lnEG (log GDP per capita),log level,0.12029*,t,(1.8),138,27,"2002-2019 (3-year non-overlapping averages, 6 periods)","Two-step difference GMM (xtabond2, robust)","Table 4, row lnMS, col (3), p.10: 'lnMS - - 0.12029* (1.8) -'",True,GMM-difference,internal instruments (GMM lags),partly,yes,138,27
1438,1438-3,interaction,full sample,not stated,internet,lnIU (conditional main effect in model with lnEI*lnIU interaction),log,lnEG (log GDP per capita),log level,-4.14710***,t,(-2.8),138,27,"2002-2019 (3-year non-overlapping averages, 6 periods)","Two-step difference GMM (xtabond2, robust)","Table 4, row lnIU, col (2), p.10: 'lnIU 0.16262** -4.14710*** (-2.8)'",True,GMM-difference,internal instruments (GMM lags),partly,yes,138,27
1438,1438-4,interaction,full sample,not stated,internet,lnEI * lnIU (economic integration x internet users),log,lnEG (log GDP per capita),log level,2.15698***,t,(2.9),138,27,"2002-2019 (3-year non-overlapping averages, 6 periods)","Two-step difference GMM (xtabond2, robust)","Table 4, row lnEI * lnIU, col (2), p.10: 'lnEI * lnIU - 2.15698*** (2.9)'",True,GMM-difference,internal instruments (GMM lags),partly,yes,138,27
1438,1438-5,interaction,full sample,not stated,mobile,lnMS (conditional main effect in model with lnEI*lnMS interaction),log,lnEG (log GDP per capita),log level,-0.25809***,t,(-3.4),138,27,"2002-2019 (3-year non-overlapping averages, 6 periods)","Two-step difference GMM (xtabond2, robust)","Table 4, row lnMS, col (4), p.10: 'lnMS - - 0.12029* -0.25809*** (-3.4)'",True,GMM-difference,internal instruments (GMM lags),partly,yes,138,27
1438,1438-6,interaction,full sample,not stated,mobile,lnEI * lnMS (economic integration x mobile subscriptions),log,lnEG (log GDP per capita),log level,0.07259**,t,(2.1),138,27,"2002-2019 (3-year non-overlapping averages, 6 periods)","Two-step difference GMM (xtabond2, robust)","Table 4, row lnEI * lnMS, col (4), p.10: 'lnEI * lnMS - - - 0.07259** (2.1)'",True,GMM-difference,internal instruments (GMM lags),partly,yes,138,27
1448,1448-1,baseline,full sample (10 high-income countries),high,telecom (fixed telephone),Fixed telephone subscriptions (unit given as % in Table 2),per 100 people,"Economic growth (EG): GDP constant prices growth, annual %",growth rate,-0.028,se,Std. error 0.018; t-statistic -1.598; Prob. 0.112,,10,2001-2020,"Random effects (panel, EViews-style)","Table 6, row 'Fixed telephone subscriptions (FIX)', p.628: '-0.028 0.018 -1.598 0.112'",True,RE,none,no,mixed,,10
1448,1448-2,baseline,full sample (10 high-income countries),high,mobile,Mobile/cellular telephone subscriptions (unit given as % in Table 2),per 100 people,"Economic growth (EG): GDP constant prices growth, annual %",growth rate,-0.017,se,Std. error 0.011; t-statistic -1.504; Prob. 0.134,,10,2001-2020,"Random effects (panel, EViews-style)","Table 6, row 'Mobile/cellular telephone subscriptions (MOB)', p.628: '-0.017 0.011 -1.504 0.134'",True,RE,none,no,mixed,,10
1448,1448-3,headline,full sample (10 high-income countries),high,internet,Internet users (unit given as % in Table 2),per 100 people,"Economic growth (EG): GDP constant prices growth, annual %",growth rate,-0.011,se,Std. error 0.019; t-statistic -0.549; Prob. 0.584,,10,2001-2020,"Random effects (panel, EViews-style)","Table 6, row 'Internet users (INTE)', p.628: '-0.011 0.019 -0.549 0.584'",True,RE,none,no,mixed,,10
1448,1448-4,baseline,full sample (10 high-income countries),high,broadband,Fixed broadband subscriptions (unit given as % in Table 2),per 100 people,"Economic growth (EG): GDP constant prices growth, annual %",growth rate,0.024,se,Std. error 0.026; t-statistic 0.891; Prob. 0.374,,10,2001-2020,"Random effects (panel, EViews-style)","Table 6, row 'Fixed broadband subscriptions (FBS)', p.628: '0.024 0.026 0.891 0.374'",True,RE,none,no,mixed,,10
1652,1652-1,baseline,full sample (14 countries),mixed,other (cryptocurrency: Bitcoin/Ethereum market indicators),Bitcoin rate of return (%) (BTCR),other (rate of return % or percentage change in volume),"GDP: real GDP growth, change from previous period, seasonally adjusted (%)",growth rate,0.0252*,p,(0.0000),462,14,2015 Q3-2023 Q3,Panel group-mean FMOLS (Model (1)),"Table 7, BTCR row, Model (1) col, p. 416: 'BTCR  0.0252* (0.0000)'; note: 'Coefficients are followed by p-values in parentheses'",True,FMOLS-DOLS,none,partly,mixed,462,14
1652,1652-2,baseline,full sample (14 countries),mixed,other (cryptocurrency: Bitcoin/Ethereum market indicators),"Bitcoin trading volume, percentage change (%) (BTCV)",other (rate of return % or percentage change in volume),"GDP: real GDP growth, change from previous period, seasonally adjusted (%)",growth rate,−0.0005,p,(0.3221),462,14,2015 Q3-2023 Q3,Panel group-mean FMOLS (Model (2)),"Table 7, BTCV row, Model (2) col, p. 416: 'BTCV  −0.0005 (0.3221)'; note: 'Coefficients are followed by p-values in parentheses'",True,FMOLS-DOLS,none,partly,mixed,462,14
1652,1652-3,baseline,full sample (14 countries),mixed,other (cryptocurrency: Bitcoin/Ethereum market indicators),Ethereum rate of return (%) (ETHR),other (rate of return % or percentage change in volume),"GDP: real GDP growth, change from previous period, seasonally adjusted (%)",growth rate,0.0088*,p,(0.0000),462,14,2015 Q3-2023 Q3,Panel group-mean FMOLS (Model (3)),"Table 7, ETHR row, Model (3) col, p. 416: 'ETHR  0.0088* (0.0000)'; note: 'Coefficients are followed by p-values in parentheses'",True,FMOLS-DOLS,none,partly,mixed,462,14
1652,1652-4,baseline,full sample (14 countries),mixed,other (cryptocurrency: Bitcoin/Ethereum market indicators),"Ethereum trading volume, percentage change (%) (ETHV)",other (rate of return % or percentage change in volume),"GDP: real GDP growth, change from previous period, seasonally adjusted (%)",growth rate,0.0008*,p,(0.0002),462,14,2015 Q3-2023 Q3,Panel group-mean FMOLS (Model (4)),"Table 7, ETHV row, Model (4) col, p. 416: 'ETHV  0.0008* (0.0002)'; note: 'Coefficients are followed by p-values in parentheses'",True,FMOLS-DOLS,none,partly,mixed,462,14
1652,1652-5,headline,full sample (14 countries),mixed,other (cryptocurrency: Bitcoin/Ethereum market indicators),Bitcoin rate of return (%) (BTCR),other (rate of return % or percentage change in volume),"GDP: real GDP growth, change from previous period, seasonally adjusted (%)",growth rate,0.0203*,p,(0.0000),462,14,2015 Q3-2023 Q3,Panel group-mean FMOLS (Model (5)),"Table 7, BTCR row, Model (5) col, p. 416: 'BTCR  0.0203* (0.0000)'; note: 'Coefficients are followed by p-values in parentheses'",True,FMOLS-DOLS,none,partly,mixed,462,14
1652,1652-6,headline,full sample (14 countries),mixed,other (cryptocurrency: Bitcoin/Ethereum market indicators),Ethereum rate of return (%) (ETHR),other (rate of return % or percentage change in volume),"GDP: real GDP growth, change from previous period, seasonally adjusted (%)",growth rate,0.0057*,p,(0.0073),462,14,2015 Q3-2023 Q3,Panel group-mean FMOLS (Model (5)),"Table 7, ETHR row, Model (5) col, p. 416: 'ETHR  0.0057* (0.0073)'; note: 'Coefficients are followed by p-values in parentheses'",True,FMOLS-DOLS,none,partly,mixed,462,14
1652,1652-7,headline,full sample (14 countries),mixed,other (cryptocurrency: Bitcoin/Ethereum market indicators),"Bitcoin trading volume, percentage change (%) (BTCV)",other (rate of return % or percentage change in volume),"GDP: real GDP growth, change from previous period, seasonally adjusted (%)",growth rate,−0.0027*,p,(0.0000),462,14,2015 Q3-2023 Q3,Panel group-mean FMOLS (Model (6)),"Table 7, BTCV row, Model (6) col, p. 416: 'BTCV  −0.0027* (0.0000)'; note: 'Coefficients are followed by p-values in parentheses'",True,FMOLS-DOLS,none,partly,mixed,462,14
1652,1652-8,headline,full sample (14 countries),mixed,other (cryptocurrency: Bitcoin/Ethereum market indicators),"Ethereum trading volume, percentage change (%) (ETHV)",other (rate of return % or percentage change in volume),"GDP: real GDP growth, change from previous period, seasonally adjusted (%)",growth rate,0.0016*,p,(0.0000),462,14,2015 Q3-2023 Q3,Panel group-mean FMOLS (Model (6)),"Table 7, ETHV row, Model (6) col, p. 416: 'ETHV  0.0016* (0.0000)'; note: 'Coefficients are followed by p-values in parentheses'",True,FMOLS-DOLS,none,partly,mixed,462,14
71,71-1,headline,"full sample (11 MENA economies), long-run",not stated,ICT,LICT,log,LGDP_PC,log level,0.050*,se,0.030,,11,1980-2018,"CS-ARDL, long-run","Table 7, Long-run results, LICT row, p.1121: 'LICT 0.050* 0.030 1.68 0.093'",True,other,lagged regressors only,no,yes,429,11
71,71-2,baseline,"full sample (11 MENA economies), short-run",not stated,ICT,LICT,log,LGDP_PC,log level,0.062*,se,0.034,,11,1980-2018,"CS-ARDL, short-run","Table 7, Short-run results, LICT row, p.1121: 'LICT 0.062* 0.034 1.83 0.068'",True,other,lagged regressors only,no,yes,429,11
71,71-3,robustness,"full sample (11 MENA economies), DCCEMG",not stated,ICT,LICT,log,LGDP_PC,log level,0.298***,se,0.084,,11,1980-2018,Dynamic CCE mean group (DCCEMG),"Table 8, LICT row, p.1123: 'LICT 0.298*** 0.084 3.55 0.000'",True,other,lagged regressors only,no,yes,429,11
9101,9101-1,headline,full sample (all 10 ASEAN countries),mixed,broadband,lnFBPH,log,lnGDPcapita,log level,0.060,p,0.009,,10,1995-2020,"PCSE, Model 4 (all ICT variables plus controls)","Table 11, PCSE data analysis, row lnFBPH, Model 4 column, p.17: '0.063 0.016 0.060 0.009'",True,other,none,no,mixed,1000,10
9101,9101-2,headline,full sample (all 10 ASEAN countries),mixed,mobile,lnMBP,log,lnGDPcapita,log level,-0.138,p,0.000,,10,1995-2020,"PCSE, Model 4","Table 11, PCSE, row lnMBP, Model 4, p.17: '-0.122 0.001 -0.138 0.000'",True,other,none,no,mixed,1000,10
9101,9101-3,headline,full sample (all 10 ASEAN countries),mixed,internet,IUI,level,lnGDPcapita,log level,0.001,p,0.060,,10,1995-2020,"PCSE, Model 4","Table 11, PCSE, row IUI (User friendliness), Model 4, p.17: 'IUI 0.001 0.060'",True,other,none,no,mixed,1000,10
9101,9101-4,robustness,full sample (all 10 ASEAN countries),mixed,broadband,lnFBPH,log,lnGDPcapita,log level,0.080,p,0.000,,10,1995-2020,"FGLS, Model 4","Table 11, FGLS data analysis, row lnFBPH, Model 4, p.17: '0.088 0.000 0.080 0.000'",True,other,none,no,mixed,1000,10
9101,9101-5,robustness,full sample (all 10 ASEAN countries),mixed,mobile,lnMBP,log,lnGDPcapita,log level,-0.331,p,0.000,,10,1995-2020,"FGLS, Model 4","Table 11, FGLS, row lnMBP, Model 4, p.17: '-0.335 0.000 -0.331 0.000'",True,other,none,no,mixed,1000,10
9101,9101-6,subsample,"lower-middle income (Indonesia, Philippines, Vietnam, Laos, Cambodia, Myanmar)",lower-middle,broadband,lnFBPH,log,lnGDP (log GDP per capita),log level,0.0332,p,0.0050,,,1995-2020,"PCSE, Model 4","Table 8, PCSE, row lnFBPH, Model 4, p.14: 'lnFBPH 0.0749 0.0000 0.0332 0.0050'",True,other,none,no,mixed,1000,10
9101,9101-7,subsample,lower-middle income,lower-middle,mobile,lnMBP,log,lnGDP (log GDP per capita),log level,-0.0645,p,0.0000,,,1995-2020,"PCSE, Model 4","Table 8, PCSE, row lnMBP, Model 4, p.14: '-0.0859 0.0000 -0.0645 0.0000'",True,other,none,no,mixed,1000,10
9101,9101-8,subsample,lower-middle income,lower-middle,internet,IUI,level,lnGDP (log GDP per capita),log level,0.0060,p,0.0000,,,1995-2020,"PCSE, Model 4","Table 8, PCSE, row IUI, Model 4, p.14: 'IUI 0.0060 0.0000'",True,other,none,no,mixed,1000,10
9101,9101-9,subsample,"upper-middle income (Malaysia, Thailand)",upper-middle,broadband,lnFBPH,log,lnGDP (log GDP per capita),log level,0.0036,p,0.012,,,1995-2020,"PCSE, Model 4","Table 9, PCSE, row lnFBPH, Model 4, p.15: 'lnFBPH 0.0016 0.381 0.0036 0.012'",True,other,none,no,mixed,1000,10
9101,9101-10,subsample,"upper-middle income (Malaysia, Thailand)",upper-middle,mobile,lnMBP,log,lnGDP (log GDP per capita),log level,-0.1174,p,0.000,,,1995-2020,"PCSE, Model 4","Table 9, PCSE, row lnMBP, Model 4, p.15: '-0.1420 0.000 -0.1174 0.000'",True,other,none,no,mixed,1000,10
9101,9101-11,subsample,"upper-middle income (Malaysia, Thailand)",upper-middle,internet,IUI,level,lnGDP (log GDP per capita),log level,-0.0017,p,0.000,,,1995-2020,"PCSE, Model 4","Table 9, PCSE, row IUI, Model 4, p.15: 'IUI -0.0017 0.000'",True,other,none,no,mixed,1000,10
9101,9101-12,subsample,"high income (Brunei, Singapore)",high,broadband,lnFBPH,log,lnGDP (log GDP per capita),log level,-0.0266,p,0.333,,,1995-2020,"PCSE, Model 4","Table 10, PCSE, row lnFBPH, Model 4, p.16: '-0.03707 0.220 -0.0266 0.333'",True,other,none,no,mixed,1000,10
9101,9101-13,subsample,"high income (Brunei, Singapore)",high,mobile,lnMBP,log,lnGDP (log GDP per capita),log level,0.1895,p,0.000,,,1995-2020,"PCSE, Model 4","Table 10, PCSE, row lnMBP, Model 4, p.16: '0.2042 0.000 0.1895 0.000'",True,other,none,no,mixed,1000,10
9101,9101-14,subsample,"high income (Brunei, Singapore)",high,internet,IUI,level,lnGDP (log GDP per capita),log level,-0.0009,p,0.054,,,1995-2020,"PCSE, Model 4","Table 10, PCSE, row IUI, Model 4, p.16: 'IUI -0.0009 0.054'",True,other,none,no,mixed,1000,10
9102,9102-1,headline,full sample,mixed,internet,lnIntUsage,log,lnPCGDP (model: first difference of ln GDP per capita; labelled 'lnPCGDP' in table),growth rate,−0.012**,se,(0.005),780,78,1999-2021,"FE, country-clustered SE","Table 3, p. 8625, Model (11) FE, row lnIntUsage: '−0.012** (0.005)'",True,FE,lagged regressors only,partly,mixed,780,78
9102,9102-2,subsample,lower-middle-income,lower-middle,internet,lnIntUsage,log,lnPCGDP (model: first difference of ln GDP per capita; labelled 'lnPCGDP' in table),growth rate,0.006,se,(0.009),99,22,1999-2021,FE,"Table 3, p. 8625, Model (2) FE, row lnIntUsage: '0.006 (0.009)'",True,FE,lagged regressors only,partly,mixed,780,78
9102,9102-3,subsample,upper-middle-income,upper-middle,internet,lnIntUsage,log,lnPCGDP (model: first difference of ln GDP per capita; labelled 'lnPCGDP' in table),growth rate,−0.012,se,(0.009),335,30,1999-2021,FE,"Table 3, p. 8625, Model (5) FE, row lnIntUsage: '−0.012 (0.009)'",True,FE,lagged regressors only,partly,mixed,780,78
9102,9102-4,subsample,high-income,high,internet,lnIntUsage,log,lnPCGDP (model: first difference of ln GDP per capita; labelled 'lnPCGDP' in table),growth rate,−0.021*,se,(0.011),346,26,1999-2021,FE,"Table 3, p. 8625, Model (8) FE, row lnIntUsage: '−0.021* (0.011)'",True,FE,lagged regressors only,partly,mixed,780,78
9102,9102-5,baseline,full sample,mixed,internet,lnIntUsage,log,lnPCGDP (model: first difference of ln GDP per capita; labelled 'lnPCGDP' in table),growth rate,−0.006***,se,(0.002),780,78,1999-2021,Pooled OLS,"Table 3, p. 8625, Model (10) Pooled, row lnIntUsage: '−0.006*** (0.002)'",True,FE,lagged regressors only,partly,mixed,780,78
9102,9102-6,robustness,full sample,mixed,internet,lnIntUsage,log,lnPCGDP (model: first difference of ln GDP per capita; labelled 'lnPCGDP' in table),growth rate,−0.006***,se,(0.002),780,78,1999-2021,RE,"Table 3, p. 8625, Model (12) RE, row lnIntUsage: '−0.006*** (0.002)'",True,FE,lagged regressors only,partly,mixed,780,78
9102,9102-7,robustness,"full sample, broadband",mixed,broadband,lnFbrdP (fixed-broadband subscribers),log,lnPCGDP (model: first difference of ln GDP per capita; labelled 'lnPCGDP' in table),growth rate,−0.004**,se,(0.002),780,78,1999-2021,FE,"Table 4, p. 8629, Model (11) FE, row lnFbrdP: '−0.004** (0.002)'",True,FE,lagged regressors only,partly,mixed,780,78
9102,9102-8,robustness,"lower-middle-income, broadband",lower-middle,broadband,lnFbrdP (fixed-broadband subscribers),log,lnPCGDP (model: first difference of ln GDP per capita; labelled 'lnPCGDP' in table),growth rate,−0.003,se,(0.004),99,22,1999-2021,FE,"Table 4, p. 8629, Model (2) FE, row lnFbrdP: '−0.003 (0.004)'",True,FE,lagged regressors only,partly,mixed,780,78
9102,9102-9,robustness,"upper-middle-income, broadband",upper-middle,broadband,lnFbrdP (fixed-broadband subscribers),log,lnPCGDP (model: first difference of ln GDP per capita; labelled 'lnPCGDP' in table),growth rate,−0.003,se,(0.003),335,30,1999-2021,FE,"Table 4, p. 8629, Model (5) FE, row lnFbrdP: '−0.003 (0.003)'",True,FE,lagged regressors only,partly,mixed,780,78
9102,9102-10,robustness,"high-income, broadband",high,broadband,lnFbrdP (fixed-broadband subscribers),log,lnPCGDP (model: first difference of ln GDP per capita; labelled 'lnPCGDP' in table),growth rate,−0.005*,se,(0.003),346,26,1999-2021,FE,"Table 4, p. 8629, Model (8) FE, row lnFbrdP: '−0.005* (0.003)'",True,FE,lagged regressors only,partly,mixed,780,78
9103,9103-1,headline,full sample,mixed,ICT,ICT,index,RGDP,level,0.0389 ***,p,(0.0000),3496,171,2000-2018,Panel VAR-GMM,"Table 11, Entire sample, row ICT(t), column RGDP(t-1), p. 2057: 'ICT(t) 0.0069 (0.0080)**'; text p. 2056 reads it as ICT effect on growth. n_obs is Table 4 descriptive count, not stated for the regression.",True,other,internal instruments (GMM lags),partly,yes,3496,171
9103,9103-2,subsample,high-income countries,high,ICT,ICT,index,RGDP,level,0.2751 **,p,(0.036),1235,57,2000-2018,Panel VAR-GMM,"Table 11, HIC, row ICT(t), column RGDP(t-1), p. 2057: 'ICT(t) 0.0278 (0.0000)***'. n_obs from Table 4 (descriptive).",True,other,internal instruments (GMM lags),partly,yes,3496,171
9103,9103-3,subsample,upper-middle-income countries,upper-middle,ICT,ICT,index,RGDP,level,0.0215 **,p,(0.0010),988,48,2000-2018,Panel VAR-GMM,"Table 11, UMIC, row ICT(t), column RGDP(t-1), p. 2057: 'ICT(t) -0.13799 (0.2380)'. n_obs from Table 4 (descriptive).",True,other,internal instruments (GMM lags),partly,yes,3496,171
9103,9103-4,subsample,lower-middle-income countries,lower-middle,ICT,ICT,index,RGDP,level,0.0149 ***,p,(0.0000),779,41,2000-2018,Panel VAR-GMM,"Table 11, 'LIMC', row ICT(t), column RGDP(t-1), p. 2057: 'ICT(t) 0.2134 (0.0820)*'. n_obs from Table 4 (descriptive).",True,other,internal instruments (GMM lags),partly,yes,3496,171
9103,9103-5,subsample,low-income countries,low,ICT,ICT,index,RGDP,level,0.0175 ***,p,(0.0000),494,25,2000-2018,Panel VAR-GMM,"Table 11, LIC, row ICT(t), column RGDP(t-1), p. 2057: 'ICT(t) -0.7658 (0.0000)***'. n_obs from Table 4 (descriptive).",True,other,internal instruments (GMM lags),partly,yes,3496,171
9104,9104-1,headline,full sample,mixed,ICT,ICT(t-1),index,RGDP(t),other (log level apparent from Table 4; not stated),-0.437***,p,(0.000),,73,2000-2018,PVAR-GMM,"Table 11, Entire sample, row RGDP(t), column ICT(t-1), p.14728: '-0.437 (0.000)***'",True,other,internal instruments (GMM lags),partly,yes,,73
9104,9104-2,subsample,SSA,not stated,ICT,ICT(t-1),index,RGDP(t),other (log level apparent from Table 4; not stated),-0.548**,p,(0.044),,40,2000-2018,PVAR-GMM,"Table 11, SSA, row RGDP(t), column ICT(t-1), p.14728: '-0.548 (0.044)**'",True,other,internal instruments (GMM lags),partly,yes,,73
9104,9104-3,subsample,MENA,not stated,ICT,ICT(t-1),index,RGDP(t),other (log level apparent from Table 4; not stated),0.435**,p,(0.000),,14,2000-2018,PVAR-GMM,"Table 11, MENA, row RGDP(t), column ICT(t-1), p.14728: '0.435 (0.000)**'",True,other,internal instruments (GMM lags),partly,yes,,73
9104,9104-4,subsample,LAAC,not stated,ICT,ICT(t-1),index,RGDP(t),other (log level apparent from Table 4; not stated),-0.406***,p,(0.000),,19,2000-2018,PVAR-GMM,"Table 11, LAAC, row RGDP(t), column ICT(t-1), p.14728: '-0.406 (0.000)***'",True,other,internal instruments (GMM lags),partly,yes,,73
9105,9105-1,headline,high-income countries (HIC),high,ICT,lnict,index,lngdp (GDP per capita),log level,0.094***,se,(0.032),628,45,2002-2017,"IV-GMM, robust","Table 8, col 4 (HIC), row lnict, p. 9: 'lnict 0.094*** (0.032)'; Observations 628. n_countries 45 is the group size stated in the text, not printed in the table.",True,2SLS-IV,other,partly,yes,,123
9105,9105-2,headline,middle-income countries (MIC),mixed,ICT,lnict,index,lngdp (GDP per capita),log level,0.422***,se,(0.023),753,58,2002-2017,"IV-GMM, robust","Table 8, col 8 (MIC), row lnict, p. 9: 'lnict 0.422*** (0.023)'; Observations 753. MIC pools upper-middle and lower-middle income.",True,2SLS-IV,other,partly,yes,,123
9105,9105-3,headline,low-income countries (LIC),low,ICT,lnict,index,lngdp (GDP per capita),log level,0.158***,se,(0.028),224,20,2002-2017,"IV-GMM, robust","Table 8, col 12 (LIC), row lnict, p. 9: 'lnict 0.158*** (0.028)'; Observations 224.",True,2SLS-IV,other,partly,yes,,123
9105,9105-4,subsample,"high-income countries (HIC), mobile",high,mobile,lnmob,log,lngdp (GDP per capita),log level,0.262***,se,(0.091),630,45,2002-2017,"IV-GMM, robust","Table 8, col 1 (HIC), row lnmob, p. 9: 'lnmob 0.262*** (0.091)'; Observations 630.",True,2SLS-IV,other,partly,yes,,123
9105,9105-5,subsample,"high-income countries (HIC), internet",high,internet,lnint,log,lngdp (GDP per capita),log level,0.751***,se,(0.069),630,45,2002-2017,"IV-GMM, robust","Table 8, col 2 (HIC), row lnint, p. 9: 'lnint 0.751*** (0.069)'; Observations 630.",True,2SLS-IV,other,partly,yes,,123
9105,9105-6,subsample,"middle-income countries (MIC), mobile",mixed,mobile,lnmob,log,lngdp (GDP per capita),log level,0.440***,se,(0.032),812,58,2002-2017,"IV-GMM, robust","Table 8, col 5 (MIC), row lnmob, p. 9: 'lnmob 0.440*** (0.032)'; Observations 812.",True,2SLS-IV,other,partly,yes,,123
9105,9105-7,subsample,"middle-income countries (MIC), internet",mixed,internet,lnint,log,lngdp (GDP per capita),log level,0.353***,se,(0.019),812,58,2002-2017,"IV-GMM, robust","Table 8, col 6 (MIC), row lnint, p. 9: 'lnint 0.353*** (0.019)'; Observations 812.",True,2SLS-IV,other,partly,yes,,123
9105,9105-8,subsample,"low-income countries (LIC), mobile",low,mobile,lnmob,log,lngdp (GDP per capita),log level,0.091***,se,(0.020),280,20,2002-2017,"IV-GMM, robust","Table 8, col 9 (LIC), row lnmob, p. 9: 'lnmob 0.091*** (0.020)'; Observations 280.",True,2SLS-IV,other,partly,yes,,123
9105,9105-9,subsample,"low-income countries (LIC), internet",low,internet,lnint,log,lngdp (GDP per capita),log level,0.149***,se,(0.021),275,20,2002-2017,"IV-GMM, robust","Table 8, col 10 (LIC), row lnint, p. 9: 'lnint 0.149*** (0.021)'; Observations 275.",True,2SLS-IV,other,partly,yes,,123
9105,9105-10,robustness,"high-income countries (HIC), labour productivity",high,ICT,lnict,index,"labour productivity (output per worker, Conference Board)",log level,0.065***,se,(0.025),572,45,2002-2017,"IV-GMM, robust","Table 9, col 4 (HIC), row lnict, p. 10: 'lnict 0.065*** (0.025)'; Observations 572.",True,2SLS-IV,other,partly,yes,,123
9105,9105-11,robustness,"middle-income countries (MIC), labour productivity",mixed,ICT,lnict,index,"labour productivity (output per worker, Conference Board)",log level,0.374***,se,(0.028),587,58,2002-2017,"IV-GMM, robust","Table 9, col 8 (MIC), row lnict, p. 10: 'lnict 0.374*** (0.028)'; Observations 587.",True,2SLS-IV,other,partly,yes,,123
9105,9105-12,robustness,"low-income countries (LIC), labour productivity",low,ICT,lnict,index,"labour productivity (output per worker, Conference Board)",log level,0.218***,se,(0.063),130,20,2002-2017,"IV-GMM, robust","Table 9, col 12 (LIC), row lnict, p. 10: 'lnict 0.218*** (0.063)'; Observations 130.",True,2SLS-IV,other,partly,yes,,123
