idx,id,stage1,year,title
1,oa:W2003939026,candidate,2003,Information technology and economic performance
2,oa:W2897697024,candidate,2020,The Productivity J-Curve: How Intangibles Complement General Purpose Technologies
3,oa:W3125959183,candidate,2003,"Regulation, productivity and growth: OECD evidence"
4,oa:W3158602259,candidate,2021,How globalization is changing digital technology adoption: An international perspective
5,oa:W3122069762,candidate,2017,Challenges to Mismeasurement Explanations for the US Productivity Slowdown
6,oa:W2891584594,candidate,2006,Organization and Inequality in a Knowledge Economy*
7,oa:W2149890355,candidate,2011,Structural Change in Advanced Nations: A New Set of Stylised Facts*
8,oa:W4401405116,candidate,2024,The simple macroeconomics of AI
9,oa:W3124731444,candidate,2003,"The Case of the Missing Productivity Growth, or Does Information Technology Explain Why Productivity Accelerated in the United States but Not in the United Kingdom?"
10,oa:W3010590011,candidate,2020,"Financial inclusion, information and communication technology diffusion, and economic growth: a panel data analysis"
11,oa:W2112485965,candidate,2015,Productivity Trends in Advanced Countries between 1890 and 2012
12,oa:W4379468141,candidate,2023,Digital economy and carbon dioxide emissions: Examining the role of threshold variables
13,oa:W3113600828,candidate,2021,"Towards Achieving Sustainable Development: Role of Technology Innovation, Technology Adoption and CO2 Emission for BRICS"
14,oa:W3132152681,candidate,2021,Human Capital in Digital Economy: An Empirical Analysis of Central and Eastern European Countries from the European Union
15,oa:W2607369674,candidate,2017,Gone with the Headwinds
16,oa:W2012333332,candidate,2005,Quantifying the Impact of ICT Capital on Output Growth: A Heterogeneous Dynamic Panel Approach
17,oa:W3108860220,candidate,2018,"Banks, Firms, and Jobs"
18,oa:W2073943372,candidate,2002,London in the European financial services industry: locational advantage and product complementarities
19,oa:W4221031382,candidate,2022,How Does New Infrastructure Investment Affect Economic Growth Quality? Empirical Evidence from China
20,oa:W1912600205,candidate,2007,Market services productivity across Europe and the US
21,oa:W4229370481,candidate,2022,The Impact of Digital Economy on the Economic Growth and the Development Strategies in the post-COVID-19 Era: Evidence From Countries Along the “Belt and Road”
22,oa:W4360604129,candidate,2023,Articulating CO2 emissions limiting roles of nuclear energy and ICT under the EKC hypothesis: An application of non-parametric MMQR approach
23,oa:W4381716676,candidate,2023,The Impact of Economic Corridor and Tourism on Local Community's Quality of Life under One Belt One Road Context
24,oa:W2128873215,candidate,2002,The New Economy in Growth and Development
25,oa:W4391180502,candidate,2024,Digital technology adoption and globalization innovation implications on Asian Pacific green sustainable economic growth
26,oa:W4383227964,candidate,2023,Impact of digital economy on urban sustainable development: Evidence from Chinese cities
27,oa:W4384831618,candidate,2023,The synergy effect through combination of the digital economy and transition to renewable energy on green economic growth: Empirical study of 18 Latin American and caribbean countries
28,oa:W3121250205,candidate,2002,From Natural Resources to the Knowledge Economy: Trade and Job Quality
29,oa:W2991723423,candidate,2019,The Internet of Things and economic growth in a panel of countries
30,oa:W16317086,candidate,2006,Information and communication technologies for development and poverty reduction : the potential of telecommunications
31,oa:W2162782490,candidate,2006,The Causal Relationship Between Information and Communication Technology and Foreign Direct Investment
32,oa:W2028627060,candidate,2004,Sources of Australia's Productivity Revival
33,oa:W4391995760,candidate,2024,"Rethinking the environmental Kuznets curve hypothesis across 214 countries: the impacts of 12 economic, institutional, technological, resource, and social factors"
34,oa:W3156024291,candidate,2021,"The Past, Present, and Future of Special Economic Zones and Their Impact"
35,oa:W3082228205,candidate,2020,The New Normal in Clinical Trials: Decentralized Studies
36,oa:W1516474304,candidate,2011,Recent trends and structural breaks in the US and EU15 labour productivity growth
37,oa:W3006255064,candidate,2020,"The role of ICT infrastructure, innovation and globalization on economic growth in OECD countries, 1996-2017"
38,oa:W3188429821,candidate,2021,Leveraging digital technologies to boost productivity in the informal sector in Sub‐Saharan Africa
39,oa:W3093345774,candidate,2020,Digital Competitiveness in the European Union Era: The Greek Case
40,oa:W2802579547,candidate,2018,Evolution of the linkage structure of ICT industry and its role in the economic system: the case of Korea
41,oa:W2036394047,candidate,2002,"Growth, Technological Change, and ICT Diffusion: Recent Evidence from OECD Countries"
42,oa:W2156016797,candidate,2005,Catching up or getting stuck? Europe's troubles to exploit ICT's productivity potential
43,oa:W3016425210,candidate,2020,The Impact of Internet Use on Income: The Case of Rural Ghana
44,oa:W4381432453,candidate,2023,Is achieving environmental sustainability dependent on information communication technology and globalization? Evidence from selected OECD countries
45,oa:W4402731213,candidate,2024,Financial inclusion through digitalization and economic growth in Asia-Pacific countries
46,oa:W4285056912,candidate,2019,Uncertainty and Economic Activity: A Multicountry Perspective
47,oa:W2094856675,candidate,2012,Job search on the internet and its outcome
48,oa:W4390234295,candidate,2023,Investigation of the effect of natural resource dependence on environmental sustainability under the novel load capacity curve hypothesis
49,oa:W1568990875,candidate,2000,"Skill-Biased Technical Change: Theoretical Concepts, Empirical Problems and a Survey of the Evidence"
50,oa:W3003345602,candidate,2017,"Wages and Human Capital in Finance: International Evidence, 1970–2011"
51,oa:W4391912921,candidate,2024,"RETRACTED: How do information and communication technology, human capital and renewable energy affect CO2 emission; New insights from BRI countries"
52,oa:W2790309549,candidate,2018,Globalisation at a critical conjuncture?
53,oa:W4405030788,candidate,2024,"The impact of digital literacy and technology adoption on financial inclusion in Africa, Asia, and Latin America"
54,oa:W4385766590,candidate,2023,Influence of artificial intelligence applications on total factor productivity of enterprises—evidence from textual analysis of annual reports of Chinese-listed companies
55,oa:W2048550856,candidate,2012,"Cluster Life Cycles, Path Dependency and Regional Economic Development: Insights from a Meta-Study on Basque Clusters"
56,oa:W3162975194,candidate,2021,Developing Digital Economy and Society in the Light of the Issue of Digital Convergence of the Markets in the European Union Countries
57,oa:W3030277687,candidate,2020,"Nexus between energy consumption, information and communications technology, and economic growth: An enquiry into emerging Asian countries"
58,oa:W2090032825,candidate,1997,Impact of R&D and Technology Diffusion on Productivity Growth: Empirical Evidence for 10 OECD Countries
59,oa:W4221074446,candidate,2022,New digital technologies and firm performance in the Italian economy
60,oa:W4388641827,candidate,2019,Digitalization and Productivity: In Search of the Holy Grail - Firm-level Empirical Evidence from European Countries
61,oa:W2135306552,candidate,2002,Britain's Relative Productivity Performance: Has Anything Changed?
62,oa:W248336655,candidate,2015,The Value of the Future: The Child as Human Capital and the Neoliberal Labor of Race
63,oa:W4387776334,candidate,2023,Labor Market Exposure to AI: Cross-country Differences and Distributional Implications
64,oa:W4317378728,candidate,2023,Theorizing the relationship between the digital economy and firm productivity: The idiosyncrasies of firm-specific contexts
65,oa:W4313575091,candidate,2023,Evolution of Green Finance: A Bibliometric Analysis through Complex Networks and Machine Learning
66,oa:W2074457791,candidate,2008,The world is not flat: putting globalization in its place
67,oa:W3026452925,candidate,2020,How does the digital economy and society index (DESI) affect labor market indicators in EU countries?
68,oa:W4225291677,candidate,2022,Enhancing human development in developing regions: Do ICT and transport infrastructure matter?
69,oa:W2607608282,candidate,2017,"Skills, earnings, and employment: exploring causality in the estimation of returns to skills"
70,oa:W1967557935,candidate,2005,Potential Offshoring: Evidence from Selected OECD Countries
71,oa:W4285729229,candidate,2022,"The ICT, financial development, energy consumption and economic growth nexus in MENA countries: dynamic panel CS-ARDL evidence"
72,oa:W3165144205,candidate,2021,"Understanding the link between government cashless policy, digital financial services and socio-demographic characteristics in the MENA countries"
73,oa:W2535167505,candidate,2004,Knowledge and Innovation
74,oa:W2552031084,candidate,2015,"The Digital Economy, ICT and Economic Growth in the CEE Countries"
75,oa:W4387579394,candidate,2023,Can digital economy improve tourism economic resilience? Evidence from China
76,oa:W2075415110,candidate,2005,Contribution of information and communication technology to total factor productivity and externalities effects
77,oa:W4392059563,candidate,2024,How artificial intelligence affects the labour force employment structure from the perspective of industrial structure optimisation
78,oa:W4402129173,candidate,2024,The role of human-capital in artificial intelligence adoption
79,oa:W2126824372,candidate,2006,Can Information and Communication Technologies Make a Difference in the Development of Transition Economies?
80,oa:W3003854263,candidate,2020,Back to the future. Is industry 4.0 a new tecno-organizational paradigm? Implications for Latin American countries
81,oa:W2159940754,candidate,2006,Convergence or Divergence? The Impacts of Globalisation on Growth and Inequality in Less Developed Countries
82,oa:W4408475552,candidate,2025,"Digital literacy, labor migration and employment, and rural household income disparities"
83,oa:W2591342682,candidate,2017,Profile: The Dar Es Salaam Health and Demographic Surveillance System (Dar es Salaam HDSS)
84,oa:W4309281597,candidate,2022,“Digital Dividend” or “Digital Divide”: What Role Does the Internet Play in the Health Inequalities among Chinese Residents?
85,oa:W4394766226,candidate,2024,Understanding the nonlinear effect of digital technology development on CO 2 reduction
86,oa:W4283066903,candidate,2022,Does Digital Financial Inclusion Reduce China’s Rural Household Vulnerability to Poverty: An Empirical Analysis From the Perspective of Household Entrepreneurship
87,oa:W3197357467,candidate,2022,"Economic growth, renewable and nonrenewable electricity consumption: Fresh evidence from a panel sample of African countries"
88,oa:W2146913387,candidate,2005,Does the digital divide matter? The role of information and communication technology in cross-country level and growth estimates
89,oa:W3132768094,candidate,2021,Impact of institutions and ICT services in avoiding resource curse: lessons from the successful economies
90,oa:W4396622291,candidate,2024,Does digital technology enhance the global value chain position?
91,oa:W1946556118,candidate,2003,"Flat Hierarchical Structure, Bundles of New Work Practices and Firm Performance"
92,oa:W1495973725,candidate,2000,"Tools for Thought: What is New and Important about the ""E-conomy""?"
93,oa:W3175344889,candidate,2021,ICT development and shadow economy: Empirical evidence from the EU transition economies
94,oa:W4294740899,candidate,2022,Modeling the impact of digital economy on urban environmental pollution: Empirical evidence from 277 prefecture-level cities in China
95,oa:W4281631267,candidate,2022,Revisiting the effects of natural resources on income inequality in Sub-Saharan Africa
96,oa:W158023556,candidate,2001,Children Falling into the Digital Divide
97,oa:W4313597831,candidate,2023,Interpretable machine learning learns complex interactions of urban features to understand socio‐economic inequality
98,oa:W2068352508,candidate,2006,Exploiting ICT potential in service firms in transition economies
99,oa:W2117289795,candidate,2003,The productivity problem of the Dutch economy: Implications for economic and social policies and business strategy
100,oa:W4400726466,candidate,2024,Digital divide and digitalization in Europe: A bibliometric analysis
101,oa:W4407816537,candidate,2025,"Assessing the Impact of Green Energy Transition, Technological Innovation, and Natural Resources on Load Capacity Factor in Algeria: Evidence from Dynamic Autoregressive Distributed Lag Simulations and Machine Learning Validation"
102,oa:W4311764665,candidate,2022,The employment effects of digital infrastructure: firm-level evidence from the ‘Broadband China’ strategy
103,oa:W4392267231,candidate,2024,Smarter and cleaner: How does energy digitalization affect carbon productivity?
104,oa:W4412119778,candidate,2025,The impact of green finance on sustainable development: an investigation into national ESG performance
105,oa:W4313625053,candidate,2023,Heterogeneous impact of internet availability on female labor market outcomes in an emerging economy: Evidence from Indonesia
106,oa:W2126786169,candidate,2010,THE EFFECT OF INFORMATION TECHNOLOGY AND HUMAN CAPITAL ON ECONOMIC GROWTH
107,oa:W2327039255,candidate,2016,"The relationship between non-communicable disease occurrence and poverty—evidence from demographic surveillance in Matlab, Bangladesh"
108,oa:W4405409644,candidate,2024,New technologies and jobs in Europe
109,oa:W423636575,candidate,2012,Industrial Productivity in Europe : Growth and Crisis
110,oa:W4404877327,candidate,2024,"Does access to energy matter? Understanding the complex nexus among energy consumption, ICT, foreign direct investment and economic growth on carbon emissions in Sub-Saharan Africa"
111,oa:W3194576429,candidate,2021,Development of Digital Economy and Regional Total Factor Productivity: An Analysis Based on National Big Data Comprehensive Pilot Zone
112,oa:W4382358287,candidate,2023,Technology adoption behaviors of farmers during crises: What are the key factors to consider?
113,oa:W4393997079,candidate,2024,Impact of digital inclusive finance on agricultural total factor productivity in Zhejiang Province from the perspective of integrated development of rural industries
114,oa:W4388789653,candidate,2023,"Moving toward sustainable agriculture: The nexus between clean energy, ICT, human capital and environmental degradation under SDG policies in European countries"
115,oa:W4400291898,candidate,2024,Has the Digital Economy Improved the Urban Land Green Use Efficiency? Evidence from the National Big Data Comprehensive Pilot Zone Policy
116,oa:W4390613816,candidate,2024,"Assessing the Impact of Digitalization, Tax Revenues, and Energy Resource Capacity on Environmental Quality: Fresh Evidence from CS-ARDL in the EKC Framework"
117,oa:W2142834447,candidate,2011,Human Capital and Growth of Information and Communication Technology-intensive Industries: Empirical Evidence from Open Economies
118,oa:W2313665795,candidate,2014,"Informality, Inequality, and ICT in Transition Economies"
119,oa:W1577972414,candidate,2004,ICT and Productivity of the Manufacturing Industries in Iran
120,oa:W4386837253,candidate,2023,E‐commerce and Consumption Inequality in China
121,oa:W4381548479,candidate,2023,Heterogenous influence of productive capacities pillars and natural resources on ecological sustainability in developing Belt and Road host countries
122,oa:W4387843939,candidate,2023,The Impact of the Digital Economy on Transformation and Upgrading of Industrial Structure: A Perspective Based on the “Poverty Trap”
123,oa:W3027702918,candidate,2019,Does Digitalization Increase Economic Growth? Evidence from ASEAN8 Countries
124,oa:W2008451126,candidate,2011,Requirements for Infrastructure Investment in Latin America Under Alternate Growth Scenarios
125,oa:W4377291719,candidate,2023,Can Digital Finance Promote Professional Farmers’ Income Growth in China?—An Examination Based on the Perspective of Income Structure
126,oa:W4380047057,candidate,2023,Job creation and destruction in the digital age: Assessing heterogeneous effects across European Union countries
127,oa:W3013742677,candidate,2020,The Relationship between Primary Energy Consumption and Real Gross Domestic Product: Evidence from Major Asian Countries
128,oa:W3122816108,candidate,2001,E-commerce and Export Promotion Policies for Small- and Medium-sized Enterprises: East Asian and Latin American Experiences
129,oa:W3124037942,candidate,2013,"ICT, Reallocation and Productivity"
130,oa:W4407835735,candidate,2025,From algorithms to green growth: Can artificial intelligence drive enterprise energy transformation?
131,oa:W4361274953,candidate,2023,Carbon Emission Reduction Effects of the Digital Economy: Mechanisms and Evidence from 282 Cities in China
132,oa:W195304221,candidate,2003,Defense Expenditure and Economic Growth in the SAARC Countries
133,oa:W4377293915,candidate,2023,Fintech and banks as complements in microentrepreneurship
134,oa:W4391530059,candidate,2024,Mechanism research on digital inclusive finance promoting high-quality economic development: Evidence from China
135,oa:W4283360387,candidate,2022,"Epidemic Exposure, Financial Technology, and the Digital Divide"
136,oa:W4400871359,candidate,2024,The Employment Effects of a Guaranteed Income: Experimental Evidence from Two U.S. States
137,oa:W4321601610,candidate,2023,The Road to Common Prosperity: Can the Digital Countryside Construction Increase Household Income?
138,oa:W4366421775,candidate,2023,"Empirical Analysis of Inclusive Growth, Information and Communication Technology Adoption, and Institutional Quality"
139,oa:W2110867059,candidate,2007,Of Yeast and Mushrooms: Patterns of Industry-Level Productivity Growth
140,oa:W2206538876,candidate,2015,What are the drivers of total factor productivity in the European Union?
141,oa:W4399555611,candidate,2024,Financial Technologies for All MENA citizens: Tackling barriers and promoting inclusion
142,oa:W4399178543,candidate,2024,Digital transformation and green innovation: firm-level evidence from China
143,oa:W3022427546,candidate,2020,Digital transformation management: Scientific approaches and economic policy
144,oa:W1514970945,candidate,2007,Product Market Regulation and Productivity Convergence: OECD Evidence and Implications for Canada
145,oa:W3215559759,candidate,2021,Does bank concentration stem from financial inclusion in Africa?
146,oa:W2968037914,candidate,2019,Universal Basic Income and Inclusive Capitalism: Consequences for Sustainability
147,oa:W4281389678,candidate,2022,Assessing the impact of digital technology diffusion policies. Evidence from Italy
148,oa:W4288075192,candidate,2022,ICT Leapfrogging and Economic Growth Among SAARC Economies: Evidence From Method of Moments Quantile Regression
149,oa:W1511406974,candidate,2010,Service Sector Productivity in Japan: The key to future economic growth
150,oa:W4381322788,candidate,2023,Does the development of digital economy infrastructure reduce the urban-rural income gap? Theoretical experience and empirical data from China
151,oa:W4406338136,candidate,2025,Spatiotemporal evolution and driving factors of the synergistic effects of pollution control and carbon reduction in China
152,oa:W2049538385,candidate,2003,Strategies for Developing China's Software Industry
153,oa:W2168859220,candidate,2009,Determinants of Labor Productivity: An Empirical Investigation of Productivity Divergence
154,oa:W4390669935,candidate,2024,"Exploring the Influence of Digital Transformation on Clean Energy Transition, Climate Change, and Economic Growth among Selected Oil-Export Countries through the Panel ARDL Approach"
155,oa:W3163438799,candidate,2021,Intangible assets and the efficiency of manufacturing firms in the age of digitalisation: the Russian case
156,oa:W2572109189,candidate,2016,Islamic microfinance branchless banking model in Indonesia
157,oa:W4388562647,candidate,2023,Digital resilience: A multiple case study of Taobao village in rural China
158,oa:W2108934272,candidate,2011,Income Inequality and Technology Diffusion: Evidence from Developing Countries*
159,oa:W3118680271,candidate,2019,How do digital technologies drive Greece's economic growth? Opportunities and challenges
160,oa:W2130211798,candidate,2004,The Impact of ICT on Growth in Transition Economies
161,oa:W809792045,candidate,2017,Income Inequality and Technological Adoption
162,oa:W4392386931,candidate,2024,Impact of digitization on carbon productivity: an empirical analysis of 136 countries
163,oa:W4286696818,candidate,2022,The impact of research and development (R&D) on economic growth: new evidence from kernel-based regularized least squares
164,oa:W2766719294,candidate,2017,"Cities in transition: problems, processes and policies"
165,oa:W4387042527,candidate,2023,"Is mother nature responsible for Africa's predicaments? Pathways to breaking the chains of the resource curse through the lens of good governance, digitalisation and energy transition"
166,oa:W4311160746,candidate,2022,Does Smart City Construction Decrease Urban Carbon Emission Intensity? Evidence from a Difference-in-Difference Estimation in China
167,oa:W2942544067,candidate,2020,The Middle-Income Trap 2.0: The Increasing Role of Human Capital in the Age of Automation and Implications for Developing Asia
168,oa:W4401479151,candidate,2024,Digitalization means green? Linking the digital economy to environmental performance in the tourism industry
169,oa:W4402588368,candidate,2024,Do ICT and green technology matter in sustainable development goals?
170,oa:W3123921087,candidate,2021,Heterogeneous Effects of ICT across Multiple Economic Development in Chinese Cities: A Spatial Quantile Regression Model
171,oa:W4383505793,candidate,2023,Diffusion of technology and renewable energy in the G10 countries: A panel threshold analysis
172,oa:W4405613081,candidate,2024,"Impact of Green Technological Innovations, ICT, and Renewable Energy on CO2 Emissions in Emerging Economies"
173,oa:W4391223479,candidate,2024,Unveiling the drivers of Africa's digital financial inclusion journey
174,oa:W4410246585,candidate,2025,"Artificial intelligence and global carbon inequality: Addressing the challenges and opportunities for SDG 10, SDG 12, and SDG 13"
175,oa:W4394760558,candidate,2024,"Toward sustainable climate action in advanced economies: Linking information communication technology, technological innovation, economic complexity, and ecological footprint"
176,oa:W4411219797,candidate,2025,Synergizing Financial Inclusion and Green Finance: Advancing Sustainable Development Goals 2030 and 2050 in Alignment With COP 29 Commitments
177,oa:W4200420982,candidate,2021,Building an effective model of intelligent entrepreneurship development in digital economy
178,oa:W4315864438,candidate,2023,Does China’s Regional Digital Economy Promote the Development of a Green Economy?
179,oa:W4405264274,candidate,2024,Digital transformation in emerging markets: the role of technology adoption and innovative marketing strategies among SMEs in the post – pandemic era
180,oa:W2912137258,candidate,2019,GLOBAL VALUE CHAINS IN INDUSTRIES: COMMON AND SPECIFIC FEATURES
181,oa:W4410004311,candidate,2025,"Digital innovation, human capital allocation, and labour share: Empirical evidence from listed companies in China"
182,oa:W4296810263,candidate,2022,Does Human Capital Matter for China’s Green Growth?—Examination Based on Econometric Model and Machine Learning Methods
183,oa:W4412657845,candidate,2025,Can artificial intelligence mitigate environmental inequality? Evidence from leading robotic-driven economies using quantile-based methods
184,oa:W3020048363,candidate,2019,Detection of rare events: A machine learning toolkit with an application to banking crises
185,oa:W4406169831,candidate,2025,"Linking Resource Richness, Digital Economy, and Clean Energy to Ecological Footprint and Load Capacity Factor in Emerging Markets"
186,oa:W2769782126,candidate,2017,Explaining firm-level total factor productivity in post-transition: manufacturing vs. services sector
187,oa:W4388214402,candidate,2023,The impact of corporate digital transformation on the export product quality: Evidence from Chinese enterprises
188,oa:W4310387035,candidate,2022,Information and Communication Technology Adoption and Life Insurance Market Development: Evidence from Sub-Saharan Africa
189,oa:W4327700332,candidate,2023,A study on artificial intelligence orientation and new venture performance
190,oa:W3014490255,candidate,2020,Modern Labor Market Challenges during the Transition to Digital Economy
191,oa:W4404018178,candidate,2024,"Artificial Intelligence and the Development of “Specialized, Refined, Unique, and Innovative” Small‐ and Medium‐Sized Enterprises"
192,oa:W4405319362,candidate,2024,Exploring long-run CO2 emission patterns and the environmental kuznets curve with machine learning methods
193,oa:W4392862814,candidate,2024,Digital economy and urban green development: A quasi-natural experiment based on national big data comprehensive pilot zone
194,oa:W4389778711,candidate,2023,The impact of digital economy on high-quality economic development: Research based on the consumption expansion
195,oa:W4404837469,candidate,2024,The Impact of Financial Inclusion and Digitalization on CO2 Emissions: A Cross-Country Empirical Analysis
196,oa:W4385668548,candidate,2023,Digital financial inclusion and income inequality in WAEMU: What causality for what heterogeneity?
197,oa:W2516937518,candidate,2016,Development of the Digital Economy in Cameroon: Challenges and Perspectives
198,oa:W4220666351,candidate,2023,Modelling Sovereign Credit Ratings:Evaluating the Accuracy and Driving Factors using Machine Learning Techniques
199,oa:W52030134,candidate,2007,Indian IT and ICT Industry: A Performance Analysis Using Data Envelopment Analysis and Malmquist Index
200,oa:W2168667098,candidate,2013,"Discovering the Impact of ICT, FDI and Human Capital on GDP: A Cross-sectional Analysis"
201,oa:W4388796829,candidate,2023,Does artificial intelligence kill employment growth: the missing link of corporate AI posture
202,oa:W3135815868,candidate,2020,"Digitization of Economic Systems and Human Capital: Enterprise, Region, National Economy"
203,oa:W2047240704,candidate,2005,Comparison of e-commerce in India and Mexico: an example of technology diffusion in developing nations
204,oa:W4403524935,candidate,2024,Sustainable development in African countries: evidence from the impacts of education and poverty ratio
205,oa:W4404516188,candidate,2024,"Exploring the interplay of foreign direct investment, digitalization, and green finance in renewable energy: Advanced analytical methods and machine learning insights"
206,oa:W2148982539,candidate,2009,Capital Services Growth in the UK: 1950 to 2006*
207,oa:W4384557370,candidate,2023,The Effect of Digitalization on Youth Unemployment for EU Countries: Treat or Threat?
208,oa:W4309604549,candidate,2022,Digitizable Product Trade Development and Carbon Emission: Evidence from 94 Countries
209,oa:W3124371329,candidate,2009,Why Are Developing Countries so Slow in Adopting New Technologies
210,oa:W4321498844,candidate,2023,Can data flow provisions facilitate trade in goods and services? —Analysis based on the TAPED database
211,oa:W2990100693,candidate,2021,Combining Outcome-Based and Preference-Based Matching: A Constrained Priority Mechanism
212,oa:W3034292611,candidate,2019,Industry 4.0: the directions for attracting investment from the perspective of the interests of domestic producers
213,oa:W3113384156,candidate,2020,Information and Communication Technology Adoption and the Demand for Female Labor: The Case of Indian Industry
214,oa:W2948258599,candidate,2021,Technology adoption and the middle‐income trap: Lessons from the Middle East and East Asia
215,oa:W4285775883,candidate,2019,China’s Productivity Convergence and Growth Potential—A Stocktaking and Sectoral Approach
216,oa:W4400315891,candidate,2024,Does the digital economy promote or inhibit income inequality?
217,oa:W3190424649,candidate,2021,Does digital financial inclusion moderate or exacerbate output volatility?
218,oa:W4388830905,candidate,2023,Informal sector in India and adoption of digital technologies
219,oa:W7125246609,candidate,2026,Determinants of Green Energy Penetration in N-11 Countries: A Machine Learning Analysis
220,oa:W4307547315,candidate,2022,Profound Impact of Economic Openness and Digital Economy towards a Sustainable Development: A New Look at RCEP Economies
221,oa:W4409162890,candidate,2025,"Examining the role of artificial intelligence, financial innovation, and green energy transition in enhancing environmental quality"
222,oa:W4283272453,candidate,2022,DEVELOPMENT OF THE MODEL TO EXAMINE THE IMPACT OF INFRASTRUCTURE ON ECONOMIC GROWTH AND CONVERGENCE
223,oa:W4403687801,candidate,2024,Digital Economy and Urban Carbon Emissions: A Quasi-Natural Experiment of the National Big Data Comprehensive Pilot Zone in China
224,oa:W4292566745,candidate,2022,COVID-19 and remote work inequality: Evidence from South Korea
225,oa:W4389134347,candidate,2023,Research on the Impact of Digital Inclusive Finance on the Financial Vulnerability of Aging Families
226,oa:W1690360607,candidate,2008,Participatory content creation for development: principles and practices
227,oa:W3130180526,candidate,2021,R&D Management at a time of crisis: what are we learning from the response to the COVID‐19 pandemic?
228,oa:W3188195561,candidate,2021,Testing the convergence and the divergence in five Asian countries: from a GMM model to a new Machine Learning algorithm
229,oa:W2751992755,candidate,2017,"Innovations, ICT and ICT ‐driven labour productivity in Poland"
230,oa:W3045298620,candidate,2020,"The pursuit of growth. Growth regimes, growth strategies and welfare reforms in advanced capitalist economies"
231,oa:W4400595026,candidate,2024,The impact of digital economy development on public health: evidence from Chinese cities
232,oa:W4396533070,candidate,2024,Digital economy and China's agricultural exports: based on trade cost and market competition effect
233,oa:W4404165591,candidate,2024,Research on the impact and mechanism of digital economy on China’s food production capacity
234,oa:W4405738542,candidate,2024,How do Chinese urban investment bonds affect its economic resilience? Evidence from double machine learning
235,oa:W3012301796,candidate,2020,The Impact of International Integration on the Inequality of Income between Rural and Urban Areas in Vietnam
236,oa:W4366777381,candidate,2023,The moderating role of ICT on the relationship between foreign direct investment and the quality of environment in selected African countries
237,oa:W4292830039,candidate,2022,Going online: Forecasting the impact of websites on productivity and market structure
238,oa:W2157063957,candidate,2014,Innovativeness and intangibles in transition: the case of Slovenia
239,oa:W2912760045,candidate,2018,What drives labor market polarization in advanced countries? The role of China and technology
240,oa:W3112424627,candidate,2020,Global and Ukrainian Labour Markets in the Face of Digitalization Challenges and the Threats of the COVID-19 Pandemic
241,oa:W4403058707,candidate,2024,Investment in intangible assets and economic complexity
242,oa:W4387617274,candidate,2023,The unequal implications of Industry 4.0 adoption: evidence on productivity growth and convergence across Europe
243,oa:W2316911941,candidate,2016,ICT spillovers and productivity in Canada: provincial and industry analysis
244,oa:W4386611401,candidate,2023,DIGITAL DIVIDE OR DIGITAL INEQUALITY? NEW DIMENSIONS OF GLOBAL ASYMMETRIES OF SOCIO-ECONOMIC DEVELOPMENT AND INTERNATIONAL TRADE IN THE CONDITIONS OF TECHNOGLOBALISM
245,oa:W4383373671,candidate,2023,The impact of the digital economy on green total factor productivity in Belt and Road countries: the mediating role of energy transition
246,oa:W4389640823,candidate,2023,The state of digital technology and innovation development: The comparative position of Thailand in ASEAN
247,oa:W4210717892,candidate,2022,Factors Influencing Labor Productivity in Modern Economies: a Review and Qualitative Text Analysis
248,oa:W4214888683,candidate,2022,"Top R&D investors, structural change and the R&D growth performance of young and old firms"
249,oa:W7154204750,candidate,2026,A digital path to carbon neutrality: Heterogeneous green innovations and their spatial impact for Chinese cities
250,oa:W4393275790,candidate,2024,Trends in household out-of-pocket health expenditures and their underlying determinants: explaining variations within African regional economic communities from countries panel data
251,oa:W1975005999,candidate,2009,The Race towards a Knowledge Based Economy: A Comparative Study between Malaysia and Thailand
252,oa:W1968578996,candidate,2014,Which firms export? An empirical analysis for the manufacturing sector in the MENA region
253,oa:W3175632915,candidate,2021,Rethinking African globalisation agenda: Lessons from COVID-19
254,oa:W4405511478,candidate,2024,Did digitalization of manufacturing industry improved the carbon emission efficiency of exports: Evidence from China
255,oa:W4365812496,candidate,2023,Influence of digital divide in the entrepreneurial motor of a digital economy: a system dynamics approach
256,oa:W4401117630,candidate,2024,Digital economy empowered entrepreneurship
257,oa:W4283727744,candidate,2022,Evaluating the Performance of Inclusive Growth Based on the BP Neural Network and Machine Learning Approach
258,oa:W2733655462,candidate,2017,Total Factor Productivity in Advanced Countries: A Longterm Perspective
259,oa:W4402774053,candidate,2024,How artificial intelligence plays a role in achieving sustainable development goals?
260,oa:W4407243191,candidate,2025,"Promoting Economic Development Through Digitalisation: Impacts on Human Development, Economic Complexity, and Gross National Income"
261,oa:W2958442746,candidate,2019,ICT and transport infrastructure development: an empirical analysis of complementarity
262,oa:W2130784267,candidate,2007,"Productivity in Japan, the US, and the Major EU Economies: Is Japan Falling Behind?"
263,oa:W4393344337,candidate,2024,How natural resources and technological advancements affect environmental quality: Evidence from load capacity factor in N‐11 nations
264,oa:W4400738720,candidate,2024,Trade and globalization
265,oa:W3080605043,candidate,2020,Factors affecting level of unemployment in South Asia
266,oa:W4392858651,candidate,2024,The Rise and Fall of Technological Leadership: General-Purpose Technology Diffusion and Economic Power Transitions
267,oa:W2019648388,candidate,2005,Information and communication technology diffusion and skill upgrading in Korean industries
268,oa:W4388785156,candidate,2023,Informality and aggregate labor productivity growth: Does ICT moderate the relationship?
269,oa:W4393169174,candidate,2024,Economic growth and the proliferation of ICT infrastructures: which causes the other?
270,oa:W21337849,candidate,2012,Information-communication technology impact on labor productivity growth of EU developing countries
271,oa:W4386031804,candidate,2023,Will advances in digital technology reduce the rural-urban income gap?
272,oa:W4413498407,candidate,2025,Government digital subsidies and corporate digital technology innovation: Evidence from Chinese listed companies
273,oa:W4410597221,candidate,2025,Rewiring Sustainability: How Digital Transformation and Fintech Innovation Reshape Environmental Trajectories in the Industry 4.0 Era
274,oa:W2957382434,candidate,2019,"‘More, better, faster & sustained’"
275,oa:W1973016732,candidate,2006,Consumers’ preferences for the attributes of post-PC: results of a contingent ranking study
276,oa:W4412048591,candidate,2025,Does artificial intelligence help in improving human capital based educational development? Evidence from 29 countries
277,oa:W4414551051,candidate,2025,"Artificial Intelligence for Sustainable Development: Quantile Evidence From FinTech, Human Capital, and Green Energy in G7 Economies"
278,oa:W4391573753,candidate,2024,Towards ICT diffusion and trade liberalisation on inclusive growth in Sub-Saharan Africa
279,oa:W4392364906,candidate,2024,How does the development of rural broadband in China affect agricultural total factor productivity? Evidence from agriculture-related loans
280,oa:W2102903807,candidate,2005,Canada's Productivity Performance in International Perspective
281,oa:W2096397833,candidate,2008,State-led Catching up Strategies and Inherited Conflicts in Developing the ICT Industry: Behind the US–East Asia Semiconductor Disputes
282,oa:W4385580876,candidate,2023,Understanding the relationship between technological innovation and environmental sustainability under the silver lining of education
283,oa:W2344261220,candidate,2016,Experiences of high-growth technology firms in Malaysia and New Zealand
284,oa:W2523962216,candidate,2016,Why Effective Health Advocacy Is So Important Today
285,oa:W4288075175,candidate,2022,ICT and Economic Growth in EU: A macro Level Comparison of Estimated ICT Output Elasticities
286,oa:W3127918874,candidate,2008,"Market services productivity across Europe and the US [‘Distance to Frontier, Selection, and Economic Growth’]"
287,oa:W3129918080,candidate,2020,STRATEGIC HUMAN CAPITAL MANAGEMENT IN THE CONTEXT OF DIGITALIZATION
288,oa:W2010884411,candidate,2003,The Growth of ICT and Industry Performance - Manufacturing in the US and UK Compared
289,oa:W4414175488,candidate,2025,Exploring the Nonlinear Relationship of Environmental Sustainability Factors and Economic Growth in West Africa: Novel Machine Learning Evidence
290,oa:W2143652789,candidate,2010,The Economic Impact of Capital-Skill Complementarities in German and US Industries Productivity Growth and the New Economy
291,oa:W2986479996,candidate,2019,An Agenda for Competition Law and Policy in the Digital Economy
292,oa:W4401117361,candidate,2024,Digitalization and productivity in the Chinese wind power industry: the serial mediating role of reconfiguration capability and technological innovation
293,oa:W2135037113,candidate,2009,"The ""New Growth Model"". How and with Whom?"
294,oa:W4415305806,candidate,2025,"Nexus between CO2 emissions, economic growth, and energy consumption with special reference to BRICS: A panel data approach"
295,oa:W4404259382,candidate,2024,"Socio-economic determinants of sustainable tourism and their nexus with energy, environment, and economy (3ES): A panel data analysis"
296,oa:W4297323610,candidate,2022,The Impact of Digital Transformation in the Accounting System of Fuel and Energy Complex Enterprises (International Experience)
297,oa:W7134173431,candidate,2026,"Intelligent Manufacturing, Industrial Agglomeration, and Green and Low‐Carbon Development: A Nonlinear Path Test Based on the Theory of Ecological Modernization"
298,oa:W1481544043,candidate,2005,ICT and Productivity Growth in Transition Economies: Two-Phase Convergence and Structural Reforms
299,oa:W3108502069,candidate,2020,The Trends of Employment in the Digital Economy
300,oa:W1805745841,candidate,2004,Trends of Convergence and Divergence in the Information Economy: Lessons for Developing Countries
301,oa:W3049063661,candidate,2019,Intangible Capital and Labour Productivity Growth: A Review of the Literature
302,oa:W2125842344,candidate,2013,Does ICT Participate in Economic Convergence among Asian Countries: Evidence from Dynamic Panel Data Model
303,oa:W3090058063,candidate,2020,Global artificial intelligence systems and technology market: formation and development trends
304,oa:W4414541942,candidate,2025,A machine learning framework for forecasting multidimensional sustainability and informing integrated policy thresholds in the EU
305,oa:W3127761446,candidate,2021,Breaking through the digital ceiling: ICT skills and labour market opportunities
306,oa:W178374994,candidate,2004,"Culture, Innovation, and Economic Development: The Case of the South Indian ICT Clusters"
307,oa:W4411633835,candidate,2025,"Technological progress, institutions, and environment: A disaggregated ecological footprint analysis for Gulf Cooperation Council countries"
308,oa:W2134189498,candidate,2004,"Technological Learning, Policy Regimes and Growth in a `Globalized' Economy: General Patterns and the Latin American Experience"
309,oa:W4294739443,candidate,2022,Does Smartphone Use Improve the Dietary Diversity of Rural Residents? Evidence from Household Survey Data from 5 Provinces
310,oa:W4317423514,candidate,2023,“Digitalisation” and “Greening” as Components of Technology Upgrading and Sustainable Economic Performance
311,oa:W2118216057,candidate,2010,Changing role of BRIC countries in technology-driven international division of labor
312,oa:W4391166279,candidate,2024,Dynamics of labor and capital in AI vs. non-AI industries: A two-industry model analysis
313,oa:W4242431247,candidate,2020,Problems and prospects of human potential development in rural areas of Ukraine
314,oa:W4414288124,candidate,2025,Uncovering patterns of digital transformation of European economies using self-organizing maps
315,oa:W1519128670,candidate,2002,East Asia in the Information Economy
316,oa:W3110516357,candidate,2020,E-commerce Development in Europe: A Panel Data Analysis 2003–2017
317,oa:W4321128484,candidate,2022,The relevance of using digital and cognitive technologies in small businesses in the conditions of a global pandemic
318,oa:W4206081570,candidate,2021,Innovation development and entrepreneurship management in tourism of Azerbaijan: current trends and priorities
319,oa:W4384826322,candidate,2023,A Mechanistic Study of the Impact of Digital Payments on Rural Household Development Resilience
320,oa:W4221137266,candidate,2022,The Effect of Technology Adoption on Financial Inclusion: A Cross-country Panel Analysis between China and Nigeria
321,oa:W4391231173,candidate,2024,Information and communication technology and labour productivity growth: a production‐frontier approach
322,oa:W244573342,candidate,2010,HUMAN CAPITAL AND ICT PER CAPITAL CONTRIBUTION TO EAST ASIAN PRODUCTIVITY GROWTH
323,oa:W2107484457,candidate,2014,"Total Factor Productivity, Demographic Traits and ICT: Empirical Analysis for Asia"
324,oa:W3121925887,candidate,2016,"Wages and Human Capital in Finance: International Evidence, 1970-2005"
325,oa:W3217140764,candidate,2021,Economic determinants of total factor productivity growth: The Bayesian modelling averaging approach
326,oa:W3023699048,candidate,2003,"The Case of the Missing Productivity Growth : Or, Does Information Technology Explain Why Productivity Accelerated in the United States but Not the United Kingdom?, Working Paper 2003-08"
327,oa:W2087861132,candidate,2013,Human Development and Macroeconomic Returns within the Context of Investments in Telecoms: An Exploration of Transition Economies
328,oa:W2006465066,candidate,1999,Technology spillovers and informatisation in Japan: an analysis of information technology diffusion in large versus small and medium-sized enterprises
329,oa:W4229453988,candidate,2022,The Sustainable Efficiency Improvement of Internet Companies under the Background of Digital Transformation
330,oa:W4403279925,candidate,2024,Is digitalization essential for abating carbon emission growth in South Asia?
331,oa:W4200153122,candidate,2021,ICT Adoption and Stock Market Development in Africa: An Application of the Panel ARDL Bounds Testing Procedure
332,oa:W2966155278,candidate,2019,Welfare effects of transportation cost and food price volatility in the context of globalization in Nigeria
333,oa:W4408913938,candidate,2025,The impact of digital economic growth and financial expansion on CO2 mitigation strategies in leading emitting countries
334,oa:W4361268187,candidate,2023,Socioeconomic Productive Capacity and Renewable Energy Development: Empirical Insights from BRICS
335,oa:W4407163588,candidate,2025,The impact of digital payments on the financial vulnerability of rural households: empirical evidence from China
336,oa:W4376470681,candidate,2022,SCENARIO BASED MACRO ASSESSMENTS OF THE POST-WAR RECOVERY OF UKRAINE'S ECONOMY
337,oa:W4283733701,candidate,2022,"Effect Of Technology, Organization, And External Environment On Business Performance Mediated By The Adoption Of Technology 4.0 In SMEs"
338,oa:W4405640029,candidate,2024,Economies Before Scale: I.T. Strategy and Performance Dynamics of Young U.S. Businesses
339,oa:W4404639160,candidate,2024,Government Digital Transformation and the utilization of Basic Public Health Services by China’s migrant population
340,oa:W4309175187,candidate,2022,Management of Human Capital Development in the Era of the Digital Economy
341,oa:W4403742901,candidate,2024,The impact of information and communication technologies on export diversification: Evidence from developing countries
342,oa:W3120061724,candidate,2021,Has ICT Contributed to Increased Carbon Productivity in Industry?
343,oa:W4396640015,candidate,2024,Does Financial Inclusion Matter to Population Health? Insight From a Global Dataset
344,oa:W2141474768,candidate,2014,"ICT, Innovation and Productivity: Evidence from Eastern European Manufacturing Firms"
345,oa:W4408162510,candidate,2025,A Study on the Spatial Effects of the Digital Economy on Regional Economic Growth in China
346,oa:W581001028,candidate,2010,ICT Capital and MFP Growth: Evidence from Canadian and U.S. Industries
347,oa:W4318065816,candidate,2023,Can the Growth of the Digital Economy Be Beneficial for Urban Decarbonization? A Study from Chinese Cities
348,oa:W2955607686,candidate,2017,Gone with the Headwinds : Global Productivity
349,oa:W4401015013,candidate,2024,"Digital Inclusive Finance, Digital Technology Innovation, and Carbon Emission Intensity"
350,oa:W4404092183,candidate,2024,The inverted U-effect of digital financial inclusion on household food carbon footprint in China: The moderating roles of environmental concern and future expectations
351,oa:W4414708987,candidate,2025,Natural resource trade and financial technology as drivers of inclusive green growth in Belt and Road initiative countries
352,oa:W586746344,candidate,2014,Forecasting Mortgages: Internet Search Data as a Proxy for Mortgage Credit Demand
353,oa:W4226383685,candidate,2022,The Impact of Industrial Robots on the Skill-Based Wage Gap
354,oa:W7164204834,candidate,2026,"Assessing the Influence of Innovation and Digitalization on Carbon Footprint Across the Middle East, North Africa, and South Caucasus Regions"
355,oa:W4413039372,candidate,2025,Shadow economy and energy efficiency: utilising goal programming for sustainability assessment
356,oa:W3080644907,candidate,2020,DIGITALISATION AND THE CHALLENGES FOR AFRICAN ADMINISTRATIONS
357,oa:W4200116327,candidate,2021,Timing Market Entry: The Mediation Effect of Market Potential
358,oa:W4385329731,candidate,2023,"Digital Divide, Credit Financing and Financial Inclusion: Changing Patterns of Poverty, Employment and Income Inequalities"
359,oa:W4401474089,candidate,2024,"Internet use, income mobility and the expansion of the rural middle-income group: Evidence from China"
360,oa:W4312532529,candidate,2022,The impact of information and communication technology on financial inclusion-based on a global perspective
361,oa:W1988057697,candidate,2010,Diffusion of information and communication technologies: a takeoff analysis
362,oa:W2186225530,candidate,2015,The Impact of ICT investment on Human Development
363,oa:W169657005,candidate,2012,"Are ICT, Human Capital and Organizational Capital Complementary in Production? Evidence from Italian Panel Data"
364,oa:W4414628632,candidate,2025,Assessing the impact of digital economy and financial development on environmental quality worldwide
365,oa:W2149573193,candidate,2009,Labour Productivity Convergence in 52 Industries: A Panel Data Analysis of Some European Countries
366,oa:W4392700499,candidate,2024,The impact of the agricultural digital economy on China's agricultural export growth: Examining mechanisms from supply‐ and demand‐side path perspectives
367,oa:W4400058777,candidate,2024,"RETRACTED: Decarbonizing progress: Exploring the nexus of renewable energy, digital economy, and economic development in South American countries"
368,oa:W4408808044,candidate,2025,Are advancements in renewable energy technologies being driven by the digital economy and financial structure? An overview of the key eight nations
369,oa:W4281262670,candidate,2022,The impact of Internet use on labor wage distortions: Empirical Evidence From China
370,oa:W2042269406,candidate,2012,"OPENNESS AND PRODUCTIVITY: THE ROLE OF IMPORTS, FDI AND INTERNATIONAL TELECOMMUNICATIONS"
371,oa:W4313199699,candidate,2022,"Sustainable mobilisation of tax revenues to enhance economic growth in Sub-Saharan Africa: Challenges, opportunities, and possible areas of reform"
372,oa:W2989351441,candidate,2019,Investigating the effect of governance on unemployment: a case of South Asian countries
373,oa:W585725737,candidate,2006,"Information technology, innovation system and trade regime in developing countries : India and the ASEAN"
374,oa:W3126503640,candidate,2021,An empirical investigation of N-11 countries as successors of BRICS using panel data modeling
375,oa:W4410979865,candidate,2025,Exploring the transmission pathway of “Data-Finance” synergistic clustering on corporate economic adaptability: Evidence from quasi-experimental analysis in national Big Data Pilot Zones
376,oa:W4384201193,candidate,2023,"Y-REALITY AS A SHIFT FROM ""GREAT MODERATION"" TO ""GLOBAL CHAOS"": ASSESSMENT OF GLOBAL MACROECONOMIC AND CRISIS PROCESSES THROUGH THE PRISM OF GENERATIONAL DIALOGUE AND DEVELOPMENT ISSUES"
377,oa:W4414259167,candidate,2025,Rethinking Economic Policies: Diversification and Governance Strategies to Address the Resource Curse in Mineral‐Rich Economies
378,oa:W4394840593,candidate,2024,Integrated Role of Human Resource Management in Mitigating the Post-Covid-19 Challenges in Retail
379,oa:W2636275679,candidate,2017,Digital Divide and Income Inequality: A Spatial Analysis
380,oa:W4408670334,candidate,2025,Effect of Artificial Intelligence on Chinese Urban Green Total Factor Productivity
381,oa:W4313283212,candidate,2022,Determinants of service trade: How information and communication technology-based services are different?
382,oa:W3121619073,candidate,2017,Long-Term Growth and Productivity Projections in Advanced Countries
383,oa:W4409712691,candidate,2025,RETRACTED: Green finance and foreign investment: catalysts for sustainable prosperity in emerging economies
384,oa:W4285252145,candidate,2022,Methodological Approach to Identification of Innovative Determinants of Human Capital Management
385,oa:W2135510145,candidate,2010,ICT capital and services complementarities: the Italian evidence
386,oa:W4401150254,candidate,2024,Does Artificial Intelligence Improve Export Technical Complexity Upgrade of Manufacturing Enterprises? Evidence from China
387,oa:W4400331230,candidate,2024,The Impact and Mechanism behind the Effect of a Digital Economy on Industrial Carbon Emission Reduction
388,oa:W3165379067,candidate,2020,DIGITALIZATION – SUSTAINABLE DEVELOPMENT CONVERGENCE: METRICS AND EFFECTS IN ROMANIA
389,oa:W4405212122,candidate,2024,Rethinking the measurements and predictors of environmental degradation in Ethiopia: Predicting long-term impacts using a kernel-based machine learning approach
390,oa:W1590767883,candidate,2004,Fifty Years of Economic Growth in Western Europe
391,oa:W4401686506,candidate,2024,Firm level evidence on diffusion and returns on ICT: a study on Indian informal MSMEs
392,oa:W2805684079,candidate,2018,TECHNOLOGICAL SOURCES OF ECONOMIC GROWTH IN EUROPE AND THE U.S.
393,oa:W2225053796,candidate,2013,The Determinants of Total Factor Productivity in the EU: Insights from Sectoral Data and Common Dynamic Processes
394,oa:W4414439977,candidate,2025,Harnessing AI for renewable energy transition: Threshold effects on China’s economic growth
395,oa:W1971757906,candidate,2012,Cuba's “Equity without Growth” Dilemma and the 2011 Lineamientos
396,oa:W4410407694,candidate,2025,Decoding sustainability: a tempting bibliometric review of blockchain in climate action for emerging trends and future directions
397,oa:W4296312826,candidate,2022,EM Algorithm-Based Enterprise Digital Transformation: Green Innovation Efficiency of Enterprise Investment
398,oa:W1567157886,candidate,2007,Trade in services in Latin America and the Caribbean: an analysis of recent trends
399,oa:W4405054149,candidate,2024,Evaluation of Digitalization Processes in the Countries of the World and Ukraine According to World Indices and Rankings
400,oa:W4383571086,candidate,2023,The case of amazons E-commerce digital strategy in India
401,oa:W3002992250,candidate,2020,Characteristics of the transportation structure of the transport-logistical complex and its dynamics
402,oa:W4388247903,candidate,2023,Inventory Management Practices among Small and Micro Businesses during COVID-19 Pandemic
403,oa:W4401423896,candidate,2024,Structural Evolution and Its Determinants of Domestic Value-Added Network of Digital Service Exports Based on Temporal Exponential Random Graph Model
404,oa:W3127387370,candidate,2023,Complex Systems Modeling of Community Inclusion Currencies
405,oa:W4413446654,candidate,2025,Impacts of agritech on sustainable agriculture in Sub-Saharan Africa: a quantile regression approach towards SDG 2.4
406,oa:W4315641918,candidate,2023,Third-generation competition law
407,oa:W1875879214,candidate,2015,THE ROLE OF ICT IN THE PRODUCTIVITY OF CENTRAL AND EASTERN EUROPE AN COUNTRIES: CROSS-COUNTRY COMPARISON
408,oa:W4411713309,candidate,2025,Effects of the digital economy on economic growth in Africa: the role of human capital
409,oa:W3211928690,candidate,2021,Digital Technology and Inequality: The Impact on Arab Countries
410,oa:W2527108643,candidate,2016,Do Internet and Human Capital Matter for Economic Growth in Developing Countries? Empirical Evidence from WAEMU Countries
411,oa:W4409866095,candidate,2025,How the impact and mechanisms of digital financial inclusion on agricultural carbon emission intensity: new evidence from a double machine learning model
412,oa:W4404610566,candidate,2024,Transforming Agriculture: Empirical Insights into How the Digital Economy Elevates Agricultural Productivity in China
413,oa:W4404257916,candidate,2024,Platform Employment as an Instrument for Overcoming Labor Shortage and Human Capital Development
414,oa:W2914405104,candidate,2019,Long-Term Growth and Productivity Trends: Secular Stagnation or Temporary Slowdown?
415,oa:W4323670429,candidate,2023,How does digital technology affect total factor productivity in manufacturing industries? Empirical evidence from China
416,oa:W4386121510,candidate,2023,Digital Technology and Green Development in Manufacturing: Evidence from China and 20 Other Asian Countries
417,oa:W4386713792,candidate,2023,The Empirical Effectiveness of China Digital Economy Enhancing Environmental Governance
418,oa:W2891484297,candidate,2018,Human Capital Management and Future of Work; Job Creation and Unemployment: A Literature Review
419,oa:W7157933863,candidate,2026,Artificial Intelligence and Sustainable Aviation Manufacturing: A Perspective from Green Innovation in China
420,oa:W4401074110,candidate,2024,"RETRACTED: Digital economy, resource distortion and low-carbon inclusive development-Evidence from the perspectives of a threshold effect and knowledge spillover effect"
421,oa:W4409149748,candidate,2025,AI and Productivity in Europe
422,oa:W4394013858,candidate,2024,Icts And Labour Productivity Nexus In Developing Countries: Evidence From Panel Estimation Approach
423,oa:W4393944375,candidate,2024,Impact of industrial policy on urban green innovation: empirical evidence of China’s national high-tech zones based on double machine learning
424,oa:W4413301300,candidate,2025,How Digital Intelligence Integration Boosts Forestry Ecological Productivity: Evidence from China
425,oa:W4405046592,candidate,2024,Can the opening of public data improve the quality of urban employment?-- evidence from China
426,oa:W4414412542,candidate,2025,"The Nexus of Digitalization, Talent, and High-Quality Development: How Clusters Foster Sustainable Economic Growth"
427,oa:W3140078944,candidate,2021,Benefits and Spillover Effects of Infrastructure: A Spatial Econometric Approach
428,oa:W4385706143,candidate,2023,Determinants of intangible capital investment in Vietnam: A firm‐level analysis
429,oa:W1875293958,candidate,2007,Indian IT industry: a performance analysis and a model for possible adoption
430,oa:W2060713326,candidate,2004,The Ocean Trade in the New Economy: A Keynote Address
431,oa:W4411279004,candidate,2021,Advances in Sustainable Investment Models: Leveraging AI for Social Impact Projects in Africa
432,oa:W4412698755,candidate,2025,How Does the Construction of New Generation of National AI Innovative Development Pilot Zones Affect Carbon Emissions Intensity? Empirical Evidence from China
433,oa:W1559513872,candidate,2010,The incidence and transfer of knowledge in the Arab countries
434,oa:W7127043782,candidate,2026,Can sustainable finance improve carbon emission efficiency: evidence from China’s prefecture-level cities
435,oa:W4407592621,candidate,2025,Mapping the Research Trends on Technological Innovation in East Asia: A Bibliometric Analysis Using the Scopus Database for Future Research Direction (1982-2022)
436,oa:W3113061504,candidate,2020,"The Structure of Society and the Middle Class: State, Development Prospects"
437,oa:W1871988388,candidate,2001,Why Did Black Relative Earnings Surge in the Early 1990s?
438,oa:W4392475472,candidate,2024,Does information and communication technology improve labor productivity? Recent evidence from the Southeast Asian emerging economies
439,oa:W2181781569,candidate,2007,Institutions and ICT Technology Adoption
440,oa:W4417429990,candidate,2025,Causal and nonlinear effects of digital financial inclusion on bank stability: Evidence from emerging and advanced economies
441,oa:W4405567361,candidate,2024,Artificial Intelligence Readiness and Employment: A Global Panel Analysis
442,oa:W4407927572,candidate,2025,From Digital Divide to Employment Equity: How Digitalization Affects Women's Involvement in the Workforce in OECD Countries
443,oa:W4401483972,candidate,2024,"ICT Diffusion, Trade Openness and Growth: Empirical Evidence from Asian Countries"
444,oa:W4416952521,candidate,2025,Integrating Artificial Intelligence into Resource Management for Sustainable Economic Growth in Ghana
445,oa:W1902651308,candidate,2014,"Labor Productivity, Demographic Traits and ICT A Demo-Tech Productivity Model for Asian Region"
446,oa:W4376564908,candidate,2023,"Middle-Income Trap and the Baltic States: Common Challenges, Different Strategies*"
447,oa:W4380989579,candidate,2023,"Spatial and Temporal Divergence in the Coupling Coordination of Digital Economy, Environmental Regulation and Sustainable Development: An Experience Study in China"
448,oa:W4413135085,candidate,2025,Unraveling the digital technologies and banking inclusion nexus in Sub Saharan Africa: What causality for what heterogeneity?
449,oa:W3125914604,candidate,2019,Digitalisation and productivity: In search of the holy grail – Firm-level empirical evidence from EU countries
450,oa:W4412606086,candidate,2025,Access to formal credit for women-owned enterprises in India’s unorganized sector: does technology adoption help close the gender gap?
451,oa:W4391172583,candidate,2024,Impact of the digital economy on low carbon sustainability evidence from the Yellow River Basin
452,oa:W2000928880,candidate,2002,"Convergence and information technologies - the experience of Greece, Portugal and Spain"
453,oa:W3123974872,candidate,2021,Sustainable development scale of housing estates: An economic assessment using machine learning approach
454,oa:W4285274334,candidate,2022,Regional determinants of low carbon transition in Russian companies: the impact of human capital and digitalization on corporate carbon management practices
455,oa:W4245527489,candidate,2019,Foresight Analysis of ICT Adoption in India: A Framework on Vision 2020
456,oa:W1597283276,candidate,2009,The EU-US Total Factor Productivity Gap: An Industry-Level Perspective
457,oa:W4407003928,candidate,2025,Innovation and water productivity: Empirical evidence from water‐related patents
458,oa:W4413024635,candidate,2025,Regional Growth and Disparities in the Era of Economic Security: European Regional Dynamics in the New Normal Trade Policy Scenario
459,oa:W4387218220,candidate,2023,The Knowledge Economy and Digitalization: Assessing the Impact on Economic Growth of Russian Regions
460,oa:W4406883397,candidate,2025,Does digital innovation improve carbon productivity? A new perspective based on industrial upgrading
461,oa:W3005618028,candidate,2019,Path for Ukraine's Economic Growth : Technology Upgrading
462,oa:W188434567,candidate,2011,Structural Change in Advanced Nations
463,oa:W4414766435,candidate,2025,"From fossil fuels to green growth: rethinking new models through digital innovation, labor force and sustainable investment"
464,oa:W4406268060,candidate,2025,A Framework for Modeling the Decarbonization of the Economy Based on Energy Innovations in the Context of Industry 5.0 and Sustainable Development: International Perspective
465,oa:W4404326793,candidate,2024,The diffusion of industrial robots in Europe: regional or country effect?
466,oa:W2075848203,candidate,2010,Tangible and Intangible Capital and the Pattern of Specialisation in the EU
467,oa:W4378231302,candidate,2023,Who can work from home in MENA?
468,oa:W4399203327,candidate,2024,Can urban e-commerce transformation improve economic resilience? a quasi-natural experiment from China
469,oa:W2979128585,candidate,2019,Economics of Cochlear Implant Utilization
470,oa:W4213431669,candidate,2022,"Comment on ""Measuring Digital Financial Inclusion in Emerging Market and Developing Economies: A New Index"""
471,oa:W16419521,candidate,2012,Analysis of Impact of Information and Communication Technology on Productivity and Economic Performance
472,oa:W3082063464,candidate,2020,The Role of ICT and Human Capital Development in Pursuing a Demographic Dividend and Improving Economic Welfare in Indonesia
473,oa:W2172074834,candidate,2002,Agglomeration economies and the location of new information and communication technology (ICT) firms in the Netherlands
474,oa:W4415592508,candidate,2025,"Artificial intelligence, automation and employment dynamics: empirical evidence from G7 economies"
475,oa:W4211217473,candidate,2022,General Purpose Technologies as Systematic Risk in Global Stock Markets
476,oa:W4379137849,candidate,2023,Crypto-asset market development: the role of country’s institutional quality
477,oa:W4327814633,candidate,2023,Financial Market Participation under the Digital Divide
478,oa:W4401516661,candidate,2023,"Digital Economy, Institutional Quality and Economic Growth in Selected Countries"
479,oa:W4408681604,candidate,2025,"The role of ICT, human capital and economic growth on sustainable forest management: evidence from panel cointegration and Fourier causality tests"
480,oa:W4405285718,candidate,2024,"Direction on Digital Technology Adoption for SMEs Before, During and After the Pandemic Covid-19: An Insight from Indonesian SMEs"
481,oa:W4283158741,candidate,2022,Spatial Analysis of Regional Productivity Based on Β-convergence Models
482,oa:W7152955149,candidate,2026,Industry 4.0 and Structural Transformation: The Impacts on Economic Diversification in Developing Countries
483,oa:W7154603079,candidate,2026,Public data openness and digital financial inclusion: Evidence from Chinese cities
484,oa:W7125958803,candidate,2026,"The Impact of Industrialization, Information and Communication Technology, Economic Activity, and Trade Openness on Emissions in Europe: Evidence from Lithuania"
485,oa:W7125675113,candidate,2026,Artificial intelligence and green growth nexus: evidence from OECD countries using panel CS-ARDL and wavelet analysis
486,oa:W4399172425,candidate,2024,"The Digital Divide, Wealth, and Inequality: An Examination of Socio-Economic Determinants of Collaborative Environmental Governance in Thailand through Provincial-Level Panel Data Analysis"
487,oa:W4385877727,candidate,2023,Internet Development and Green Total Factor Productivity: New Evidence of Mediation and Threshold Effects
488,oa:W4405759262,candidate,2024,A study of digital divide under the platform model development in the corporate sector of the economy
489,oa:W4415432779,candidate,2025,A study of the impact of the digital economy on wellbeing eco-efficiency – Empirical evidence from G20 countries
490,oa:W4414529247,candidate,2025,Empirical Analysis of the Energy–Growth Nexus with Machine Learning and Panel Causality: Evidence from Disaggregated Energy Sources
491,oa:W7128545515,candidate,2026,"Analyzing Forest Land and Environmental Degradation: Evidence From Land Management in Low‐Income, Degraded Ecosystem Economies"
492,oa:W4414280217,candidate,2025,Machine learning models predictive performance of Asian economies’ green technological progress
493,oa:W4404187046,candidate,2024,The impact of internet medical service on rural gender inequality in health opportunity: a cross-sectional study
494,oa:W4388864104,candidate,2023,INFORMATISATION OF THE DIGITAL ECONOMY AS THE MAIN TREND OF EXPONENTIAL DEVELOPMENT
495,oa:W4412472944,candidate,2025,"Productivity, technology and intangible assets"
496,oa:W4392697165,candidate,2024,China’s Digital Economy: A Dual Mission of Carbon-Emission Reduction and Efficiency Enhancement
497,oa:W2902231828,candidate,2018,THE POTENTIAL OF ICT SMES IN PAKISTAN
498,oa:W4407273760,candidate,2025,Determinants of bilateral trade between Egypt and BRICS: Gravity model with traditional econometrics and machine learning algorithms
499,oa:W215037551,candidate,2008,The Rise of ICT for Commerce in Small Product Offerings Case studies from India
500,oa:W4414559461,candidate,2025,Green strategy and ecological efficiency: a nonlinear machine learning analysis under institutional quality intervention
501,oa:W3172398664,candidate,2021,The great COVID-19 divergence- managing a sustainable and equitable recovery in the European Union
502,oa:W4412391342,candidate,2025,"Spatiotemporal Evolution and Driving Factors of Coupling Coordination Among China’s Digital Economy, Carbon Emissions Efficiency, and High-Quality Economic Development"
503,oa:W4415685236,candidate,2025,Network Evolution of Digital Technology Transfers and Implications for Urban Digital Innovation Governance: Evidence from Chinese Patent Transactions
504,oa:W4417460661,candidate,2025,Governance Quality and the Green Transition: Integrating Econometric and Machine Learning Evidence on Renewable Energy Efficiency in Sub-Saharan Africa
505,oa:W3092668669,candidate,2020,Comparative Analysis of Various Approaches to Calculating Labour Productivity
506,oa:W4406406313,candidate,2025,The impact of ecological civilization construction on the resilience of green technology innovation: evidence based on double dual machine learning
507,oa:W4206041421,candidate,2021,Urban employment in post-transition economies: skill mismatch in the local labor market
508,oa:W1987056756,candidate,2014,A Study of Smart Convergence Strategies for Enhancing a Creative Economy: Lessons from Korea
509,oa:W4415295512,candidate,2025,Territorial Variation of Energy Poverty and Good Health and Well-Being in European Union Countries—A Spatial Analysis
510,oa:W4390109609,candidate,2023,The Impacts of Smart City Construction on Carbon Total Factor Productivity: Empirical Evidence from China
511,oa:W2898481290,candidate,2018,"ARAB COUNTRIES : ACHIEVEMENTS , CHALLENGES AND CRUCIAL FACTORS O F ECONOMIC DEVELOPMENT"
512,oa:W4413344882,candidate,2025,Digital transformation and agricultural green economic resilience in China: A moderating and threshold analysis
513,oa:W4409431814,candidate,2025,THE IMPACT OF DIGITALIZATION ON THE TRANSFORMATION OF INTERNATIONAL ECONOMIC RELATIONS: KEY TRENDS AND DISPARITIES IN THE GLOBAL ECONOMY
514,oa:W4393346504,candidate,2024,Teleworkability and its heterogeneity in labor market shock
515,oa:W4402977800,candidate,2024,Comparing the Effects of Information Globalization on Agricultural Producer Prices in Developing and Developed Countries
516,oa:W4413619979,candidate,2025,Unpacking Artificial Intelligence’s Role in the Energy Transition: The Mediating and Moderating Roles of Knowledge Production and Financial Development
517,oa:W129079671,candidate,2001,Measuring Capital Services in the United Kingdom
518,oa:W3033392933,candidate,2019,CHALLENGES AND PROSPECTS OF THE EU FINANCIAL MARKET DEVELOPMENT IN THE CONDITIONS OF DIGITALIZATION
519,oa:W4410363551,candidate,2023,Forecasting the Future of Autonomous Supply Chains: Readiness of Nigeria vs. the U.S
520,oa:W7119026281,candidate,2026,The Impact of the Integration of Digital and Real Economies on Agricultural New Quality Productive Forces: Empirical Evidence from China’s Major Grain-Producing Areas
521,oa:W4413306114,candidate,2025,DIGITAL INDIA IN 21ST CENTURY: CHALLENGES AND OPPORTUNITIES
522,oa:W4386641568,candidate,2023,The Rise of Autocracy in the Sahel of Africa: Insights from Resource Curse Theory
523,oa:W4297004058,candidate,2022,The Social Enterprise: A New Form of Enterprise?
524,oa:W3134619439,candidate,2021,The significance of primary health care for building back better
525,oa:W3028006438,candidate,2020,"Market Observations, Lessons, and Recommendations for the Defense Health Agency"
526,oa:W2606599303,candidate,2017,"Digitalization at work, Job Tasks and Wages: Cross-Country evidence from PIAAC1"
527,oa:W1495602679,candidate,2009,SOURCES OF PRODUCTIVITY GROWTH AND CONVERGENCE IN ICT INDUSTRIES: AN INTERTEMPORAL NON-PARAMETRIC FRONTIER APPROACH ∗
528,oa:W4416823717,candidate,2025,"Policy Pathways to Environmental Sustainability: Integrating Green Growth, ICT and Resource Endowment in Emerging Economies"
529,oa:W1499853601,candidate,2011,ASSESSING THE IMPACT OF ICT AND HUMAN CAPITAL IMPACT ON PRODUCTIVITY OF ASEAN-5 ECONOMIES
530,oa:W4320151573,candidate,2022,INNOVATIVE MANAGEMENT SYSTEMS AND THE TOOLS FOR HUMAN CAPITAL MANAGEMENT IN THE MARKET OF INFORMATION AND COMMUNICATION TECHNOLOGIES
531,oa:W2961572790,candidate,2019,Lack of Global Convergence and the Formation of Multiple Welfare Clubs across Countries: An Unsupervised Machine Learning Approach
532,oa:W1570629417,candidate,2007,The Effect of Human Capital on Output Growth in ICT Industries: Evidence from OECD Countries
533,oa:W4403389981,candidate,2024,What Can Artificial Intelligence Do for Stagnant Productivity in Latin America and the Caribbean?
534,oa:W4407624609,candidate,2025,Do robots impact artificial intelligence (AI)-related employment? Evidence from a cross-national study
535,oa:W7160193873,candidate,2026,The Economic Value of Agentic AI: A Comparative Analysis of Its Impact on Growth and Business Productivity in Developed and Emerging Economies
536,oa:W1577523523,candidate,2012,Macroeconomic Effects of Information and Communication Technologies in Turkey and Other OECD Member Countries
537,oa:W4389620785,candidate,2023,"Supply chain performance, information and communication technology capital formation, and green growth in top carbon emitter economies"
538,oa:W4393267559,candidate,2024,"Does ICT Development, Innovation Dissemination Promote Economic Growth and Human Capital? An Econometric Approach Based on East African Countries"
539,oa:W4410214946,candidate,2025,"The conditional impact of trade openness on economic growth in ASEAN: Governance, ICT, human capital, and natural resources as moderators"
540,oa:W4376613218,candidate,2022,ON THE WAY OF UKRAINE'S ECONOMIC GROWTH: HUMAN CAPITAL
541,oa:W4414670257,candidate,2025,Structural Determinants of Greenhouse Gas Emissions Convergence in OECD Countries: A Machine Learning-Based Assessment
542,oa:W4378529973,candidate,2023,Impact of ICT Access on Total Factor Productivity(TFP) in Asian Economies
543,oa:W4323915155,candidate,2022,DIGITAL TECHNOLOGIES OF SOCIAL DEVELOPMENT
544,oa:W4404062307,candidate,2024,Strategy to Increase Tax Revenue to Capture Digital Economy Growth Opportunities in Indonesia
545,oa:W2092882841,candidate,2013,"ICT Adoption, Capabilities Development and Innovation Processes in Argentina: An Employment Approach"
546,oa:W2226135994,candidate,2014,The Long-Run Decline in Labor Share: Technology versus Institutions
547,oa:W1597706709,candidate,2008,ICT Impact on the Labor Productivity in the Iranian Manufacturing Industries: A Multilevel Analysis
548,oa:W4405939242,candidate,2024,Can Rural Industrial Convergence Alleviate Urban–Rural Income Inequality?: Empirical Evidence from China
549,oa:W4391975333,candidate,2023,INSTITUTIONAL ENVIRONMENT OF THE DIGITAL ECONOMY SECTOR
550,oa:W3009156929,candidate,2020,"Technological Banking Innovations and Financial Inclusion by Commercial Banks in Nairobi County, Kenya"
551,oa:W3084299386,candidate,2019,INVESTING IN HUMAN CAPITAL AND ASSIMILATION OF ECONOMIC DEVELOPMENT
552,oa:W4412492178,candidate,2025,Digital economy development and global value chain network centralization
553,oa:W4283640967,candidate,2022,The Threefold Divergence of Socio-Economic Development in the Digital Age
554,oa:W2292133297,candidate,2007,Divergences in Productivity Between Europe and the United States
555,oa:W4411885550,candidate,2025,Digital technology and service tradability: evidence from patent innovations and knowledge utilization
556,oa:W7128619108,candidate,2026,Does artificial intelligence bind labor market power? Evidence from listed manufacturing firms in China
557,oa:W4413078404,candidate,2024,Development of human capital in the context of the emerging creative economy
558,oa:W4413104213,candidate,2025,"Carbon Reduction Impact of the Digital Economy: Infrastructure Thresholds, Dual Objectives Constraint, and Mechanism Optimization Pathways"
559,oa:W7119468723,candidate,2026,Synergizing Circular Economy and Artificial Intelligence for Industrial Decarbonization: A 24‐Year Analysis of European Sustainability
560,oa:W3127542928,candidate,2019,Effort: The Unrecognized Contributor to US Income Inequality
561,oa:W4412069448,candidate,2025,"The role of artificial intelligence in sustainable agriculture in Costa Rica: An integrated evaluation using structural equation modeling, text mining, and scenario analysis"
562,oa:W2955400831,candidate,2008,Does Technological Diffusion Explain Australia’s Productivity Performance?
563,oa:W4412464875,candidate,2025,Unveiling structural change patterns: an unsupervised machine learning approach to long-term dynamics
564,oa:W7134954192,candidate,2026,The impact of the digital economy on carbon emission efficiency in logistics: empirical findings from China
565,oa:W4410780721,candidate,2025,TECHNOLOGY AND AI—IMPACT ON COUNTRY’S GROWTH AND UNEMPLOYMENT
566,oa:W4410884805,candidate,2025,AI and Women's Employment in Europe
567,oa:W3137715570,candidate,2021,Influence of Risk Management on the Formation of the Enterprise’s Business Process Management Strategy in the Digital Economy: The International Experience
568,oa:W4200257689,candidate,2021,DIGITAL INEQUALITY AS A PREREQUISITE OF SOCIO-ECONOMIC DIFFERENTIATION OF SOCIETY
569,oa:W4413416695,candidate,2025,Mediating macroeconomic performance in green energy policies and foreign direct investment nexus: Do transmission mechanism heterogeneities on clean energy poverty and carbon neutrality matter?
570,oa:W4390236497,candidate,2023,Examining the consumption of oil on total factor productivity and CO2 emissions: an analysis of highly oil-consuming countries
571,oa:W2562823518,candidate,2013,DEMOGRAPHIC AND WELFARE RELATED COVARIATES OF MACROECONOMIC PERFORMANCE IN A DIGITAL AGE IN ASIA
572,oa:W4387312864,candidate,2023,"Returns to digital skills use, temporary employment, and trade unions in European labour markets"
573,oa:W4376608830,candidate,2023,Assessing the coordinative and coupling development of China’s green economic growth: role of sports economics
574,oa:W1590594197,candidate,2006,How Much Does IT Consumption Matter for Growth? Evidence from National Accounts
575,oa:W4403105350,candidate,2024,interaction between economic digitalization and economic growth in MENA region
576,oa:W4403434491,candidate,2024,In the Technological Age: The Internet and the Performance of Micro-Enterprises in Togo
577,oa:W3083318346,candidate,2019,"Specialization, Market Access and Medium-Term Growth"
578,oa:W7122459874,candidate,2026,Ensuring food security: how does digital inclusive finance affect the new quality productivity of grain
579,oa:W4398224653,candidate,2024,Information communication technology and manufacturing industry exports based on technology intensity in OECD and non-OECD countries
580,oa:W4410700440,candidate,2024,Analysing the State of the Information Society in Ukraine
581,oa:W4385353664,candidate,2023,Income inequalities in the accelerating digital era: Evidence from EU countries and COVID-time
582,oa:W4410463322,candidate,2022,Digital Transformation and its Role in Advancing the Sustainable Development Goals (SDGs)
583,oa:W4411643831,candidate,2025,From digital investment to economic performance: insights from EU25 economies
584,oa:W2896783205,candidate,2018,ЗАСТОСУВАННЯ ІНФОРМАЦІЙНО-КОМУНІКАЦІЙНИХ ТЕХНОЛОГІЙ У ПІДГОТОВЦІ КАДРІВ ДЛЯ ІНФОРМАЦІЙНО-АНАЛІТИЧНОЇ ТА ПОЛІТИЧНОЇ СФЕР
585,oa:W4382539938,candidate,2023,Legal regulation of economic activity in conditions of digitalization
586,oa:W4322760671,candidate,2023,Plenary Theme: COVID-19 and Public Finance in Africa: Challenges and Opportunities
587,oa:W4412006719,candidate,2025,Clustering of European Сountries by Strategies of Digitalization of their Business Environment
588,oa:W3167102695,candidate,2020,ASEAN Development and Innovation Strategy in the Era of New Industrialisation
589,oa:W4407151350,candidate,2025,Sanctions and cryptocurrency: a catalyst for digital adoption?
590,oa:W2343153206,candidate,2015,The Commerce Strategy towards Pan-European Innovation and Consumption: Spokes Partnership for FDI of Korea
591,oa:W4417355870,candidate,2025,RCEP and sectoral development in ASEAN less developed countries
592,oa:W4410773889,candidate,2025,Intelligent Manufacturing and Green Innovation Efficiency: Perspective on the Agglomeration Effect
593,oa:W4400446320,candidate,2024,International labor market in the conditions globalization and digitalization: trends and perspectives
594,oa:W3196531398,candidate,2021,"New Financial Technologies, Sustainable Development, and the International Monetary System"
595,oa:W4415045829,candidate,2025,Government Environmental Auditing and Synergistic Governance Outcomes: Evidence from Chinese Cities
596,oa:W4415472777,candidate,2025,The double-edged effects of regional environmental governance: evidence from policy tools of belt and road initiative
597,oa:W4400046098,candidate,2024,Towards Green Production: How Big a Role Does Digital Economic Contribution Play in China?
598,oa:W2883168759,candidate,2018,Investing in Innovation and Skills: Thriving through Global Value Chains
599,oa:W4415282987,candidate,2025,Does R&D Efficiency Hold the Key to Regional Resilience Under Sustainable Urban Development?
600,oa:W4415382013,candidate,2025,"Quantifying the role of digitalization, social factors and energy transition to achieve sustainability in East Asia"
601,oa:W4412353656,candidate,2025,Savings for resilience: Investigating saving instruments in Mali
602,oa:W4394575429,candidate,2024,Digital intermediate product imports and firms’export quality: evidence from China
603,oa:W4413210179,candidate,2025,Comparative Analysis of K-Means and Gaussian Mixture Model in Clustering Global CO2 Emissions
604,oa:W4210387916,candidate,2022,Strengthening primary health care through private players
605,oa:W2170483888,candidate,2015,"Base, Superstructure and the Irish Property Crash—Towards a Crisis Theory of Communications"
606,oa:W4416607996,candidate,2025,Does carbon emission trading policy promote energy structure transition? Evidence from China
607,oa:W3044164017,candidate,2020,"Perspectives for the future in China: challenges and opportunities facing animal teaching, research, and industry"
608,oa:W7161281566,candidate,2026,Does inflation undermine financial inclusion? A cross-country evidence from selected G20 economies using system GMM approach
609,oa:W2903311227,candidate,2018,The Impact of Network Human Capital on Economic Growth of Supply Chain in Digital Economy
610,oa:W89890173,candidate,2003,The Casual Relationship Between Information and Communication Technology (ICT) and Foreign Direct Investment (FDI)
611,oa:W4413748123,candidate,2025,How does artificial intelligence affect energy intensity? The role of digital economy
612,oa:W3123030055,candidate,2013,Age Dependency and Labor Productivity Divergence
613,oa:W4416211736,candidate,2025,Examining the effects of climatic and non-climatic factors on sectoral growth: Evidence from different country income groups
614,oa:W4415395033,candidate,2025,Closing the productivity–wage gap in the European Union: The role of the labor share
615,oa:W4416180752,candidate,2025,What can artificial intelligence do for stagnant productivity in Latin America and The Caribbean?
616,oa:W4402520763,candidate,2024,Human capital and economic growth under modern globalization
617,oa:W178424128,candidate,2003,Bridging the digital divide: the growth implications of e-commerce for small and developing states
618,oa:W4297891521,candidate,2022,"Dynamic Linkages between Foreign Direct Investment Inflows, Economic Growth and Information and Communication Technology: Evidence from China and Malaysia"
619,oa:W4414929428,candidate,2025,"Bridging the Digital–Energy Divide: Artificial Intelligence, Internet Connectivity, and Knowledge Management"
620,oa:W4408493013,candidate,2025,Impact of public education spending on GDP in Gulf countries: A machine learning analysis
621,oa:W7152546066,candidate,2026,Digital financial inclusion and household consumption structure upgrading
622,oa:W2952864008,candidate,2019,"GENDER INEQUALITY IN EDUCATION,ICT AND EMPLOYMENT:THE SOCIO-ECONOMIC EFFECTS"
623,oa:W4413026902,candidate,2025,Export-Led Growth Under the Digital Economy: Evidence from China’s 31 Provinces
624,oa:W2620443121,candidate,2017,Assessing Ict Role to Economic Convergence of Albania and Western Balkans to European Union
625,oa:W4220810266,candidate,2022,Constitutional human rights in the context of bridging the digital divide
626,oa:W4411379987,candidate,2025,E-Commerce and Digital Economy: An Analysis of Changing Consumption Patterns and Their Impact on Economic Growth
627,oa:W2605847452,candidate,2017,ICT and growth gap between nations: Evidence from MENA region
628,oa:W4404251040,candidate,2024,Impact of financial and internet support on SME performance: Moderating effect of technology adoption during COVID-19 pandemic
629,oa:W7126235773,candidate,2026,"Digital Transformation and Sustainable Production in BRICS : Economic, Innovation and Clean‐Energy Drivers of ICT ‐Enabled Growth"
630,oa:W7124987959,candidate,2026,"Unlocking Urban Talent Dividends: Can Digital Economy Development Accelerate Growth Through Scale, Efficiency and Allocation?"
631,oa:W7127571501,candidate,2026,"Navigating the Sustainability Paradox: The Roles of Renewable Energy, Digital Economy, Economic Growth, and Financial Development in Shaping Ecological Load in N‐11 Countries"
632,oa:W4415535930,candidate,2025,"ICT, trade, economic growth, and unemployment nexus: panel evidence from the Indian Ocean Rim Association"
633,oa:W7154478180,candidate,2026,Artificial intelligence and environmental sustainability: assessing the total factor productivity – ecological footprint relationship in MENA economies through the PTAR model
634,oa:W1552131793,candidate,2009,Institutions and ICT Adoption
635,oa:W7136032848,candidate,2026,"Financial Inclusion, Energy Intensity, and Natural Resources: Environmental Insights From BRICS and MINT Economies"
636,oa:W3174984861,candidate,2021,Education – As One Main Form of Human Capital
637,oa:W4411015923,candidate,2025,Paving the way for sustainable green growth in G10 economies: Perspectives on green manufacturing employment and renewable energy employment
638,oa:W4389495256,candidate,2023,Application of Digital Technologies by Small and Medium Enterprises in Bangladesh
639,oa:W4408887425,candidate,2025,"Government Expenditures, Economic Growth and Poverty Levels in Nigeria: A Disaggregated Approach"
640,oa:W2973014743,candidate,2019,Economic growth and convergence during the transition to production using automation capital
641,oa:W1574205186,candidate,2002,"China's Entry into the WTO : ICT Sectors, Innovation, Growth and Distribution"
642,oa:W4412476480,candidate,2025,"Driving Innovation-Driven Growth in Vietnam: Effects of Digital Transformation, Foreign Direct Investment, and Human Capital on Resource Dependence"
643,oa:W4229013005,candidate,2022,Digital inequality in the information society
644,oa:W4415709755,candidate,2025,Leveraging the digital economy for enhanced digital service trade exports: Lessons from China
645,oa:W4285187896,candidate,2022,DEVELOPMENT OF HUMAN CAPITAL AS A BASIS FOR SOCIO-ECONOMIC RECOVERY OF UKRAINE
646,oa:W7124169246,candidate,2026,Exploring Ecological Footprint Drivers in Africa: Fresh Insights from Advanced Machine Learning Techniques
647,oa:W7140854866,candidate,2026,The impact of digital technology use on farmers’ credit behavior: empirical evidence from China
648,oa:W4386742326,candidate,2023,China's artificial intelligence efficiency and its influencing factors: Based on DEA-Malmquist and Tobit regression model
649,oa:W4416674732,candidate,2025,The Effect of “Plus” Services in Microfinance: A Doubly Robust Machine Learning Approach
650,oa:W2940955659,candidate,2018,Detecting spatial pattern of inequality from remote sensing
651,oa:W2506363837,candidate,2016,The level of national competitiveness and the role of human capital in the creation of competitive advantage
652,oa:W2020917554,candidate,2016,"Human capital, mechanisms of technological diffusion and the role of technological shocks in the speed of diffusion: evidence from a panel of Mediterranean countries"
653,oa:W3175371728,candidate,2020,"Technology, TFPG and Employment: A Panel Data Analysis"
654,oa:W4413038692,candidate,2025,The Impact of the Digital Economy on the Gender Wage Gap among Floating Population—Empirical Evidence from Chinese Cities
655,oa:W2972614608,candidate,2019,Knowledge Intensity in a Set of Latin American Countries: Implications for Productivity
656,oa:W2885460280,candidate,2018,"Research on the Relationship between Information Communication Technology Investment, Total Factor Productivity and Economic Growth: Literature Review and Prospects"
657,oa:W4224986470,candidate,2022,Research on the Productivity Paradox of Information Technology
658,oa:W4417172995,candidate,2025,GDP-GFCF Dynamics Across Global Economies: A Comparative Study of Panel Regressions and Random Forest
659,oa:W7125214253,candidate,2026,Spatial and Machine Learning Analysis of District-Level Health Insurance Inequities in Ghana
660,oa:W4399749339,candidate,2024,The Impact of Digital Economy on Green Total Factor Produc-Tivity: Empirical Analysis Based on 114 Resource-Based Cities
661,oa:W4391024319,candidate,2023,Innovative Research on Industrial Upgrading and Transformation Path of Regional Economy in the Perspective of Digital Economy
662,oa:W4404903331,candidate,2024,Effects of digital trade export on wage inequality among enterprises: evidence from China
663,oa:W3118018781,candidate,2020,Investment in research and development in the ICT sector by top European Union companies
664,oa:W7164551061,candidate,2026,"Digital Finance, Labor Market Integration, and Gender Inequality: Evidence from Brazil"
665,oa:W2091855567,candidate,2012,Technology Convergence and Digital Divides. A Country-Level Evidence for the Period 2000-2010.
666,oa:W4414492326,candidate,2025,Can Artificial Intelligence Pave a Greener Path for China? Exploring the Synergistic Effects of Intelligentization and Industrialization on Carbon Emission Efficiency
667,oa:W7131907756,candidate,2026,The impact of digital economy development on carbon emission efficiency: an empirical analysis based on spatial Durbin model and mediating effect
668,oa:W2038187041,candidate,2009,ICT-driven human and knowledge capital development: in search of a new economic development model and policy framework in the networked global economy
669,oa:W4389632189,candidate,2023,ASPECTS OF DIGITAL CONVERGENCE OF TECHNOLOGIES IN THE CONTEXT OF THE INNOVATION AND BUSINESS ECOSYSTEM
670,oa:W2202009833,candidate,2015,Telecommunication Infrastructure and Economic Growth in Nigeria: New Evidence From ARDL Bound Testing Approach to Cointegration
671,oa:W4415370369,candidate,2025,Drivers of Green Transition Performance Differences in China’s Resource-Based Cities: A Carbon Reduction–Pollution Control–Greening–Growth Framework
672,oa:W7163992942,candidate,2026,Synergizing pollution reduction and carbon mitigation: Evidence from China's national AI innovation pilot zones
673,oa:W4411204123,candidate,2025,Digital Transformation as a Factor in Increasing the Investment Attractiveness of Ukraine in the Context of the Experience of EU Countries
674,oa:W4391569606,candidate,2023,Development of a metric for assessing the competitiveness of Ukraine according to the progress of the digital transformation of the economy
675,oa:W4409968834,candidate,2025,Intangibles From Intangible Capital Work: Their Valuation and Technological Change
676,oa:W2581326093,candidate,2015,Financial development in Africa - a critical examination
677,oa:W3209312324,candidate,2021,"Infrastructure, Finance, and Economic Transformation in Africa: Contributions to the Debate"
678,oa:W4407671095,candidate,2024,Neo-Digitalism in the Legal System: Adapting Law to Technological Developments
679,oa:W7118995044,candidate,2026,Parental preferences for AI-powered early childhood education tools: a choice experiment
680,oa:W2599337053,candidate,2018,"KNOWLEDGE-BASED ECONOMY (KBE), KONVERGENSI, DAN PERTUMBUHAN EKONOMI : STUDI KASUS DI ASEAN PLUS THREE (PERIODE TAHUN 2001-2014)"
681,oa:W2094376283,candidate,1996,Localized Technological Change and Unemployment in the Global Economy: a Schumpeterian approach
682,oa:W4412840501,candidate,2025,Information consumption and enterprise digital transformation: evidence from China’s pilot policy
683,oa:W7135428314,candidate,2026,"Entrepreneurial sustainable practices, green investment and technological innovation as a catalyst for carbon emission reduction and climate resilience"
684,oa:W7154561933,candidate,2026,Environmental policy stringency and corporate financial risk: Are politically connected firms better off?
685,oa:W4407554888,candidate,2025,"From pixels to policy: deciphering G-20 countries’ digitalization, resource management, external conflicts, governance, and environmental frameworks"
686,oa:W4411453947,candidate,2025,The Main Development Trends of Sub-Saharan Africa Financial System
687,oa:W2985462867,candidate,2019,[Towards an effective assessment of the sustainability of health interventions].
688,oa:W2414916530,candidate,2001,Clinical Trials and Regulatory Issues in Developing Countries
689,oa:W4406038494,candidate,2025,Industry-university partnership governance base on new technologies emergence
690,oa:W2515264829,candidate,2017,"Crises in Economic Thought, Secular Stagnation, and Future Economic Research"
691,oa:W4372079861,candidate,2023,Community Radio in India: A Model of Participatory Communication inIndia
692,oa:W3042854909,candidate,2020,Some aspects of the legal nature of virtual assets/cryptocurrencies in the conditions of global digitalization
693,oa:W4405874779,candidate,2024,RESILIENCE OF UKRAINIAN BUSINESS: HOW TO SUPPORT PRODUCTION AND INNOVATIONS IN THE CONDITIONS OF WAR
694,oa:W7127629183,candidate,2026,Environmental Performance Implications of Intelligent Computing Centre Development: An Empirical Investigation Based on Chinese Cases
695,oa:W4389741562,candidate,2023,"Comment on “The Impact of Foundational AI on International Trade, Services and Supply Chains in Asia”"
696,oa:W4398235447,candidate,2021,Hope insight
697,oa:W7133857863,candidate,2026,Disaggregating innovation for sustainable development in ASEAN: Panel evidence on the moderating role of government effectiveness
698,oa:W3045218861,candidate,2020,The Global Value Chains and the Evolution of Chinese Economic Model
699,oa:W4285111618,candidate,2022,The Air Transportation Industry: Economic Conflict and Competition
700,oa:W4410560734,candidate,2025,The Impact of Digital Service Trade on the Carbon Intensity of Well-Being Under Sustainable Development Goals
701,oa:W4392618116,candidate,2020,Re-imagining private healthcare in India
702,oa:W3108842639,candidate,2020,TOTAL-DIGITAL CONTROL ON THE DIFFUSION OF STATE POLICY IN CONDITIONS OF EMERGENCY SITUATIONS
703,oa:W2161723286,candidate,2013,EFFECTS OF INTERNATIONAL DIFFUSION OF A GENERAL PURPOSE TECHNOLOGY ON WAGE INEQUALITY
704,oa:W4411201990,candidate,2025,Linking information and communication technology diffusion with green technology innovation in emerging economies: Does globalization and green energy growth matters?
705,oa:W7163130611,candidate,2026,A Cross-Country Study of Governance and Environmental Sustainability Using Machine Learning
706,oa:W7119856829,candidate,2026,"Advancing climate change resiliency through artificial intelligence: The moderating roles of resource efficiency, eco-productivity, and human capital in developed and emerging economies"
707,oa:W7140158415,candidate,2026,Digitalisation and structural change: Evidence from cross-country analysis
708,oa:W7165927511,candidate,2026,"Driving SDG ‐Oriented Economic Development in Emerging Economies: Machine Learning Evidence From Energy, Human Capital, and Governance"
709,oa:W1482430162,candidate,2007,Accounting for the Impact of Information and Communication Technologies on Total Factor Productivity: Towards an Endogenous Growth Approach
710,oa:W4312993464,candidate,2022,GLOBAL TRENDS IN THE USE OF HUMAN CAPITAL IN THE DIGITAL ECONOMY
711,oa:W7163994105,candidate,2026,Economic Complexity and Income Inequality: The Influence of ICT and Human Capital Development in Africa
712,oa:W7163446542,candidate,2026,Income-Level Heterogeneity in the Sustainable Development–Human Development Nexus: Evidence from Machine Learning
713,oa:W4293059417,candidate,2022,Method of human capital assessment in the digital economy of Kazakhstan
714,oa:W4400694132,candidate,2023,GDP Impact on the Digital Economy in European Union Countries
715,oa:W4402731320,candidate,2024,The Impact of India's Digital Economy on Economic Growth and Employment A Contemporary Analysis
716,oa:W3205458989,candidate,2021,"Globalisation, Urbanisation and Human Development: Evidence from Lower-Middle Income Economies"
717,oa:W7164188317,candidate,2026,Digital Economy and Agricultural Resilience: Evidence from China Using Double Machine Learning
718,oa:W7117476732,candidate,2025,"Digital Dividend or Digital Divide? How the Digital Economy Shapes China’s Agri-Food Trade Dynamics: Evidence on Impacts, Mechanisms, and Heterogeneity"
719,oa:W7160780997,candidate,2026,The impact of biomass energy and information and communication technology on economic growth: a global panel data analysis
720,oa:W2735130698,candidate,2017,Digital Participation through Mobile Internet Banking and Its Impact on Financial Inclusion
721,oa:W7124754831,candidate,2026,"Digital Economy, Green Growth, and Global Energy Transition"
722,oa:W4408291339,candidate,2025,Digital Transformation and Economic Development: A Comparative Study of Emerging and Developed Economies
723,oa:W7118945565,candidate,2025,Artificial intelligence and the problem of unemployment
724,oa:W7156211437,candidate,2026,Artificial intelligence and income inequality: static versus dynamic evidence from a global panel
725,oa:W2097803198,candidate,2012,A Non-parametric Analysis of Convergence in ICT Industries
726,oa:W116075677,candidate,2013,Information technology and Productivity Growth in Islamic Countries
727,oa:W7140288094,candidate,2026,"Digital technologies, trade, renewable energy as sources of green growth: A comparative analysis of developed and developing countries"
728,oa:W4413658676,candidate,2025,Closing regional and gender gaps in digital financial services: a pathway to financial inclusion in developing countries
729,oa:W4414403483,candidate,2025,"AI-Driven Sustainability in EU Nations: A Quantile Regression Analysis of AI Innovations, Human Capital, and Carbon Productivity"
730,oa:W4405939468,candidate,2024,THE EFFECT OF DIGITAL LITERACY AND DIGITAL DIVIDE ON E-GOVERNMENT ADOPTION
731,oa:W4405731722,candidate,2024,The digital divide in rural Russia: the COVID-19 pandemic consequences
732,oa:W4411306210,candidate,2025,Assessing the Role of Artificial Intelligence in Achieving Green Growth: A Panel Data Analysis for OECD countries
733,oa:W4309140280,candidate,2022,ASSESSMENT OF EFFICIENCY IN DIGITAL ECONOMY DEVELOPMENT IN TUNISIA: A REGIONAL ANALYSIS
734,oa:W4239413363,candidate,2021,HUMAN CAPITAL OF UKRAINE: INCLUSIVE DEVELOPMENT
735,oa:W3172460356,candidate,2021,Which Type of Investments is Preferred to Achieve A Higher Economic Growth? A Case of the Upper-Middle-Income Economies
736,oa:W2098554983,candidate,2013,THE RELATIONSHIP OF EDUCATION AND ICT DETERMINANTS ON NATION’S GROWTH: AN EMPIRICAL ANALYSIS OF MALAYSIA AND MUSLIM COUNTRIES
737,oa:W2579160921,candidate,2014,Human Capital In Economic Theory And Practice
738,oa:W7131346993,candidate,2026,Innovative policy synergies driving inclusive green growth: causal inference based on double machine learning
739,oa:W7164554482,candidate,2026,"Digital Infrastructure, Green Total Factor Productivity, and Sustainable Development in the Yangtze River Economic Belt: Evidence from the Broadband China Pilot Policy"
740,oa:W7147706878,candidate,2026,The impact of rural digital economy development on farmers' common prosperity: evidence from income growth and consumption expansion and upgrading
741,oa:W7134264317,candidate,2026,Is digital trade affecting city house prices? An artificial intelligence perspective
742,oa:W4410358220,candidate,2025,Digital Technology Empowers Trade Growth: A Quasi-Natural Experiment Based on the Adoption of 4G
743,oa:W4407595244,candidate,2025,Machine Learning and Econometric Approaches to FDI: FDI impact on Economic Growth in Georgia (1989-2023)
744,oa:W7160260405,candidate,2026,Industrial Artificial Intelligence and Urban Carbon Reduction: Evidence from Chinese Cities
745,oa:W3110308244,candidate,2020,HUMAN CAPITAL OF UKRAINE IN GLOBAL RANKINGS
746,oa:W7154587587,candidate,2026,The impact of internet development on carbon productivity: New evidence from China's service sector
747,oa:W7171525983,candidate,2026,Artificial Intelligence and Carbon Emissions of Manufacturing Enterprises in China
748,oa:W4414145923,candidate,2025,The Impact of Artificial Intelligence on Economic Development in Iraq
749,oa:W3122793139,candidate,2019,Financial Inclusion in the Europe and Central Asia Region : Recent Trends and a Research Agenda
750,oa:W4410314204,candidate,2025,Artificial Intelligence and Labour Markets in Southeast Asia: An Empirical Examination
751,oa:W4403611724,candidate,2024,Adoption of artificial intelligence in European enterprises: a mathematical model based on socioeconomic and technological indicators
752,oa:W7154505288,candidate,2026,"Energy Innovation, Artificial Intelligence, and Fossil Fuels: Implications for Ecological Footprints in G7 Economies"
753,oa:W7161286164,candidate,2026,The Green Illusion? How Artificial Intelligence and Finance Shape Environmental Futures
754,oa:W3000172913,candidate,2019,THEORETICAL ASPECTS OF SOCIAL POLICY FORMATION IN THE CONDITIONS OF DIGITAL ECONOMY
755,oa:W7167045800,candidate,2026,Artificial intelligence investment and renewable energy for environmental sustainability in ASEAN-5 under the foreign direct investment threshold
756,oa:W4412913192,candidate,2025,Digital Economy and Chinese-Style Modernization: Unveiling Nonlinear Threshold Effects and Inclusive Policy Frameworks for Global Sustainable Development
757,oa:W3196556380,candidate,2021,HUMAN CAPITAL AS A KEY FACTOR IN THE DEVELOPMENT OF UNIVERSITY INNOVATION
758,oa:W2115326493,candidate,2010,Human Development and the Spillover Effects of Investments in Telecoms: An Exploration of Transition Economies
759,oa:W4415385599,candidate,2025,Sectoral analysis of the impact of artificial intelligence on international trade in Turkey and the BRICS economies
760,oa:W4414928042,candidate,2025,Can digital economy development promote urban eco-well-being performance? A quasi-natural experiment
761,oa:W4413758187,candidate,2025,Impact of Firms’ Digital Technology Innovation on Export Product Quality Upgrading
762,oa:W4405664790,candidate,2024,DETERMINING THE HUMAN CAPITAL PERFORMANCE OF LATIN AMERICAN COUNTRIES AND TÜRKİYE WITH CRITIC-BASED ARAS METHOD
763,oa:W4413036937,candidate,2025,"Human capital mobility in the context of globalisation, technological change and demographic transformations"
764,oa:W3106374640,candidate,2020,THE HUMAN CAPITAL FACTOR'S INFLUENCE ON THE INNOVATION-INVESTMENT DEVELOPMENT OF UKRAINE IN THE GLOBALIZATION CONDITIONS
765,oa:W4290085608,candidate,2022,The Impact of Digital Economy Embedding on Trade and Export——Empirical Analysis Based on Transnational Panel
766,oa:W4413001475,candidate,2025,The Role of Digital Technologies in Mitigating Financial Exclusion in Rural and Urban Areas and Age Groups: Evidence from National-Level Survey Data
767,oa:W4413085956,candidate,2025,The silent majority under internet shock: digital infrastructure expansion and small enterprises’ output
768,oa:W2151359990,candidate,2012,"Training, technology and innovation, and job growth"
769,oa:W4382630336,candidate,2022,DIRECTIONS OF THE INFLUENCE OF DIGITAL TECHNOLOGIES ON THE FIELD OF WORK IN THE CONTEXT OF GLOBAL AND NATIONAL DIMENSIONS
770,oa:W3156040930,candidate,2021,Regional Factors in the Development of the ICT Sector in Russia
771,oa:W7116920995,candidate,2025,New structural economics and its implications for Vietnam's high economic growth paths
772,oa:W4412536382,candidate,2025,Deep Learning for Sector-Specific Labor Market Forecasting: Integrating Job Postings and Macroeconomic Indicators
773,oa:W4386175859,candidate,2023,"Catching Up and Overtaking Growth of Developing Countries: Dimensions, Factors, Problems and Prospects. Part 1"
774,oa:W7154390860,candidate,2026,Can the Digital Economy Enable Sustainable Low-Carbon Development of Grain Production? Mechanism Identification and Testing Based on Green Finance
775,oa:W4401523938,candidate,2024,Servicification of GVCs through deep service provisions: Uncovering new insights from structural gravity and machine learning
776,oa:W4414464648,candidate,2025,Industrial robot application and total factor productivity of manufacturing enterprises
777,oa:W7117134827,candidate,2025,"Integration of Digital Economy and Real Economy and the Transition Toward a Low-Carbon Economy: The Case of Chinese Provincial Regions, 2006–2023"
778,oa:W1569260311,candidate,2004,"Learning-by-Doing, Hi-Tech Consumption and Productivity Resurgence"
779,oa:W7124868844,candidate,2026,AI-Driven Modeling of the Energy Transition in the SPRING-F Group: A Hybrid Panel ARDL and Machine Learning Approach
780,oa:W7161035710,candidate,2026,Sustaining Growth Under Demographic Decline: A Minimum AI Investment Threshold for OECD Economies
781,oa:W7168295344,candidate,2026,How does digitalization of producer services impact manufacturing green productivity? Evidence from China
782,oa:W4393980827,candidate,2024,From Pixels to Taxes: A Comparative Study of Digital Economy Tax Policies in the Philippines to Selected ASEAN Member States
783,oa:W4405981979,candidate,2025,Role of Knowledge-Based Economy on Poverty Alleviation and Unemployment Reduction in Nigeria
784,oa:W7151392968,candidate,2026,"Digitalization, Investment, and Sustainable Economic Growth: An ARDL Analysis of Growth Mechanisms in the SPRING-F Countries"
785,oa:W4413772281,candidate,2025,"Green Finance Policies, Urban Green Energy Efficiency and Regional Relative Disparities—Causality Tests Based on Dual Machine Learning"
786,oa:W7130850275,candidate,2026,Modeling AI-driven inequality and adaptive governance: A system dynamics approach to U.S. Socioeconomic futures
787,oa:W4307874628,candidate,2022,Stochastic Panel Analysis of Globalization and Poverty Reduction in BRICS Countries: Implications for Sustainable Development
788,oa:W2788904273,candidate,2010,"Factor Endowment, Structural Change, and Economic Growth"
789,oa:W4391605290,candidate,2024,Comment on “Challenges in Searching for Vietnam's Growth Drivers Through 2030”
790,oa:W4297659820,candidate,2022,The Effects of ICT and Technological Innovation on Environmental Quality: Evidence from Asian Developing Countries
791,oa:W2914490444,candidate,2018,ICT in function of promoting innovation for realization of competitive advantage in the Republic of Macedonia
792,oa:W4416145304,candidate,2026,How does big data development affect urban environmental welfare performance in China? Evidence from national big data comprehensive pilot zones
793,oa:W3118375062,candidate,2017,Preconditions of non-standard employment in the EU and Ukraine: comparative analysis
794,oa:W4393378708,candidate,2024,The Effect of ICT Formation and Development on the Dynamics of Production Output
795,oa:W7161406400,candidate,2026,From intelligent drive to green symbiosis: The pathway of AI pilot zone policy in fostering urban inclusive green growth
796,oa:W4387425257,candidate,2023,Employment of DIY potential to ensure the economic resilience of the regions of Ukraine
797,oa:W2784995796,candidate,2017,"Knowledge, Technological Catch-Up and Economic Growth: A Dynamic Panel Data Analysis For MENA and Latin America"
798,oa:W2972954391,candidate,2019,Analysis of the Effectiveness of Government’s SME R&D Subsidies : Focusing on Information and Communications Technology(ICT) Industry
799,oa:W7118170291,candidate,2026,"Comparative Analysis of Labor Markets in Bulgaria, Italy, and the UK: Wage Dynamics, Labor Costs, and Digital Development"
800,oa:W7126191272,candidate,2026,"The hidden sources of CO2: how growth, technology and energy shape environmental responsibility in the G7"
801,oa:W2626796589,candidate,2012,Consideration the Relationship Between Information Communications Technology and Economic Growth in Top 10 Economic
802,oa:W3124925324,candidate,2015,Differences in Job De-Routinization in OECD Countries: Evidence from PIAAC
803,oa:W3029030709,candidate,2020,The Race between Technological Progress and Female Advancement: Changes in Gender and Skill Premia in OECD Countries
804,oa:W2604168837,candidate,2017,The relationship between national innovative capability and performance in Europea
805,oa:W7133237955,candidate,2026,The New Perspective on Sustainability—Lessons from Amazon’s AI Agent Strategy Towards Rational Sustainability
806,oa:W7116871412,candidate,2025,"Navigating the Sustainability Paradox: Technology, Regulation, and Clean Energy Pathways in OECD Economies"
807,oa:W3091652000,candidate,2020,Heterogeneous effects of waste pricing policies
808,oa:W7128604716,candidate,2026,The Promise and Peril of AI in MENA’s Transregional Future: Solidarity or Further Disparities?
809,oa:W4384030446,candidate,2023,and Digitally Just and Inclusive Futures
810,oa:W4318616840,candidate,2023,Ramifications of Sectors Economic Upsurge on rate of early aged Unemployment in case of East African Countries
811,oa:W7165856583,candidate,2026,Trade and Environmental Performance: How Digital Trade Promotes Sustainable Development in Developing Countries
812,oa:W7117547124,candidate,2025,How Does the National New Generation AI Innovation and Development Pilot Zone Impact Corporate Labor Investment Efficiency? Evidence From China
813,oa:W4390420579,candidate,2023,DEVELOPMENT OF DIGITAL TRANSFORMATION OF COUNTRIES OF THE WORLD ON A GLOBAL DIMENSION
814,oa:W4411834693,candidate,2025,Comparative Analysis of High Tech Innovation Strategies in Leading Asian Economies and Implications for Uzbekistan
815,oa:W4411506195,candidate,2025,A Conceptual Model for Sustainable Intelligent Systems in Malaysian MSMEs
816,oa:W1995371828,candidate,2005,L'augmentation des inégalités est-elle le prix à payer pour l'innovation et la croissance ?
817,oa:W757944417,candidate,2010,Zróżnicowanie rozwoju społeczeństwa informacyjnego krajów Unii Europejskiej
818,oa:W7162684004,candidate,2026,"Bridging the digital gender Gap in rural Uzbekistan: financial literacy, smartphone adoption, and entry into the creative platform economy"
819,oa:W2972381567,candidate,2019,The Genesis of the Modern Information Society and the Main World Characteristics
820,oa:W4387397627,candidate,2023,Effect of productive capacities on tax revenue mobilization: Evidence from Sub‐Saharan African countries
821,oa:W4386642237,candidate,2023,INTERNATIONAL COMPARATORS OF PREREQUISITES FOR REGULATING THE DEVELOPMENT OF THE IT SPHERE OF UKRAINE IN THE CONDITIONS OF EUROPEAN INTEGRATION
822,oa:W4200547736,candidate,2021,Education as a priority direction of development of industrial enteprises and it’s digitalization
823,oa:W7160871278,candidate,2026,The firm side of labour shortages: Five new facts from the OECD-GFP Employer Survey
824,oa:W4289874779,candidate,2022,National Innovation System and Economic Development in Nigeria
825,oa:W3039800111,candidate,2020,In Search of the Lost Balassa–Samuelson Effect – The Changing Role of Services in the 21st Century
826,oa:W4412638826,candidate,2025,Post-Pandemic Remote Work in Nigeria: Transforming Human Resource Management for the Future of Work
827,oa:W4390620528,candidate,2023,Indian-African Cooperation in Science and Technologies
828,oa:W7135086885,candidate,2026,"Beyond the Farm Gate: Servicification, Global Value Chains, and Upgrading in Agricultural Exports"
829,oa:W7160869790,candidate,2026,Cryptocurrency Adoption and Financial Resilience: A Worldwide Fractional Probit Analysis and Institutional Moderation
830,oa:W4415208971,candidate,2025,Realization of the right to social protection: risks of digitalization
831,oa:W7162331312,candidate,2026,Innovation capability moderates the association between AI readiness and sustainable development in ASEAN
832,oa:W382637715,candidate,2011,Key Determinants of Economic Incentives and Institutional Regimes to Promote Knowledge-based Economy in East Asia
833,oa:W7119861498,candidate,2026,The Integration of Global Value Chain in the EU
834,oa:W2279630814,candidate,2014,"WHAT INFORMATION TECHNOLOGY MEANT FOR ECONOMIC PROSPERITY OF USA, JAPAN AND GERMANY?"
835,oa:W4253051443,candidate,2020,Socio-economic Mechanism of Increasing the Competitiveness of Human Resources: Areas for Improvement Under the Conditions of Information and Network Economy Formation
836,oa:W2899845689,candidate,2017,The IT Boom and Other Unintended Consequences of Chasing the American Dream - Working Paper 460
837,oa:W3022355407,candidate,2015,"Challenges Facing Deposit Taking Savings and Credit Co-Operatives’ Compliance with the SACCO Societies’ Act Number 14 (2008) in Nyeri County, Kenya"
838,oa:W114786839,candidate,2014,Service-Led Catch-Up in the Indian Economy: Alternative Hypotheses on Tertiarization and the Leapfrogging Thesis
839,oa:W3017444621,candidate,2020,Development trends of the current global economy
840,oa:W4391935031,candidate,2024,INTERNATIONAL BUSINESS UNDER CONDITIONS OF GLOBAL ECONOMY TURBULENCE
841,oa:W4399075594,candidate,2024,A Comparative Study on the International Competitiveness of Digital Trade between China and Malaysia: A Diamond Model Approach
842,oa:W2466824230,candidate,2016,"Comment on “China's Transport Infrastructure Investment: Past, Present, and Future”"
843,oa:W4285528587,candidate,2021,BUSINESS PROCESSES INTELLECTUALISATION TOWARDS SUSTAINABLE DEVELOPMENT GOALS FULFILLMENT
844,oa:W2005016522,candidate,2004,Predicting Equity Returns for 37 Countries
845,oa:W4403862413,candidate,2024,"INNOVATIVE DEVELOPMENT OF UKRAINE’S ECONOMY IN THE CONDITIONS OF DIGITALIZATION: INSTITUTIONAL AND INFRASTRUCTURE PROVISION, HUMAN AND TECHNOLOGICAL POTENTIAL"
846,oa:W7133961278,candidate,2026,How does physical climate risk impact renewable energy investment? Evidence from Belt and Road countries
847,oa:W3116861924,candidate,2020,Features of financial maintenance of the cultural domain in Ukraine
848,oa:W4413018827,candidate,2025,ГНУЧКІ ТА ГІБРИДНІ МОДЕЛІ ОРГАНІЗАЦІЇ ПРАЦІ: ТРАНСФОРМАЦІЯ ТА ВПЛИВ НА ЕКОНОМІЧНІ ПОКАЗНИКИ ПІДПРИЄМСТВ В УМОВАХ НЕСТАБІЛЬНОГО БІЗНЕС-СЕРЕДОВИЩА
849,oa:W1514900910,candidate,2005,Emergence of China and India in the New Millennium: Will it Facilitate Market Access for LDCs and Developing Countries?
850,oa:W4301586613,candidate,2022,DIGITALIZATION VECTOR OF EU LABOR MARKET DEVELOPMENT
851,oa:W4401762388,candidate,2024,HUMAN POTENTIAL IN THE AGRICULTURAL SECTOR OF THE ECONOMY
852,oa:W4401524554,candidate,2024,The role of e-commerce demonstration zones in carbon emission reduction: Harmonizing economy and environment
853,oa:W3122909955,candidate,2019,Comment
854,oa:W4285163239,candidate,2022,HUMAN POTENTIAL IN THE CONDITIONS OF THE UKRAINE’S EUROPEAN INTEGRATION
855,oa:W4403542191,candidate,2024,Firm heterogeneity and export behavior: evidence from Tunisia
856,oa:W3123104129,candidate,2009,Which one to choose? New evidence on the choice and success of job search methods
857,oa:W3135655752,candidate,2021,Fuzzy based association between China’s service industry and downstream manufacturing industry with liberalization effects
858,oa:W4415170959,candidate,2025,Macroeconomic modeling framework supporting strategic allocation of private credit across global markets
859,oa:W1534024969,candidate,2010,Determinants of Locating R&D Activity in the Philippines: Policy Implications
860,oa:W3147158060,candidate,2021,The analysis of Kazakhstan telecommunications market and factors determining its effectiveness
861,oa:W4292299311,candidate,2022,Features of Supply and Demand Formation in the E-Commerce Market
862,oa:W4244800540,candidate,2015,Euro Area Policies
863,oa:W2189419359,candidate,2013,Technology Sourcing through International Business Travel
864,oa:W2207250600,candidate,2015,The “Cloud” Europe and Germany as the European Stabilizer
865,oa:W7126063865,candidate,2026,Hybrid Feature Selection and Interpretable Random Forest Modeling for Olympic Medal Forecasting: Integrating CFO Optimization and Uncertainty Analysis
866,oa:W3117343821,candidate,2020,"The fiscal cost of the provision of basic public services, subsidies for expenditure on food and basic citizen income per household during the COVID-19 pandemic: An expenditure analysis"
867,oa:W4413922513,candidate,2025,The Impact of High-Quality Development of Foreign Trade on Marine Economic Quality: Empirical Evidence from Coastal Provinces and Cities in China
868,oa:W4386809997,candidate,2023,Comment on “Deconstructing Deglobalization: The Future of Trade is in Intermediate Services”
869,oa:W2277925612,candidate,2010,"Brazil and India: two BRICs as a ""building bloc"" for South-South cooperation"
870,oa:W7139081215,candidate,2026,"Digitalization, Government Revenue, and Structural Breaks: An ARDL Cointegration Approach for Uzbekistan"
871,oa:W4385678952,candidate,2023,Signs and Models of Modern Capitalism: Conclusions for Enterprises in the Period of Digitalization of the Economy
872,oa:W2101806510,candidate,2007,Indo-U.S. FTA: Prospects for Audiovisual Services
873,oa:W4408944828,candidate,2025,The impact mechanism of tourismfication on urban-rural integration development in the Wuling Mountain area
874,oa:W4297338574,candidate,2022,Risks and Strategies of China’s Direct Investment in Central Asia from the Perspective of Big Data
875,oa:W2662326161,candidate,2017,Modelling European Forest Products Consumption and Trade in a Context of Structural Change
876,oa:W2394130241,candidate,2008,A Quantitative Assessment on China's Technological Power(1980—2004)
877,oa:W4380683097,candidate,2023,Research on the Policy Effects and Impact Mechanisms of the Belt and Road Initiative on China’s Forest Products Trade
878,oa:W4414299401,candidate,2025,"Artificial Intelligence, Trade Convergence and Deglobalisation: A Cross-country Analysis"
879,oa:W4411572959,candidate,2026,AI capability and labor productivity in low- and middle-income countries: An absorptive capacity approach
880,oa:W1481133906,candidate,2005,North-South Diffusion of a General Purpose Technology
881,oa:W7152615381,candidate,2026,ARTIFICIAL INTELLIGENCE ADOPTION IN EMERGING ECONOMIES: IMPACTS ON PRODUCTIVITY AND EMPLOYMENT
882,oa:W7212150783,candidate,2026,Artificial Intelligence Readiness and Productive Capacity in Africa: A Cross‐Country Empirical Analysis
883,oa:W7171285139,candidate,2026,The Impact of Trade Openness on Economic Growth in Low- and Middle-Income Countries
884,oa:W3204656912,candidate,2021,Absorptive capacities and economic growth in low and middle income economies
885,oa:W7160243243,candidate,2026,Digital Economy and Carbon Emission Decoupling: Evidence from a Cross-Country Finite Mixture Model Analysis
886,oa:W7166201572,candidate,2026,"DIGITAL FINANCIAL INCLUSION, INSTITUTIONAL QUALITY AND MULTIDIMENSIONAL POVERTY REDUCTION: A CONCEPTUAL FRAMEWORK FOR SUSTAINABLE DEVELOPMENT IN EMERGING ECONOMIES"
887,oa:W7213532764,candidate,2026,"Artificial Intelligence, Industrial Structure Transformation and Escaping the Middle-Income Trap"
888,oa:W4312703546,candidate,2022,Digital Divide for an Inclusive Digital Economy
889,oa:W2284505492,candidate,2012,Media Convergence Model for Emerging Economies
890,oa:W4401436570,candidate,2024,Convergence and Divergence in Asian Countries Through Machine Learning Algorithms
891,oa:W7131830550,candidate,2026,Can Artificial Intelligence Drive Sustainable Growth? Empirical Evidence on the AI–Energy–Growth Nexus in Advanced Economies
892,oa:W4408326421,candidate,2025,Technological Modernization and Economic Growth: A Comparative Study of Emerging and Developed Economies
893,oa:W2407503245,candidate,2009,General Purpose Technologies and their Implications for International Trade
894,oa:W7213927831,candidate,2026,Government and business R&D effects on innovation and productivity in high- and low-income EU countries
895,oa:W7160614555,candidate,2026,Financial inclusion for inclusive growth
896,oa:W7204236150,candidate,2026,Artificial Intelligence in Global Trade: Transforming International Business and Export Competitiveness in Emerging Economies
897,oa:W7164756675,candidate,2026,"Artificial Intelligence and Green Transformation: Human Capital Upgrading, Green Finance, and ESG Assessment as Drivers of Sustainable Productivity"
898,oa:W2122819669,candidate,2014,The Relationship among Information and Communication Technologies and GDP in Middle East Countries: Panel Cointegration Approach
899,oa:W4383270957,candidate,2022,Digital technologies as factor of human capital formation in Ukraine
900,oa:W7137815077,candidate,2025,Structural Transformation and Productivity Growth in India: A Panel Econometric Analysis (1990-2023)
901,oa:W4415233650,candidate,2025,"The Contribution of Financial Technology to Financial Inclusion in Tanzania: Accessibility, Usage, Business Growth and Challenges of Financial Technology Adoption"
902,oa:W3170579932,candidate,2021,Working Paper 347 - Technology Adoption and the Middle-Income Trap: Lessons from the Middle East and East Asia
903,oa:W7166861708,candidate,2026,"Artificial Intelligence, Inequality, and Sustainable Development: An Economic Perspective"
904,oa:W2621446602,candidate,2016,"ICTM 2016 Proceedings of the International Conference on ICT Management for Global Competitiveness and Economic Growth in Emerging Economies, Conference Theme: Economic, Cultural and Social Innovations for Human Capital in Transition Economies"
905,oa:W7214396287,candidate,2026,Artificial Intelligence and Aggregate Labor Productivity
906,oa:W4411971407,candidate,2025,"Digital Economy, New Quality Productivity and High-Quality Regional Economic Growth"
907,oa:W7163171792,candidate,2026,"Machine learning analysis of digital financial inclusion: Identifying determinants, barriers, and sustainability links"
908,oa:W7202283056,candidate,2026,"Artificial Intelligence, Tourism Development, and Ecological Footprint in Advanced Economies: Evidence from MMQR and PQQKRLS Approaches"
909,oa:W4402967590,candidate,2024,Forecasting Green Technology Diffusion in OECD Economies Through Machine Learning Analysis
910,oa:W4379231843,candidate,2023,IMPROVING THE MECHANISM OF DIGITAL DEVELOPMENT OF HUMAN CAPITAL BASED ON ARTIFICIAL INTELLIGENCE
911,oa:W7213593728,candidate,2026,The Macroeconomic Impact of Generative AI: Evidence and Projections
912,oa:W4390420086,candidate,2023,FEATURES OF THE REGULATION OF THE SPHERE OF INFORMATION AND COMMUNICATION TECHNOLOGIES TO OVERCOME ECONOMIC INEQUALITY OF COUNTRIES WITHIN THE EU
913,oa:W7160948720,candidate,2026,Estimation of Firm Labour Productivity and Sales Growth from Artificial Intelligence in Sub-Saharan African Countries
914,oa:W4416763562,candidate,2025,Can affordable internet increase employment opportunities for low-income workers? Evidence from the Affordable Connectivity Program
915,oa:W1634041202,candidate,2015,General Purpose Technologies and their Implications for International Trade
916,oa:W4394063195,candidate,2024,Artificial Intelligence and Its Effects on Employment in India
917,oa:W7117547056,candidate,2025,"Exploring the impact of digital technology, circular technology and public management on environmental sustainability in emerging economies"
918,oa:W7140577206,candidate,2026,Does artificial intelligence promote pro-poor growth? Based on the mediating role of employment structure
919,oa:W7134843611,candidate,2026,Artificial intelligence and employment structure: evidence from China
920,oa:W4405997404,candidate,2024,"Analysis of Human Capital Development, Information Technology (ICT) and Economic Growth Nexus in Nigeria"
921,oa:W7211956592,candidate,2026,EFFECTIVENESS OF FISCAL POLICY USING DOUBLE MACHINE LEARNING: GCC AND HIGH-INCOME ECONOMIES
922,oa:W7167465268,candidate,2026,The AI Productivity Transmission Gap in Small Open Economies: A Dynamic Institutional Absorptive Capacity Model
923,oa:W3098329393,candidate,2020,We have just explained real convergence factors using machine learning
924,oa:W7203631730,candidate,2026,Adoption of Digital Technologies and Artificial Intelligence: A Panel Data Analysis of Sustainable Economic Performance in European Union Countries
925,oa:W1527657545,candidate,2004,"Global Growth Processes: Technology Diffusion, Catching-up and Effective Demand"
926,oa:W4233073901,candidate,2020,Comments on The Middle-Income Trap 2.0: The Increasing Role of Human Capital in the Age of Automation and Implications for Developing Asia
927,oa:W2187797151,candidate,2010,The Influence of Information and Communication Technologies on Economic Growth: A Test of Reverse Causation in the European Union Countries Context
928,oa:W4410893340,candidate,2025,The Impact of Government Spending Policy on the Human Development in the Context of Overcoming the “Middle Income Trap”
929,oa:W7140089485,candidate,2026,Artificial Intelligence Innovation and Development Pilot Zones and Green Total Factor Productivity of the Logistics Industry: An Empirical Analysis Based on Double Machine Learning
930,oa:W4409670660,candidate,2025,Public spending efficiency on human capital and income inequality in selected African countries
931,oa:W3125961395,candidate,2019,ICT Capital-Skill Complementarity and Wage Inequality: Evidence from Fourteen OECD Countries
932,oa:W7169502156,candidate,2026,"Does the timing of AI exposure matter? Generational composition, human capital, and productivity"
933,oa:W3088668863,candidate,2018,Potential impacts of national absorptive capacity in internet of things to socio-economic aspects in some countries and lessons for Vietnam
934,oa:W4414854594,candidate,2025,INFORMATION AND COMMUNICATION TECHNOLOGIES MARKET AS A FACTOR IN ENHANCING THE COMPETITIVENESS OF UKRAINE'S ECONOMY
935,oa:W4414701034,candidate,2025,THE PATH TO THE DIGITAL ECONOMY: EXPLORING THE FACTORS INFLUENCING ICT EXPORTS IN THE CAUCASUS AND CENTRAL ASIAN COUNTRIES
936,oa:W2619852989,candidate,2017,Digital Economy - B2C - Digitalization
937,oa:W4317824602,candidate,2022,"The Impact of Wages, Unemployment and Economic Growth on Artificial Intelligence: Evidence from Countries Divided into Three Groups in the Government Artificial Intelligence Readiness Index"
938,oa:W2964079582,candidate,2018,Economic Growth and Poverty Reduction in Nigeria
939,oa:W2803468273,candidate,2018,"P-13 The Relationship Between Information and Communication Technology, Financial Development, Electricity Consumption and Economic Growth in OECD Countries: A Panel Investigation"
940,oa:W4210735696,candidate,2019,Determinants of Financial Inclusion-in Arab World
941,oa:W7133229298,candidate,2026,"Unpacking CO2 emissions: the role of ICT, renewable energy and unemployment in high-income economies (1991–2021)"
942,oa:W4411535556,candidate,2025,Does information and communication technology matter for the environmental sustainability paradigm? Evidence from MENA countries
943,oa:W4409408647,candidate,2025,THE ROLE OF ICT DEVELOPMENT IN PROMOTING ASEAN REGIONAL ECONOMIC CONVERGENCE
944,oa:W7212967456,candidate,2026,Statistical and machine learning analysis of fiscal and monetary policy determinants of human development in high-HDI countries
945,oa:W7204435464,candidate,2026,The skill premium across countries in the era of industrial robots and artificial intelligence
946,oa:W4410812965,candidate,2025,Artificial intelligence as a convergence factor between labor and capital: potential applications for Ukraine's economic development
947,oa:W2623815276,candidate,2016,"Labour Productivity, ICT and Complementary Factors in the CEE Region"
948,oa:W4312073471,candidate,2022,"CAUSAL LINKS BETWEEN ICT, HDI, AND ECONOMIC GROWTH: EVIDENCE FROM MENA"
949,oa:W4403943869,candidate,2024,Closing Regional and Gender Gaps in Digital Financial Services: a Pathway to Financial Inclusion in Developing Countries
950,oa:W7166691003,candidate,2026,DETERMINANT OF DIGITAL FINANCIAL INCLUSION ADOPTION IN SUB SAHARAN AFRICA
951,oa:W7143618495,candidate,2019,Dose sectoral productivity convergence promote per capita output convergence in the the country level across Asian countries?
952,oa:W7211898591,candidate,2026,Twin Transition and Labor Informality in Asia-Pacific: Threshold Effects and Income-Group Heterogeneity
953,oa:W7214786968,candidate,2026,"Renewable Energy, Environmental Sustainability and Economic Growth: A Machine Learning Analysis of MINT Countries"
954,oa:W4412191662,candidate,2025,DIGITAL ECONOMY TRANSFORMATION AND ITS IMPACT ON LABOR PRODUCTIVITY IN DEVELOPING COUNTRIES: EVIDENCE FROM VIETNAM’S MANUFACTURING AND SERVICE SECTORS
955,oa:W4390776513,candidate,2024,Digital Readiness and Economic Growth: Analyzing the Impact of DESI Scores on GDP in European Countries
956,oa:W7213282143,candidate,2026,"Digital transformation, carbon emissions, and asymmetric environmental equilibrium in emerging economies"
957,oa:W4404033476,candidate,2024,IMPACT OF ICT ON ECONOMIC GROWTH: CASE OF OECD AND MENA COUNTRIES
958,oa:W4402977325,candidate,2024,Measuring the Digital Economy and Its Applications
959,oa:W4414873761,candidate,2025,Correlation Analysis of Competitiveness Factors and Contribution of Ukraine’s ICT Sector to GDP and GVA
960,oa:W4408387057,candidate,2025,Smoothing interregional disparities in the digital economy
961,oa:W4413926581,candidate,2025,"Do artificial intelligence investment, energy transition, and agriculture productivity affect carbon footprint? Evidence from panel data analysis of BRICS countries"
962,oa:W3032546627,candidate,2017,Human Capital Development (Expenditures) and National Development in Nigeria
963,oa:W1894449357,candidate,2015,The Digital Divide And Job Stability During The Great Recession
964,oa:W7127244627,candidate,2024,Does Human Capital Support Green Economic Growth? A Panel Data Analysis For The Nordic Countries
965,oa:W4387585993,candidate,2023,DIGITALIZATION OF HUMAN CAPITAL DEVELOPMENT
966,oa:W2183158457,candidate,2015,"AGEING Can more Experience, Education and ICT Boost TFP Growth?"
967,oa:W2935256583,candidate,2019,Evolving economic growth via the human capital development paradigm: Evidence from the Francophone West-African economies
968,oa:W7107964421,candidate,2025,The impact of information and communication technology on CO2 emissions in the context of environmental sustainability development: a case study of Asian countries
969,oa:W7161642513,candidate,2026,"Wires, Patents and Growth: An Explainable Machine Learning Approach for What Drives Digital Competitiveness in the European Union"
970,oa:W4413237312,candidate,2025,Bridging the Digital Divide: Nigeria's Post-Pandemic Shift to Remote and Hybrid Work Models
971,oa:W7165632008,candidate,2026,Green Technology and Urbanization as Catalysts of Sustainable Economic Development in Malaysia’s Emerging Economy
972,oa:W2586422952,candidate,2008,ICT Diffusion and Productivity in OECD Economies and New Zealand’s Industrial Sectors
973,oa:W7170032838,candidate,2026,"Transforming sustainable green growth: Transitional role of dual-sector financial development, integrated global innovation and digital economy strategies"
974,oa:W7125657463,candidate,2026,Multi-objective machine learning framework for welfare-optimized health insurance design in infectious disease management (Gastroenteritis)
975,oa:W7211885565,candidate,2026,Artificial intelligence and finance with Chinese characteristics: insights from the national new-generation artificial intelligence innovation and development pilot zone
976,oa:W7204996920,candidate,2026,"Sustainable Artificial Intelligence Adoption in E7 Economies: The Roles of Education, Foreign Direct Investment, Economic Growth and Carbon Emissions"
977,oa:W7208785470,candidate,2026,Can artificial intelligence be the answer to green development? evidence from China’s artificial intelligence innovation and development pilot zones
978,oa:W4411298552,candidate,2025,DIGITAL DYNAMICS: HOW INDIA AND CHINA'S TECH RIVALRY IS SHAPING BANGLADESH'S EMERGING ECONOMY
979,oa:W4226419996,candidate,2022,HUMAN CAPITAL AND THE COVID-19 PANDEMIC
980,oa:W4318708220,candidate,2023,Governing knowledge and technology: European approach to artificial intelligence
981,oa:W4407040496,candidate,2025,How Does Banking Concentration Affect Financial Inclusion in the Southern African Region?
982,oa:W2276354709,candidate,2008,Is the Rise in Wage Inequality the Price to Pay for Innovation and Growth
983,oa:W7160335585,candidate,2026,The role of green and digital economy in sustainable development in Sub-Saharan Africa
984,oa:W3023744597,candidate,2005,Technology Regimes and Productivity Growth in Europe and the United States: A Comparative and Historical Perspective
985,oa:W7105508008,candidate,2025,REVISITING THE DETERMINANTS OF FINANCIAL INCLUSION IN THE DIGITAL ERA: EVIDENCE FROM LATIN AMERICAN COUNTRIES
986,oa:W7171940767,candidate,2026,Balancing productivity and employment in the digital age: empirical evidence from Italy’s Transition 4.0 program
987,oa:W7167853120,candidate,2026,Assessing the macroeconomic impacts of green performance in a developing economy: evidence from Tunisia
988,oa:W4388088163,candidate,2023,IMPACT OF DIGITALISATION ON PRODUCTIVITY GROWTH IN EU MEMBER STATES
989,oa:W7132855055,candidate,2026,Identification of the impact of open banking digital infrastructure on financial inclusion in EU countries in the context of macroeconomic and digital development
990,oa:W2243425080,candidate,2015,Service off-shoring and productivity growth in the European economies
991,oa:W4412998099,candidate,2025,The impact of digital economy on green finance in China
992,oa:W2766833648,candidate,2005,Technology Regimes and Productivity Growth in Europe and the United States: A Comparative and Historical Perspective - eScholarship
993,oa:W7130547654,candidate,2025,"Artificial Intelligence Adoption, Complementary Digital Capabilities, and Operational Resilience: A Comparative Analysis of Romania and the Euro Area (2020-2024)"
994,oa:W4408467206,candidate,2023,THE ROLE OF HUMAN CAPITAL FOR ECONOMIC DEVELOPMENT IN A DIGITALIZED WORLD
995,oa:W4396893867,candidate,2024,Artificial Intelligence and Socioeconomic Impacts of Pandemic: Key Roles and Potentials
996,oa:W7163676519,candidate,2026,Does digital economy development alleviate the motherhood penalty? Evidence from China
997,oa:W7160398817,candidate,2026,Artificial intelligence industry development fortifies regional economic resilience: evidence from Chinese cities
998,oa:W7167742711,candidate,2026,The Impact of Digital Financial Inclusion on Labour Force Participation in SAARC Countries: Evidence from the Global Findex 2025
999,oa:W7204908843,candidate,2026,"Nonlinear pathways to climate sustainability: the role of digital technologies, clean energy, and structural change"
1000,oa:W4389791564,candidate,2023,THE DIGITAL ECONOMY IN VIETNAM: CURRENT STATUS AND POTENTIAL OF VIETNAM - SOUTH KOREA COOPERATION
1001,oa:W4321514072,candidate,2021,"Covid-19 Pandemic, 4th Industrial Revolution and Human Capital Development"
1002,oa:W2513340499,candidate,2014,Economy Productivity System: A Developing Country Perspective
1003,oa:W4400455819,candidate,2024,Analysis of key indicators of human capital development in Kazakhstan
1004,oa:W7160026123,candidate,2026,The Impact of Artificial Intelligence on the Labor Skill Premium: Evidence from Chinese Listed Companies
1005,oa:W7163908272,candidate,2026,How the digital economy narrows regional social disparities: mechanisms and evidence from Chinese cities
1006,oa:W7170160549,candidate,2026,Structural heterogeneity in the innovation–sustainability nexus: A global segmentation approach using interpretable machine learning
1007,oa:W4412195843,candidate,2025,"Sustainable Banking in the Digital Era: AI, Ethics, and Financial Inclusion in a Globalized Economy"
1008,oa:W7135190243,candidate,2026,Identifying Patterns of Regional Polarization in Russia: A Machine Learning Approach
1009,oa:W7212933538,candidate,2026,Artificial Intelligence and Progress Toward SDGs 7 and 13: Evidence From BRICS Economies
1010,oa:W2138109968,candidate,2013,133 DESCRIBING THE ‘DIGITAL DIVIDE': INFORMATION TECHNOLOGY USE IN PROSTATE CANCER PATIENTS WITH LOWER SOCIOECONOMIC STATUS
1011,oa:W7169869904,candidate,2026,"Predictors of financial inclusion in Africa: a propensity score matching, intraclass correlation, and accounting decomposition analysis"
1012,oa:W7204197128,candidate,2026,"Digital technology and grain industrial chain resilience: mechanisms, heterogeneity, and threshold effects"
1013,oa:W7135380980,candidate,2025,The Effect of Artificial Intelligence Investments on Economıc Development: Panel Data Analysis
1014,oa:W7170613504,candidate,2026,"Technology, Labor Markets, and Inequality across the Development Spectrum: Reviewing the Evidence"
1015,oa:W7118183719,candidate,2025,IMPACT OF DIGITAL TRANSFORMATION OF THE HUMAN CAPITAL MANAGEMENT SYSTEM ON STATE REGULATION OF THE NATIONAL ECONOMY DEVELOPMENT
1016,oa:W4406769156,candidate,2024,Digital Banking and Sustainable Rural Development: Investigating the Role of Financial Inclusion in Promoting Rural Economic Resilience
1017,oa:W131323061,candidate,2004,ICT and technical efficiency of the manufacturing industries in Iran
1018,oa:W4401906457,candidate,2024,Analyzing the Spatial Pattern and Driving Factors of Urban Digital Economy: A Multiscale Perspective
1019,oa:W4415386800,candidate,2025,The Impact of Artificial Intelligence on Load Capacity Factor in the G20
1020,oa:W4410082181,candidate,2025,"Artificial Intelligence as a Foundation for Enhanced Theoretical Macroeconomic Modeling: Integrating Political, Social, and Cultural Realities in the Brazilian Context"
1021,oa:W7204073345,candidate,2026,Conditional Low-Carbon Effects of China’s Digital Economy: Industrial Upgrading Moderation and Economic Development Thresholds
1022,oa:W7214547034,candidate,2026,Artificial Intelligence Adoption and Circular Economy Performance: Global Insights Into Resource Circularity Dynamics
1023,oa:W4391509615,candidate,2024,A Wavelet Analysis of Bitcoin Price Volatility Dynamic
1024,oa:W7214591467,candidate,2026,"Beyond the Environmental Kuznets Curve: A Machine Learning and Econometric Assessment of Growth–CO2 Decoupling Across Six Central American Economies, 1990–2023"
1025,oa:W1581001394,candidate,2005,Testing the impact of ICT in developed countries during 1980-1995: distributional analysis in Solow’s growth accounting framework
1026,oa:W7162867483,candidate,2026,The nonlinear link between AI and energy poverty: Empirical evidence from global data
1027,oa:W7164514933,candidate,2026,Digital innovation for a greener future: the role of artificial intelligence in Europe's biofuel transition
1028,oa:W4400497611,candidate,2024,ICT and Service Exports: An Empirical Investigation for South Asia
1029,oa:W2940013621,candidate,2018,Emerging Technological Trends of Mobile Telephony and Market Comparison from Macro to Micro Level among BSNL & Private Telecom Service Providers - The Consumer Perspective-A Case Study of Vizianagaram Telecom District.
1030,oa:W7164893612,candidate,2026,Exploring the influence of artificial intelligence and economic complexity on the ecological footprint in apec countries
1031,oa:W4414798688,candidate,2025,Exploring the Moderating impact of ICT Infrastructure on Trade Openness-Sectoral Growth Nexus in Sub-Saharan Africa (SSA)
1032,oa:W7203691222,candidate,2026,Mapping AI-Driven Productivity Research in Kazakhstan’s Economy
1033,oa:W7160693232,candidate,2026,Heterogeneous welfare costs of perceived credit constraints in West Africa
1034,oa:W7168274982,candidate,2026,"Artificial intelligence investment, green innovation, trade openness, and sustainable economic growth in China and the United States under Trump tariff 2.0: Evidence from ARDL analysis (2015–2025)"
1035,oa:W4413856457,candidate,2025,MODELING OF A SYSTEM FOR EFFECTIVE RANKING GOVERNANCE OF HUMAN CAPITAL DEVELOPMENT IN UKRAINE
1036,oa:W7134905555,candidate,2026,Artificial Intelligence and Heterogeneous Unemployment Risk Across Regions: Scenario-Based Projections of Alternative Policy Responses in Taiwan
1037,oa:W1561283380,candidate,2011,ICT spending and inflation at the sectorial level
1038,oa:W3209637401,candidate,2019,A Comparison of Turkey’s Human Capital Stock with Some Selected Mena Countries by Topsis Method
1039,oa:W2754078394,candidate,2017,The Analysis of Income per Capita Convergence on ASEAN Plus Three (APT) Countries
1040,oa:W4410897734,candidate,2025,"Human Capital in Ukraine's IT Sector: Analysis of the Current State, Statistics, And Development Prospects"
1041,oa:W7203479903,candidate,2026,"Public Debt, Wealth Inequality, and the Burden of Taxation"
1042,oa:W3125872337,candidate,2004,"Human capital, mechanisms of technological diffusion and the role of technological shocks in the speed of diffusion: Evidence from a panel of Mediterranean countries"
1043,oa:W7214006055,candidate,2026,Can artificial intelligence and digital finance strengthen climate resilience? The moderating role of environmental policy stringency in OECD countries
1044,oa:W4402995483,candidate,2024,The productivity paradox: pros and cons?
1045,oa:W7202260984,candidate,2026,Development of the Digital Economy and the Upgrading of Residents’ Consumption Structure: Spatial Spillovers and Heterogeneous Evidence from Chinese Provinces
1046,oa:W4396592520,candidate,2024,Modelling the Unit Property Prices in Türkiye Employing Deep Learning Methods
1047,oa:W4404568923,candidate,2024,"RISK ASSESSMENT OF ARTIFICIAL INTELLIGENCE: METHODS AND CHALLENGES IN UKRAINE BASED ON THE UN'S ""GOVERNING AI FOR HUMANITY"" REPORT"
1048,oa:W7128908037,candidate,2026,Forecasting Municipal Financial Distress in South Africa: A Machine Learning Approach
1049,oa:W2334946876,candidate,2014,"Company and Nation Production Enhancement: From ""Productivity Paradox"" and Moore's l"
1050,oa:W7128602257,candidate,2026,Characterization of the artificial intelligence labor market in Chile: An approach based on unstructured data and the ESCO taxonomy
1051,oa:W7162255524,candidate,2026,Integrating structural and machine learning approaches to assess bank stability through the enabling buffer channel
1052,oa:W4413203762,candidate,2025,GENESIS OF THE HUMAN CAPITAL THEORY: FROM CLASSICAL FOUNDATIONS TO THE CHALLENGES OF THE DIGITAL ERA
1053,oa:W7133653501,candidate,2026,Recursive growth and technological feedback: extending the Mankiw-Romer-Weil model
1054,oa:W2115426875,candidate,2006,The skill content of technological change. Some conjectures on the role of education and job-training in reducing the timing of new technology adoption.
1055,oa:W7202147674,candidate,2026,Artificial intelligence and financial systems as enablers of the circular economy in European countries: Unlocking the strategic role of natural resources and renewable energy
1056,oa:W7213454983,candidate,2026,AI and New Zealand’s Productivity Challenge
1057,oa:W7166443684,candidate,2026,The Technology-Inequality Nexus in India: Long-Term Evidence for Policy and Sustainable Development
1058,oa:W7163024768,candidate,2026,Leveraging the Digital Economy for Synergistic Pollution‐Carbon Reduction in China: An Empirical Study on SDGs 9 and 13
1059,oa:W3123677332,candidate,2005,Labour productivity in the Nordic EU countries: a comparative overview and explanatory factors 1980-2004
1060,oa:W7212012850,candidate,2026,"Human Capital Formation, Labor Market Transformation, and Wage Dynamics in AI-Semiconductor Industrial Zones: Predictive Economic Modeling for the Pax Silica Economic Security Zone"
1061,oa:W7203689649,candidate,2026,The AI Productivity Paradox: Evidence from Firm-Level Panel Data in Pakistan
1062,oa:W7140663041,candidate,2026,"Resource Misallocation, Digital Economy and the Sustainability of Innovation Capacity: Mechanisms, Empirical Tests and China’s Experience"
1063,oa:W1771185426,candidate,2013,Finland’s Catch-up: Convergence Through Economic Restructuring
1064,oa:W2921177854,candidate,2007,Endogenous International ICT Spillovers in the APEC Region within the GTAP framework
1065,oa:W308925568,candidate,2011,"IPR, appropriability, and catching up : evidences from Chinese ICT"
1066,oa:W7138895538,candidate,2026,A machine learning analysis of sustainable development: the case of the Harmonic Development Index
1067,oa:W4404664939,candidate,2024,Impact of Digital Technology on Traditional Banking: A Case From the Credit Market in the European Union
1068,oa:W4396655861,candidate,2024,DIGITAL INITIATIVES OF HARYANA GOVERNMENT AND FARMER'S WELFARE
1069,oa:W7164884198,candidate,2026,Does the digital economy impact global carbon shadow price? A study on nonlinear relationships based on the dynamic threshold model
1070,oa:W4406378930,candidate,2024,Technology and AI—Impact on Country’s Growth and Unemployment
1071,oa:W4389207910,candidate,2023,Contribution of Agricultural Productivity to Industrialization in Africa
1072,oa:W3125123413,candidate,2008,Impact of ICT and Human Skills on the European Financial Intermediation Sector
1073,oa:W4321511342,candidate,2021,Impact of COVID-19 Pandemic on Human Development- the Case of Bangladesh
1074,oa:W4414687709,candidate,2025,Measuring Geopolitical Alignment and Economic Growth
1075,oa:W4404685534,candidate,2024,"Environmental Degradation in GCC: Role of ICT Development, Trade, FDI, and Energy Use"""
1076,oa:W4414145606,candidate,2025,The Impact of Digital Economy Development on Housing Price Fluctuations: An Empirical Analysis Based on Provincial Panel Data in China
1077,oa:W2952252222,candidate,2019,Essays on Price and Welfare
1078,oa:W7135022089,candidate,2025,Gender Specifics in the Field of Talent Employment
1079,oa:W4404932461,candidate,2024,Ict Sector Competitiveness: A Comparative Analysis Of Ukraine And Other 7 Eastern European Countries
1080,oa:W4407195531,candidate,2025,LIVELIHOOD-RELATED INTERNET USE AMONG LOW-PRIVILEGED YOUNG MEN IN KOLKATA
1081,oa:W2352756424,candidate,2006,Exploring Economic Growth in the United Kingdom
1082,oa:W7127591888,candidate,2026,Chasing the Dream: Industry‐Level Productivity Developments in Europe
1083,oa:W4386833601,candidate,2023,"Catching Up and Overtaking Growth of Developing Countries: Dimensions, Factors, Problems and Prospects. Part 2"
1084,oa:W1568869273,candidate,2004,New Tendencies in the Economic Growth of EC and USA: Comparative Analysis
1085,oa:W4414662134,candidate,2025,How digital embeddedness affects the poverty vulnerability of rural households?
1086,oa:W3117255732,candidate,2020,Is Job Polarisation ICT-Driven? Evidence from the US
1087,oa:W2576149885,candidate,2012,Cyclical convergence between Romanian consumption and Euro Zone’s one
1088,oa:W1499974476,candidate,2009,The Productivity Gap Between the United States and the Euro Zone Continues to Widen
1089,oa:W7207771053,candidate,2026,Moderating role of ICT on the drivers of material footprint: Empirical evidence from G20 countries
1090,oa:W4415104394,candidate,2025,Driving Industrial Growth through Digitalization: Insights from CEE Countries
1091,oa:W4391405631,candidate,2024,THE IMPACT OF FDI ON EMPLOYMENT IN THE CONTEXT OF DIGITALIZATION OF THE ECONOMY: THE CASE OF CHINA
1092,oa:W7161252927,candidate,2026,Research on the Impact of Public Data Openness on Green Technological Innovation: Empirical Evidence from Machine Learning Methods
1093,oa:W4413185486,candidate,2025,The Impact Mechanism and Effect of Digital Economy on Industrial Green Development Efficiency: A Case Study of the Yangtze River Delta Region
1094,oa:W4408843042,candidate,2025,DIGITAL TRANSFORMATION AND ECONOMIC GROWTH OF THE ASEAN-6 COUNTRIES
1095,oa:W7204908404,candidate,2026,"India's Roadmap to a Five Trillion-Dollar Economy: Challenges, Opportunities, and Policy Imperatives for Sustainable Growth"
1096,oa:W173730730,candidate,2013,No Miracle: What Asia Can Teach All Countries About Growth by Mitchell Wigdor (review)
1097,oa:W7213931891,candidate,2026,Spatiotemporal dynamics and nonlinear drivers of urban eco-efficiency in China's old industrial bases using explainable machine learning
1098,oa:W7167028900,candidate,2026,Research on the impact of artificial intelligence on the export technological complexity of chinese manufacturing enterprises: An analysis based on mediating effects
1099,oa:W4411060932,candidate,2025,Analysis of the Impact of RCEP Implementation on Forest Product Exports Among Member Countries Based on a Double Machine Learning Model
1100,oa:W7214446355,candidate,2026,Data-driven identification of economic drivers and regional disparities of ecological resilience in china’s urban agglomerations: an explainable deep learning framework
1101,oa:W4411212699,candidate,2025,Research on Carbon Emission Reduction Mechanism under the Background of Digital Economy—Based on the Inspection Evidence of Chinese Listed Companies
1102,oa:W3125076080,candidate,2019,Is Gerontocracy Harmful for Growth? a Comparative Study of Seven European Countries
1103,oa:W4411716259,candidate,2025,Whose Inflation Rates Matter Most? A DSGE Model and Machine Learning Approach to Monetary Policy in the Euro Area
1104,oa:W4226153699,candidate,2021,Principal Component Analysis for the Egyptian Economic Growth Under the Government’s Vision 2030
1105,oa:W4414873773,candidate,2025,Assessing the Impact of Digitalization on Economic Convergence in the Context of Sustainable Development: The Methodological Aspect
1106,oa:W3191923479,candidate,2020,What is the significance of free digital goods on economic welfare
1107,oa:W7168661129,candidate,2026,Energy-transition pressure and the asymmetric convergence of enterprise IoT adoption across Europe
1108,oa:W4390676190,candidate,2023,Study on the Path and Mechanism of Digital Inclusive Finance on Economic Growth
1109,oa:W1548472058,candidate,2002,Can Innovation Explain the Increasing Growth Differences in the 1990s
1110,oa:W7171463663,candidate,2026,AI-Related Technological Capability and Economic Growth in Cyprus: Exploratory Macroeconomic Evidence
1111,oa:W7169081311,candidate,2026,From indicators to insight: A Bayesian network analysis of structural convergence in the EU circular economy
1112,oa:W7131624738,candidate,2026,Unpacking the influence of ICT on respiratory diseases in Sub-Saharan Africa
1113,oa:W419744964,candidate,2003,Essays on the origins of modern economic growth
1114,oa:W7172110053,candidate,2026,Digital Maturity and the Decoupling of Carbon Emissions from Economic Growth: Panel Evidence from 93 Economies
1115,oa:W202930966,candidate,1997,Singapore: keys to sustain economy growth
1116,oa:W2995706119,candidate,2019,Determinants of Economic Growth in the EU NUTS2 Regions
1117,oa:W7112548316,candidate,2021,ВПЛИВ ДІДЖИТАЛІЗАЦІЇ НА ТРАНСФОРМАЦІЮ СФЕРИ ЗАЙНЯТОСТІ У КРАЇНАХ ІЗ РІЗНИМ РІВНЕМ ДОХОДІВ
1118,oa:W7125642932,candidate,2026,The impact of digital government development on total factor productivity in forestry: evidence from China
1119,oa:W7169663713,candidate,2026,Big data zones and urban inclusive green growth: Evidence from China's national pilot policy
1120,oa:W7164854268,candidate,2026,The impact of low-altitude economy city pilot policy on enterprise total factor productivity: evidence from China
1121,oa:W1605592132,candidate,2008,Methodology for Determining an ICT Workforce Management Strategy Based on Complementarity of Investments and Sources of Relative Inefficiency
1122,oa:W7202144350,candidate,2026,"Environmental sustainability in belt and road economies: quantile GMM STIRPAT evidence on the roles of trade, digitalization, renewable energy, innovation, urbanization, and human development"
1123,oa:W7213437713,candidate,2026,Greening for Health: The Impact of Central Environmental Protection Inspection on Urban Residents’ Health Welfare
1124,oa:W3034619153,candidate,2021,MODERN TECHNOLOGIES AS A DETERMINANT OF SUSTAINABLE ECONOMIC GROWTH AND DEVELOPMENT OF SMALL OPEN ECONOMIES
1125,oa:W2182711050,candidate,2006,"Determinants of Potential Growth, Information Service Industries and Market Structure"
1126,oa:W7128767374,candidate,2026,The Impact of China National Modern Agricultural Demonstration Zones on Green Total Factor Productivity in Grain Production
1127,oa:W4412879118,candidate,2025,How Does AI Innovation Development Pilot Zones Improve Green Total Factor Productivity in China? Evidence From Chinese City Level Data
1128,oa:W4320153315,candidate,2022,New labor paradigm and employment development: Results of the V St Petersburg International Labor Forum
1129,oa:W3092606724,candidate,2020,India’s national health insurance scheme: Analysis using the Growth Diagnostics Framework
1130,oa:W7165164521,candidate,2026,"Path Dependence, Governance, and the Limits of AI-Led Green Growth: A Dynamic Panel Analysis of 36 Economies"
1131,oa:W4408061559,candidate,2024,SOME ASPECTS OF MODELING THE INFLUENCE OF FACTORS ON ECONOMIC GROWTH
1132,oa:W7167621926,candidate,2026,"Data Factor Marketization, Urban Economic Growth, and Spatial Spillovers: Evidence from National Big Data Pilot Zones"
1133,oa:W7155723225,candidate,2025,Digital inclusion and financial social work: income heterogeneity and charitable engagement among Chinese households
1134,oa:W7164922198,candidate,2026,"Econometric modelling of technological, environmental, and structural drivers of economic growth in European countries"
1135,oa:W4312911353,candidate,2021,Economic education and science as the basis of innovative growth
1136,oa:W4406725528,candidate,2023,INNOVATIVE AND DIGITAL DEVELOPMENT OF THE NATIONAL AUTO INSURANCE MARKET IN THE CONDITIONS OF CONVERGENCE WITH THE EUROPEAN MARKET OF INSURANCE SERVICES
1137,oa:W7202192460,candidate,2026,Exploring new pathways for innovation and sustainable development: How does new quality productivity promote urban emission reduction in China?
1138,oa:W4413216389,candidate,2025,Study on the Mechanism of Wage Growth in China’s Logistics Industry: The Roles of Government and Market
1139,oa:W1490186703,candidate,2014,E-government performance and Economic Growth in OPEC Countries: A cointegrated panel analysis
1140,oa:W4389107917,candidate,2023,A review on growth parameters of e-commerce in India’s economy
1141,oa:W3049579371,candidate,2020,The role of environment and social capitals in Iranian economic growth
1142,oa:W7161277124,candidate,2026,The role of digital transformation in shaping sustainable economic growth in Canada evidence from an ARDL framework
1143,oa:W7207714951,candidate,2026,External Debt and Economic Growth: Is There Evidence of Nonlinearity within Sub-Saharan Africa?
1144,oa:W4405915703,candidate,2024,"RETRACTED: Economic Growth and Development in the Tropics, by Sook ReiTan, HaejinJang and JacobWood (Routledge, Abingdon, 2024), pp. 298"
1145,oa:W7214685286,candidate,2026,"The Institutional Trilemma of Sustainable Development: Reconciling Digitalization, Entrepreneurship, and Green‐Inclusive Growth"
1146,oa:W7167213946,candidate,2026,From Digitalization to Sustainable Industrial Growth: Evaluating Romania’s Alignment with SDG 9 Targets
1147,oa:W4413248096,candidate,2024,APAKAH TEKNOLOGI INFORMASI DAN KOMUNIKASI (TIK) DAPAT MEMITIGASI GANGGUAN TERHADAP LAPANGAN KERJA SELAMA PANDEMI COVID-19? BUKTI DARI KABUPATEN-KOTA DI INDONESIA
1148,oa:W7154390603,candidate,2026,"MODELING THE RELATIONSHIPS BETWEEN GROWTH FACTORS AND CONSTRAINTS ON THE DEVELOPMENT OF THE CREATIVE ECONOMY IN GERMANY, FRANCE, SPAIN, AND POLAND"
1149,oa:W4410079459,candidate,2025,The Impact of COVID-19 on Entrepreneurship and Economic Outcomes in Emerging Markets: A Difference-in-Differences Approach
1150,oa:W2185393084,candidate,2007,SERA 2007 Keynote Address 2 Next Steps of IT-Strong Korea : Software Technology for National Competitiveness
1151,oa:W4399051691,candidate,2023,THE TRANSFORMATION OF THE INTERNATIONAL LABOR MARKET UNDER THE INFLUENCE OF INFORMATION TECHNOLOGY DEVELOPMENT
1152,oa:W7208753418,candidate,2026,Relative Development and the Intelligence Divide
1153,oa:W7154968697,candidate,2026,Technological innovation and carbon dioxide emissions in Nigeria using an EKC STIRPAT VECM framework with artificial neural network robustness
1154,oa:W7128789699,candidate,2026,"Leveraging Forest Resources, Green Energy, and Digitalization: Contextual Evidence Apropos Sustainable Growth in the Lens of Climate Resilience Policies"
1155,oa:W3112121057,candidate,2020,How labor market institutions affect technological choices
1156,oa:W3159378689,candidate,2019,INSURANCE PENETRATION IN A DIGITIZED ENVIRONMENT: AN INDEPTH REVIEW HIGHLIGHTING THE STATUS QUO IN DEVELOPING COUNTRIES
1157,oa:W4400738592,candidate,2024,Firms
1158,oa:W4397038818,candidate,2023,"Examining the Effect of Government Expenditure, Urbanization and Green Finance on Carbon Emission: New Insight from the Southern African Development Community"
1159,oa:W2401534232,candidate,2001,THE REMARKABLE CASE OF PHARMACEUTICALS
1160,oa:W7201855032,candidate,2026,"Climate Change, Global Uncertainty, and Operational Costs: Evidence from Indonesian SMEs"
1161,oa:W3123164390,candidate,2016,Heterogeneous Impact Dynamics of a Rural Business Development Program in Nicaragua
1162,oa:W4410864891,candidate,2025,The societal impact of financial systems modernization in emerging markets
1163,oa:W3163658245,candidate,2020,The National Technology Implementation Index
1164,oa:W2214380734,candidate,2015,Digital development - the strengths and weaknesses of Generation Y
1165,oa:W4406589206,candidate,2024,Digital transformation in company management: Ukraine on the way to competitiveness
1166,oa:W7120633853,candidate,2018,O Impacto das tecnologias digitais nas tarefas dos trabalhadores : as políticas trabalhistas são importantes?
1167,oa:W7214515196,candidate,2026,AI Preparedness and Economic Performance: Evidence from Selected Countries
1168,oa:W3169917976,candidate,2020,THE ECONOMIC MODEL OF GERMANY AS A FACTOR OF SOCIAL STABILITY OF DIGITAL SOCIETY
1169,oa:W2969160431,candidate,2019,Factor Shares in Finnish Industry Over the 20th Century : Descriptive Evidence
1170,oa:W7162371198,candidate,2023,Δοκίμια στη χρήση νέων τεχνολογιών πληροφορικής (μέσα κοινωνικής δικτύωσης) στην αγορά εργασίας
1171,oa:W4411204793,candidate,2025,Global Competitiveness in the Context of Digital Transformation
1172,oa:W4411221802,candidate,2025,Assessment of the Current State of Digital Transformation in Vietnam
1173,oa:W4414367699,candidate,2025,Aduanas inteligentes y sostenibles: Innovación tecnológica y su relación con el desarrollo humano
1174,oa:W635348177,candidate,2013,"Women in Science, Engineering and Technology : A Phenomenological Assessment of Government and School Policies and Programs in Korea"
1175,oa:W4409476078,candidate,2025,UPI's Journey and Socio-Economic Impact in India
1176,oa:W4288095926,candidate,2022,Social Justice in The Digital Era with Special Reference to Covid19 Pandemic
1177,oa:W7105508069,candidate,2025,A SPATIAL-QUANTILE-FRONTIER ANALYSIS OF FINTECH-ENERGY TRANSITION: SPILLOVERS AND DISTRIBUTIONAL EFFECTS OF FINTECH ON RENEWABLE ENERGY INVESTMENT IN DEVELOPING COUNTRIES
1178,oa:W4408291559,candidate,2025,Digital economic development and the green economy - a literature review
1179,oa:W7154954772,candidate,2026,The Impact of the CPTPP on International Trade in ASEAN Countries
1180,oa:W4391168714,candidate,2023,METHODS OF ASSESSING THE LEVEL OF APPLICATION OF INTELLECTUAL TECHNOLOGIES IN THE COUNTRY’S ECONOMY
1181,oa:W4285149066,candidate,2022,LABOR MARKET IN THE CONTEXT OF FORMATION OF FINANCIAL POLICY OF SOCIAL DEVELOPMENT
1182,oa:W4381512698,candidate,2023,"Demographic Dividend, Digital Transformation and Environmental Sustainability Nexus in South Asia"
1183,oa:W4411566518,candidate,2025,A Scalable AI-Driven Ecosystem for National Debt Intervention: Integrating Predictive Analytics and Behavioral Segmentation for Financial Wellness
1184,oa:W7132846024,candidate,2026,The National Innovation System of Lithuania – A Macroeconomic Perspective
1185,oa:W4391885292,candidate,2024,"Spatial-temporal characteristics and implications of rural resilience in mountainous counties in China with the lowest wealth gap under the guidance of the concept of ""production-living-ecology"": An empirical study based on 26 counties"
1186,oa:W7127368237,candidate,2025,KNOWLEDGE ECONOMY: FEATURES AND INDICATORS ANALYSIS
1187,oa:W4415133238,candidate,2025,Global shifts in urban housing markets: the impact of remote work from a geoeconomic perspective
1188,oa:W7212353669,candidate,2026,Making India a Knowledge Society in the Age of AI - Building India's Cognitive Infrastructure for Vikasit Bharat @2047
1189,oa:W7123390406,candidate,2026,Leveraging Financial and Technological Drivers in Advancing ESG Sustainability Practices in Achieving Sustainable Development Goals
1190,oa:W2601432307,candidate,2016,Did electricity drive Spain’s “most progressive decade”?
1191,oa:W4392236162,candidate,2024,"Role of energy consumption, information and communications technology, and economic complexity in promoting environmental sustainability: Implications for gulf countries"
1192,oa:W7196956923,candidate,2026,The Digital Maturity Paradox: The Divergent Impact of Network Readiness and FDI Across Development Tiers
1193,oa:W7203654099,candidate,2026,Role of Foreign Direct investment in Sustainable Development of India
1194,oa:W7162931929,candidate,2026,The Influence of Digital Innovation Capability and Institutional Quality on Aviation Activities: Empirical Evidence of Threshold Effects Across Nations
1195,oa:W4416921945,candidate,2025,REVIEW OF UNDERSTANDING TECHNOLOGY IN THE CONTEXT OF NATIONAL DEVELOPMENT: CRITICAL REFLECTIONS (2025)
1196,oa:W80127023,candidate,2002,India : World Bank's image and outreach effectiveness - a country assistance evaluation
1197,oa:W7161167581,candidate,2026,Environmental quality in the shadow of geopolitical risk: the roles of eco-innovation and resource efficiency in OECD countries
1198,oa:W4403082790,candidate,2024,"Pengaruh Financial Development, Kemajuan Teknologi dan Modal Manusia Terhadap Pertumbuhan Ekonomi ASEAN-8"
1199,oa:W7139941362,candidate,2026,"The effects of information, communication, interest rates, government, and advertisement on people’s choices in relation to the postal savings bank of Pakistan: A rating-based conjoint analysis"
1200,oa:W4415015871,candidate,2025,The Impact of Renewable Energy Enlargement and Digitalization on Ecological Sustainability in G20 Countries
1201,oa:W4405109468,candidate,2024,Factors Facilitating and Impeding the Implementation of the Phygitalization of Education in Georgia
1202,oa:W4405861927,candidate,2024,Remote Accountants' Role in Advancing United Nations Sustainable Development Goals: The Case of a Philippine Fund Services Company
1203,oa:W7168274060,candidate,2026,From resource curse to green transformation: innovation failures and the role of AI and digital twins in MENA economies
1204,oa:W4408737173,candidate,2022,Impact of Industry 4.0 on Industrial Modernization in Turkey
1205,oa:W4408844811,candidate,2025,Training: A Catalyst for Financial Literacy and Digital Transformation in India's Microfinance Sector
1206,oa:W4414402422,candidate,2025,LEADING EUROPEAN MODELS OF DIGITAL TRANSFORMATION AND THEIR RELEVANCE TO THE UKRAINIAN ECONOMY
1207,oa:W7161779919,candidate,2026,E-Commerce and the Spatial Rebalancing of Market Entry: A Multi-Mechanism Analysis of Urban–Rural Market Vitality in China
1208,oa:W4255614633,candidate,2017,The digital trade oversight
1209,oa:W7201882131,candidate,2026,Digitalization and Bank Stability: Challenges and Opportunities for the Banking Industry Across Different Levels of Financial Development
1210,oa:W7155184983,candidate,2026,DIGITAL DISTANCE AND TRADE DYNAMICS: THRESHOLD EFFECTS ON TURKIYE’S EXPORT PERFORMANCE
1211,oa:W4417346646,candidate,2025,Renewable Energy Demand and the Impact of Women's Political Empowerment in Sustainable Development and Green Technological Boost: Evidence From G‐20 Countries
1212,oa:W7202293725,candidate,2026,Intelligence vs execution: decoupling AI and automation's divergent roles in Ghana's post-COVID economic recovery
1213,oa:W7116321832,candidate,2025,DIGITALIZATION AND ITS ROLE IN ECONOMIC DEVELOPMENT
1214,oa:W7166876855,candidate,2026,"The Astana Hub Effect: An Interrupted Time Series Analysis of a National Technology Park, IT Service Exports, and Digital Competitiveness in Kazakhstan"
1215,oa:W4200265521,candidate,2021,DIGITAL IMPERATIVES FOR THE DEVELOPMENT OF THE FINANCIAL MARKET OF THE NATIONAL AND WORLD VECTOR
1216,oa:W7170872786,candidate,2026,Affordable housing supply and dual-use innovation: evidence from China
1217,oa:W7164658479,candidate,2026,Women Entrepreneurship in Agribusiness: Pathways to Economic Empowerment and the Role of Extension Support
1218,oa:W4379250844,candidate,2023,DIRECTIONS FOR IMPROVING THE ECONOMIC ACTIVITY OF THE POPULATION IN UZBEKISTAN
1219,oa:W7167246826,candidate,2026,The Role of Digital Finance in Promoting Green Innovation and Environmental Sustainability
1220,oa:W7156800410,candidate,2026,GST Reforms and Society: Understanding Change through a Sociological Lens
1221,oa:W4243452887,candidate,2019,FOREWORD
1222,oa:W7211972732,candidate,2026,Digitalization and Environmental Performance: The Mediating Role of Industrial Structure in BRICS + Countries
1223,oa:W4413895498,candidate,2025,INSTITUTIONAL DEVELOPMENT OF THE DIGITAL STATE IN UKRAINE IN THE CONTEXT OF IMPLEMENTING THE UN SUSTAINABLE DEVELOPMENT GOALS AND EUROPEAN INTEGRATION
1224,oa:W7204899520,candidate,2026,Financial Technology (FinTech) and Money market Development in Nigeria: 2010-2024
1225,oa:W7172010722,candidate,2026,Research on the Impact of Data Factor Agglomeration in Enterprises on New Quality Productive Forces
1226,oa:W2269276616,candidate,2014,Essays on Smallholder Farmers in Jamaica: Context-specific Evidence for Food Security Policymaking
1227,oa:W2257451953,candidate,2011,"Rich, Average And Poor Regions In The Czech And Slovak Republic – Model Based Clustering"
1228,oa:W2227620558,candidate,2014,Foreign Investment and Vertical Specialisation: An Analysis of Emerging Trends in Chinese Exports
1229,oa:W4404476252,candidate,2024,Building a Resilient Society With the Special Economic Zone Concept: A Defense Economic Perspective
1230,oa:W4414282681,candidate,2025,"Endogenous threats, dual-use innovation, and the economic dynamics of military spending"
1231,oa:W7117370949,candidate,2025,The Effect of Public Expenditures on Unemployment: Does Technology Matter?
1232,oa:W7155410997,candidate,2026,Mapping Lebanon’s industrial landscape: a data-driven assessment of sectoral strengths and regional disparities
1233,oa:W4386638658,candidate,2023,TRANSFORMATION OF THE INSTITUTIONAL ENVIRONMENT TO ENSURE THE COMPETITIVENESS OF THE REGION
1234,oa:W1906410317,candidate,2015,Challenges Facing Deposit Taking Savings and Credit Cooperatives' Compliance With the Sacco Societies' Act Number 14 (2008) In Nyeri County
1235,oa:W4405062838,candidate,2024,Understanding Exclusivities in the Digital Space of India in the Times of Covid 19
1236,oa:W4408685181,candidate,2024,INFORMATION SOCIETY AS THE BASIS OF INNOVATIVE DEVELOPMENT: CHALLENGES AND OPPORTUNITIES FOR UKRAINE
1237,oa:W7169497213,candidate,2026,"Green finance, trade diversification, and institutional quality as catalysts for sustainable industrialization: An empirical analysis of selected Asian Belt and Road Initiative Economies"
1238,oa:W4393130341,candidate,2024,Crowding-out effect between income policies and public services budgets in OECD countries
1239,oa:W7155202183,candidate,2026,"Urban economics for sustainable transitions: grand challenges in urban structure, the urban–rural gradient and city systems"
1240,oa:W1817363898,candidate,2004,The impact of technological and organizational changes on the labor market
1241,oa:W4411893969,candidate,2025,A Research Study on Awareness & Progress of Electronic Banking (E- banking) In India
1242,oa:W7140108744,candidate,2026,Global Automation Shock Index (GASI)
1243,oa:W7154687973,candidate,2026,Developing a context-sensitive Global Innovation Index for OECD countries
1244,oa:W4402935903,candidate,2024,Política tecnológica. Una aproximación de sus efectos en las empresas mexicanas
1245,oa:W4413291193,candidate,2025,FACTORS INFLUENCING DATA ELEMENTS EMPOWERING NEW QUALITY PRODUCTIVE FORCES AND THEIR SPATIOTEMPORAL EVOLUTION: A STUDY BASED ON PANEL DATA FROM 31 PROVINCES IN CHINA
1246,oa:W4391411848,candidate,2022,Pengidentifikasian Determinan Pembangunan Kesehatan Kabupaten/Kota di Indonesia Tahun 2018
1247,oa:W7213978183,candidate,2026,How Does Intelligent Manufacturing Improve Labour Income Share: A Quasi-Natural Experiment in China
1248,oa:W3170001147,candidate,2021,Unbridled liberalism and a pandemic: At a crossroads between techno authoritarianism and a new social order
1249,oa:W7203625714,candidate,2026,Do Digital Governance and Digital Innovation Impact the Carbon Intensity of Tourism in Central Africa? Empirical Evidence from CEMAC Countries
1250,oa:W3135598089,candidate,2021,DIGITALIZATION OF MILITARY ECONOMY
1251,oa:W2565886194,candidate,2007,Measurement of E-Commerce
1252,oa:W4385837387,candidate,2023,Economic asymmetries and the new “markets of tomorrow”
1253,oa:W374671786,candidate,2013,E-participation and Innovations for European Higher Education Institutions
1254,oa:W4401179884,candidate,2024,"Analysis of agricultural development in Ngringo Village, Kecamatan Jaten, Karanganyar District"
1255,oa:W4408007522,candidate,2021,ECONOMIC RESILIENCE: ANALYZING RECOVERY PATTERNS POST-PANDEMIC
1256,oa:W1423828630,candidate,2015,Integration assessment of regional yam markets in Ghana
1257,oa:W7165629068,candidate,2025,Next-Generation Aerospace Infrastructure in Emerging Markets: A Framework for AI-Driven Air Cargo Hubs
1258,oa:W7213464509,candidate,2026,Is the World Getting Smaller? Network‐Driven Heterogeneity in Gravity‐Model Elasticities
1259,oa:W4408680920,candidate,2025,"The Role of Industrial, Agricultural, and Household Economic Activities in The Formation of a Green Economy in East Java: Determinants from a Spatial Perspective"
1260,oa:W7115585313,candidate,2025,STRATEGY FOR DIGITAL TRANSFORMATION OF CHEMICAL ENGINEERING IN UKRAINE DURING WAR
1261,oa:W273185055,candidate,2006,An indigenous innovation
1262,oa:W225473920,candidate,2007,knowledge bases and the geography of industrial upgrading
1263,oa:W7202072498,candidate,2026,Digital and Green Transformations: Leveraging Global Value Chains in Belt and Road Initiative
1264,oa:W7154450500,candidate,2026,"'One Nation, One Tax' Evolution: Assessing Sectoral Opportunities and Compliance Challenges with Special Reference to Karnataka State"
1265,oa:W210474511,candidate,2001,The Future of Banking and the Role of Technology
1266,oa:W4409544861,candidate,2025,CONCEPTUAL FOUNDATIONS OF UKRAINE'S ECONOMIC BREAKTHROUGH STRATEGY IN THE POST-WAR PERIOD
1267,oa:W3208338661,candidate,2021,Essays on the Economics of Innovation
1268,oa:W4247527103,candidate,2018,Discussion
1269,oa:W4416301147,candidate,2025,Can the central environmental protection inspection improve urban energy utilization efficiency?
1270,oa:W4413472827,candidate,2025,"Economic Evaluation of Telemedicine, Remote Consultations, Monitoring and Supportive Care for Invasive Ductal Carcinoma Care in Nigeria."
1271,oa:W4400377512,candidate,2024,In the Shadow of Smith`s Invisible Hand: Risks to Economic Stability and Social Wellbeing in the Age of Intelligence
1272,oa:W4417151637,candidate,2025,Women’s Self-help Groups (SHG) in India: A Critical Review of Their Impact and Pathways toward Gender Equity
1273,oa:W108588339,candidate,2008,"The firm. Techno-organizational changes, industrial relations and performances. An enquiry on Reggio Emilia local industrial system"
1274,oa:W4376599769,candidate,2023,Unleashing the Power of Digital India: Achieving Inclusion and Equity for All
1275,oa:W7154453309,candidate,2026,GST Implementation: Understanding its Effects on Rural Livelihoods
1276,oa:W4410327403,candidate,2025,Assessing the impact of inbound tourism on carbon emissions: Evidence from the Belt and Road Initiative countries
1277,oa:W4414753876,candidate,2025,CRYPTOCURRENCY ACTIVITY OUTSIDE THE REGULATORY FIELD: CONSEQUENCES FOR UKRAINE'S ECONOMY
1278,oa:W4412385069,candidate,2025,FORMATION AND MANAGEMENT OF INNOVATIVE DEVELOPMENT SYSTEM ON THE INDUSTRIAL ENTERPRISES OF UKRAINE
1279,oa:W3125982427,candidate,2014,"Microinsurance in Pakistan: Progress, Problems, and Prospects"
1280,oa:W3163688052,candidate,2021,A contrasting of the pernicious and the salubrious: An assessment of the global impact of the covid 19 pandemic on technology and information
1281,oa:W7166535474,candidate,2026,Integrating Digital Transformation and Innovation Capacity to Achieve Sustainable Development Goals in Saudi Arabia
1282,oa:W4241708981,candidate,2018,"Comments by Yunjong Wang, on Toward a Consumer-Centered Economy and Its Implications for International Trade and Asia's Development"
1283,oa:W4414663951,candidate,2025,The Mechanism of Promoting Ecological Resilience Through Digital Inclusive Finance: Empirical Test Based on China’s Provincial Panel Data
1284,oa:W7204084495,candidate,2026,How AI Application Empowers Corporate Green Transformation
1285,oa:W7169860622,candidate,2026,Deepening Clean Energy Transition and Decarbonization Under Fintech Reform Pilot Zones: Evidence from Chinese Renewable Energy Firms
1286,oa:W4287281171,candidate,2021,Automation and Taxation
1287,oa:W1504043691,candidate,2001,"Prospects for Development in South-East Europe (Reprint; first published by Bank Austria, Vienna, December 2000)"
1288,oa:W4292486689,candidate,2022,The role of digitalization in improving the quality of labor resources
1289,oa:W4411310710,candidate,2025,Impact of the Fourth Industrial Revolution on Society: A Global Perspective
1290,oa:W4247636231,candidate,2015,Discussion
1291,oa:W4415018227,candidate,2025,Decoding High-Quality Urban Development: Evaluating the Short- and Long-Term Effects of AI Penetration and Green Finance on China's Socioeconomic Transformation
1292,oa:W3194771280,candidate,2021,"SURVEY ON THE EXISTENCE OF THE INFORMAL SECTOR DURING THE COVID-19 PANDEMIC (Case Study In Mataram City, West Nusa Tenggara Province)"
1293,oa:W4414838794,candidate,2025,Evolution of high-quality economic development: A bibliometric analysis
1294,oa:W1506157703,candidate,2009,"Innovation Regimes, Job Creative Destruction and the Labour Market"
1295,oa:W7171557244,candidate,2026,Explainable fuzzy logic for sustainable housing investment risk assessment: evidence from Türkiye
1296,oa:W4244512263,candidate,2020,An Assortment of Journal Abstracts to Enhance Oncology Care
1297,oa:W4386738232,candidate,2023,"Give me a U, give me a V, give me an L!: How effective are countercyclical policies in shaping the output dynamic during recessions"
1298,oa:W3120471343,candidate,2020,"Problems and prospects of the ""New Economy"" as an institutional basis of international business in the conditions of globalization"
1299,oa:W4414375250,candidate,2025,Platformization of value creation chains and formation of structure-forming supports of military-post-war recovery: an example of renewable generation microgrid
1300,oa:W7172252752,candidate,2026,Digital and intelligent policy instrument portfolio and green transformation of cities: evidence from China
1301,oa:W2528859683,candidate,2014,Essays in empirical industrial organization
1302,oa:W7213338834,candidate,2026,The Relevance of the Cobb–Douglas Function Nowadays: Insights from the Global Agricultural Sector
1303,oa:W2144533976,candidate,2006,Indo-US FTA: Prospects for the Telecommunication Sector
1304,oa:W7212141873,candidate,2026,Flexible workers’ preferences for basic medical insurance for employees: a discrete choice experiment
1305,oa:W7161023977,candidate,2026,Digitalization and Household Consumption-Based Carbon Emissions: Evidence from China’s CFPS Panel
1306,oa:W7213414087,candidate,2023,Capital for the Common Good: UNGA 2023
1307,oa:W4249649753,candidate,2020,Discussion
1308,oa:W4405970243,candidate,2024,SCIENTIFIC APPROACHES TO THE MANAGEMENT OF INNOVATION ACTIVITY OF ENTERPRISES IN THE CONTEXT OF BUSINESS DIGITALIZATION IN UKRAINE
1309,oa:W7163880098,candidate,2026,"Aging, industrial robot input and export performance: evidence from Chinese industrial firms"
1310,oa:W2240433892,candidate,2013,Essays in applied econometrics
1311,oa:W7143382433,candidate,2026,The impact of digitalization on youth unemployment in Kazakhstan: Evidence from an ARDL framework
1312,oa:W7166342691,candidate,2026,"From resource boom to sustainability: Nonlinear linkages between lithium production, economic freedom, and sustainable development"
1313,oa:W4395661431,candidate,2024,An Assortment of Journal Abstracts to Enhance Oncology Care
1314,oa:W7214667514,candidate,2026,Can Digital Transformation and FinTech Mitigate the Ecological Resource Curse? Evidence from Eight Resource-Exporting Economies
1315,oa:W2186122876,candidate,2015,Here and Now: The Best of Times for Community Banking
1316,oa:W4312609312,candidate,2022,FINANCIAL SUPPORT OF EDUCATIONAL SERVICES IN UKRAINE
1317,oa:W2624199708,candidate,2010,A Pathway to Recovery: Further Development of the Multilateral System (WTO Public Forum))
1318,oa:W4414678724,candidate,2025,TRENDS IN DIGITAL ECONOMIC DEVELOPMENT AND VIRTUAL BUSINESS MOBILITY
1319,oa:W7155179866,candidate,2026,EconoGNN: A graph neural network framework for temporal economic resilience insights
1320,oa:W7154596324,candidate,2026,On track but too slow? The dynamics of EU decarbonization
1321,oa:W4412729050,candidate,2025,Navigating Disruption: The Role of Resilience and Digital Transformation in Chinese Cross-Border E-Commerce SMEs Post-COVID-19
1322,oa:W4243544378,candidate,2011,Management Insights
1323,oa:W7165871374,candidate,2026,Characteristics and driving factors of urban resilience and sustainability evolution: an XGBoost-SHAP model approach
1324,oa:W7214052408,candidate,2026,"Material Footprint, Institutional Quality, and Carbon Emissions in BRICS: Distributional Evidence Using Dematerialization Proxies"
1325,oa:W7133693618,candidate,2026,Participation in Digital Global Value Chains Reduces Embodied Carbon Emissions in Digital Exports
1326,oa:W4413855822,candidate,2025,The Impact of China’s Industrial Structure Adjustment on Trade and Technological Cooperation between China and the Eurasian Economic Union
1327,oa:W7166527749,candidate,2026,Development zone environmental policy and green innovation: Evidence from China’s industrial sector
1328,oa:W2070877663,candidate,2002,Experts Don’t Expect Managed Care To Cure Recent Health Cost Spike
1329,oa:W2412202343,candidate,2015,"Base, Superstructure, and the Role of Journalism in the Irish Property Crash—Towards a Crisis Theory of Communications"
1330,oa:W4221027211,candidate,2022,Summaries of Articles
1331,oa:W7160174384,candidate,2026,Does Urban–Rural Integration Promote Sustainable Development of a Low-Carbon Economy? Empirical Analysis of Panel Data from the Provincial Level in China
1332,oa:W4387060621,candidate,2023,Government Support During COVID-19 and Corruption
1333,oa:W4408106885,candidate,2025,Risk Factor Determinants for Bemonc Services Uptake at Basic Health Care Provision Fund (BHCPF) Ward Focal HCFS in Kogi State
1334,oa:W768626765,candidate,2014,Emerging Knowledge Economies in Asia: Current Trends in ASEAN-5 ed. by Dessy Irawati and Roel Rutten (review)
1335,oa:W2181405476,candidate,2015,Role of equity: an instrument for economic development
1336,oa:W7169712393,candidate,2026,Computational Macrohistory: Exploratory Empirical Application - The Arab Spring as a Preliminary Test Case for Structural-Demographic Theory
1337,oa:W4408616409,candidate,2025,Bridging the innovation gender gap: analysis under EU merger control
1338,oa:W4415079737,candidate,2025,A Legacy of Safeguarding Health: Saudi Arabia’s Remarkable Commitment to a Disease-free Hajj and the Role of Vision 2030
1339,oa:W4405004055,candidate,2024,Evaluating the Digital Transformation of Lottery Operation: A Case Study on the E-Lotto Applications Impact on the Philippine Charity Sweepstakes Office in Metro Manila
1340,oa:W2551920955,candidate,2017,Automatic Rationing System
1341,oa:W4252234264,candidate,2019,Discussion
1342,oa:W3128240199,candidate,2020,Introduction to a Special Issue of the Financial Planning Review on financial technology
1343,oa:W7154264966,candidate,2026,GST and its Impact on Small and Medium Enterprises (SMEs) In India
1344,oa:W7147178851,candidate,2026,Does the U.S. Have Enough Oncologists to Meet Patient Demand?
1345,oa:W3035769084,candidate,2019,Problems to Provide Open Innovative Space in Ukraine
1346,oa:W4200050567,candidate,2021,Keyword Index
1347,oa:W3154218372,candidate,2020,TRANSFORMATION OF THE FORMAT OF STUDY AND WORK IN THE CONTEXT OF THE CORONAVIRUS PANDEMIC
1348,oa:W2807436693,candidate,2013,There are no Borders for Sciences nor for Medicines Market - Medicines Safety is an Imperative for Health
1349,oa:W2122255706,candidate,2015,Teaching Film ed. by Lucy Fischer and Patrice Petro (review)
1350,oa:W88309394,candidate,1999,Financial Management Frontiers in 21st Century Governments
1351,doi:10.52783/jier.v6i1.4494,candidate,2026,Unlocking Digital Financial Inclusion on Economic Growth: Cross-country study using panel data
1352,doi:10.30546/09090.2026.001.20.2052,candidate,2026,Stacked Ensemble Learning for Economic Growth Forecasting: A Cross-Country Panel Data Analysis
1353,doi:10.3390/economies2010078,candidate,2014,Internet Education and Economic Growth: Evidence from Cross-Country Regressions
1354,doi:10.64388/irev9i5-1712415,candidate,2025,Artificial Intelligence Adoption and Economic Growth: Evidence from a Global Cross-Country Panel (2015–2024)
1355,doi:10.1080/13504851.2013.829170,candidate,2013,Internet-growth nexus: evidence from cross-country panel data
1356,doi:10.1080/00036846.2014.957444,candidate,2014,Broadband penetration and economic growth nexus: evidence from cross-country panel data
1357,doi:10.1080/00036846.2015.1078450,candidate,2015,"Financial depth, internet penetration rates and economic growth: country-panel evidence"
1358,doi:10.24114/qej.v5i1.17481,candidate,2020,INTERNET DAN INFLASI: CROSS-COUNTRY PANEL ANALYSIS ATAS 5 NEGARA DI ASIA
1359,doi:10.1002/isd2.12105,candidate,2019,Different paths and same destinations? An analysis of the convergence in Internet usage patterns between different age groups
1360,doi:10.2196/96374,candidate,2026,Governing AI for Pharmacovigilance in Low-Income Countries: Systems Perspective
1361,doi:10.5210/fm.v11i3.1318,candidate,2006,Digital divide or digital development?: The Internet in Mexico
1362,doi:10.5210/fm.v0i0.1799,candidate,2007,Digital divide or digital development?: The Internet in Mexico (originally published in March 2006)
1363,doi:10.1300/j381v11n04_03,candidate,2007,Digital Disparities
1364,doi:10.18753/2297-8224-8576,candidate,2025,The Digital Divide
1365,doi:10.3390/fi3020144,candidate,2011,Mobile Phones Bridging the Digital Divide for Teens in the US?
1366,doi:10.18080/jtde.v9n1.301,candidate,2021,E-Government Services and the Digital Divide
1367,doi:10.1002/poi3.409,candidate,2024,Traversing the digital divide in concept and effect: Relative interpretations and orientations
1368,doi:10.36948/ijfmr.2024.v06i06.30386,candidate,2024,Digital Divide: Examining Socioeconomic Inequalities in Internet Access and Usage
1369,doi:10.2196/jmir.1619,candidate,2012,eHealth Literacy: Extending the Digital Divide to the Realm of Health Information
1370,doi:10.2196/jmir.2645,candidate,2013,"The Digital Divide Among Low-Income Homebound Older Adults: Internet Use Patterns, eHealth Literacy, and Attitudes Toward Computer/Internet Use"
1371,doi:10.1177/02666669251330306,candidate,2025,Digital divide or digital dividend? the impact of internet use on middle-class formation: Evidence from China
1372,doi:10.1108/ijse-09-2023-0695,candidate,2024,The relationship between inequality and poverty in developing countries: mitigating role of virtual social network and internet access in schools
1373,doi:10.15388/ekon.2022.101.1.3,candidate,2022,"Financial Inclusion, Poverty, and Income Inequality: Evidence from European Countries"
1374,doi:10.1177/0974910119887054,candidate,2019,Influence of the Internet on the Economic Growth of the Belt and Road Region
1375,doi:10.1177/2393957516647250,candidate,2016,Can an Internet Adoption Framework be Developed for SMEs in South Africa
1376,doi:10.24191/jeeir.v8i3.8952,candidate,2020,Internet User and Economic Selected Southeast Asia Nations: A Panel Data Analysis
1377,doi:10.4018/jgim.321184,candidate,2023,The Effects of Broadband Internet on Employment and Wages
1378,doi:10.59288/wug343.337-360,candidate,2008,"The Effects of Globalization on Wages, Employment, and Wage Share in Austria"
1379,doi:10.35912/ahrmr.v5i4.3110,candidate,2026,"Absorptive Capacity, Green Entrepreneurship, and Sustainable Human Capital Effects on Green Innovation in SMEs"
1380,doi:10.58921/jobams.7.1.192,candidate,2025,Shaping the Human Capital Absorptive Capacity: Role of Artificial Intelligence
1381,doi:10.2478/fiqf-2024-0011,candidate,2024,IMPACT OF INSTITUTIONS ON FINANCIAL INCLUSION IN AFRICA
1382,doi:10.1186/s40854-018-0089-x,candidate,2018,Has expansion of mobile phone and internet use spurred financial inclusion in the SAARC countries?
1383,doi:10.1108/dprg-04-2018-0018,candidate,2018,"Connecting the poor: the internet, mobile phones and financial inclusion in Africa"
1384,doi:10.47772/ijriss.2026.100700814,candidate,2026,"Financial Inclusion, Internet Banking and Financial Performance of Deposit Money Banks in Nigeria"
1385,doi:10.1108/jfrc-03-2025-0061,candidate,2025,"Geopolitical shocks, capital outflows, financial inclusion and digital financial inclusion"
1386,doi:10.3390/economies10080184,candidate,2022,"Digital Financial Inclusion, Digital Financial Services Tax and Financial Inclusion in the Fourth Industrial Revolution Era in Africa"
1387,doi:10.59075/mv7whh02,candidate,2026,"Financial Development, Digital Technology, and Economic Growth in Pakistan: The Mediating Role of Financial Inclusion and the Moderating Effect of Internet Penetration"
1388,doi:10.3390/jrfm16050262,candidate,2023,Impact of Financial Inclusion on India’s Economic Development under the Moderating Effect of Internet Subscribers
1389,doi:10.21511/imfi.16(3).2019.18,candidate,2019,Digital financial inclusion: evidence from Ukraine
1390,doi:10.33516/maj.v57i9.41-43p,candidate,2022,Digital Inclusion for Financial Inclusion - A Study with Special Reference to the Role of Digitalisation in Financial Inclusion through Micro Finance
1391,doi:10.52458/23944870.2019.v6.iss2.kp.a13,candidate,2019,Financial Inclusion through Mobile and Internet Banking
1392,doi:10.1515/omgc-2022-0056,candidate,2022,"Broadband, effective labor, and economic growth during the COVID-19 pandemic period: evidence from a cross-country study"
1393,doi:10.1016/j.iimb.2018.01.001,candidate,2018,Information communication technology (ICT) infrastructure and economic growth: A causality evinced by cross-country panel data
1394,doi:10.1108/14636691011027175,candidate,2010,Broadband infrastructure investment in stimulus packages: relevance for developing countries
1395,doi:10.24926/265535.4128,candidate,2020,Minnesota's Digital Divide: How Minnesota Can Replicate the Rural Electrification Act to Deliver Rural Broadband Note
1396,doi:10.70147/c287588,candidate,2026,"The Infrastructure Framework of the Digital Economy: Broadband Access, Economic Resilience, And the Digital Divide in the European Union"
1397,doi:10.1016/j.telpol.2023.102579,candidate,2023,Economic growth and broadband access: The European urban-rural digital divide
1398,doi:10.1109/mcomstd.0001.2100092,candidate,2022,Can 5G Fixed Broadband Bridge the Rural Digital Divide?
1399,doi:10.5120/ijcaac8e8aa0b35e,candidate,2026,"GLOBAL BROADBAND ACCESS: COST, SPEED, RELIABILITY, AND THE DIGITAL DIVIDE (2021–2026)"
1400,doi:10.1093/jeg/lbac006,candidate,2022,The (fuzzy) digital divide: the effect of universal broadband on firm performance
1401,doi:10.1002/gas.22217,candidate,2021,Closing the Broadband Digital Divide: The Role of Utility‐Owned Fiber
1402,doi:10.5465/ambpp.2016.17389abstract,candidate,2016,"""Affordable Broadband: Bridging the Global Digital Divide, A Social Justice Approach"""
1403,doi:10.1093/ei/cbg013,candidate,2003,The Supply Side of the Digital Divide: Is There Equal Availability in the Broadband Internet Access Market?
1404,doi:10.3390/economies14060237,candidate,2026,Digital Infrastructure Development and Corporate Labor Productivity—A Multi-Period DID Study Based on “Broadband China” Pilot Cities
1405,doi:10.1080/17520843.2016.1250800,candidate,2016,"Broadband penetration, financial development, and economic growth nexus: evidence from the Arab League countries"
1406,doi:10.1136/bmj.h1975,candidate,2015,Can mobile phones transform healthcare in low and middle income countries?
1407,doi:10.1186/s12889-020-8173-3,candidate,2020,Using mobile phones to improve community health workers performance in low-and-middle-income countries
1408,doi:10.1007/s11205-009-9572-0,candidate,2010,Penetration and Growth Rates of Mobile Phones in Developing Countries: An Analytical Classification
1409,doi:10.1002/j.1681-4835.2009.tb00249.x,candidate,2009,Mobile Phones and Development: An Analysis of IDRC‐Supported Projects
1410,doi:10.15265/iy-2014-0022,candidate,2014,"Engaging Patients through Mobile Phones: Demonstrator Services, Success Factors, and Future Opportunities in Low and Middle-income Countries"
1411,doi:10.2196/mhealth.7792,candidate,2017,Using Mobile Phones to Improve Vaccination Uptake in 21 Low- and Middle-Income Countries: Systematic Review
1412,doi:10.1080/01436590903134882,candidate,2009,"Mobile Phones and Financial Services in Developing Countries: a review of concepts, methods, issues, evidence and future research directions"
1413,doi:10.1186/s13643-019-1033-5,candidate,2019,"Using mobile phones to improve young people’s sexual and reproductive health in low- and middle-income countries: a systematic review protocol to identify barriers, facilitators and reported interventions"
1414,doi:10.7759/cureus.4104,candidate,2019,Mobile Phones May Not Bridge the Digital Divide: A Look at Mobile Phone Literacy in an Underserved Patient Population
1415,doi:10.31273/reinvention.v16i2.1391,candidate,2023,Mobile Phones: Sick of Your Phone yet? The Infectiousness of Mobile Phone Usage During the Pandemic and the Generational Divide
1416,doi:10.1177/2050157915590469,candidate,2015,Divide and diffuse: Comparing digital divide and diffusion of innovations perspectives on mobile phone adoption
1417,doi:10.1177/20501579261483935,candidate,2026,Inequality Within the Mobile System: Understanding the Third-Level Digital Divide Through Adverse Digital Incorporation in Rural China
1418,doi:10.4054/demres.2020.42.37,candidate,2020,"Mobile phones, digital inequality, and fertility: Longitudinal evidence from Malawi"
1419,doi:10.1177/0266666917744006,candidate,2017,"Mobile banking usage, quality of growth, inequality and poverty in developing countries"
1420,doi:10.1080/10875549.2020.1783423,candidate,2020,Thus Far and No Further? An Inquiry into Adoption of Mobile Phones by Low Income Women in Urban India
1421,doi:10.17533/udea.le.n71a4820,candidate,2010,Strategic Uses of Mobile Phones in the BoP: Some Examples in Latin American Countries
1422,doi:10.21240/mpaed/00/2009.03.13.x,candidate,2009,"Mobile phones as cultural resources for learning – an analysis of mobile expertise, structures and emerging cultural practices"
1423,doi:10.1093/jae/ejs009,candidate,2012,The Impacts of Mobile Phones and Personal Networks on Rural-to-Urban Migration: Evidence from Uganda
1424,doi:10.1111/1477-9552.12480,candidate,2022,"Mobile phones, off‐farm employment and household income in rural India"
1425,doi:10.1515/rne-2022-0008,candidate,2023,The Impact of Mobile Phones on Change in Employment Status in South Africa
1426,doi:10.5202/rei.v3i2.75,candidate,2012,"Mobile Phones, Financial Inclusion, and Growth"
1427,doi:10.1080/23322039.2019.1622180,candidate,2019,"Do mobile phones, economic growth, bank competition and stability matter for financial inclusion in Africa?"
1428,doi:10.3846/tede.2021.14508,candidate,2021,IMPACT OF MOBILE PHONES AND INTERNET USE ON FINANCIAL INCLUSION: EMPIRICAL EVIDENCE FROM THE EU POST-COMMUNIST COUNTRIES
1429,doi:10.17645/si.v8i2.2592,candidate,2020,Do Mobile Phones Help Expand Social Capital? An Empirical Case Study
1430,doi:10.1080/1097198x.2026.2690894,candidate,2026,"Digital Interoperability Platforms, Mobile Phones, Governance Quality and Financial Inclusion in sub-Saharan Africa: Evidence of Synergies"
1431,doi:10.21275/art20175407,candidate,2017,Analysis of Adoption of Mobile Banking for Financial Inclusion in Rural India
1432,doi:10.59429/ff.v1i1.116,candidate,2023,Bibliometric Analysis on Mobile based Financial Technology and Financial Inclusion
1433,doi:10.15373/22501991/jan2014/8,candidate,2012,Mobile Banking in Rural India: Roadmap to Financial Inclusion
1434,doi:10.52783/eel.v15i1.2780,candidate,2025,M-Paisa and Financial Inclusion: A Case Study of Mobile Banking in Emerging Markets
1435,doi:10.15640/jeds.v10n2a2,candidate,2022,Mobile Phone for Financial Inclusion: Mobile Money Adoption in the WAEMU
1436,doi:10.1108/jfrc-01-2023-0003,candidate,2023,"Telecommunications regulation, mobile money innovations and financial inclusion"
1437,doi:10.1504/ijstm.2018.093337,candidate,2018,Information communications technology penetration and stock markets - growth nexus: from cross country panel evidence
1438,doi:10.5296/ber.v11i4.19064,candidate,2021,Impact of Economic Integration and Information and Communication Technology on Economic Growth for European Union: Dynamic Panel GMM Approach
1439,doi:10.14254/1800-5845/2022.18-2.14,candidate,2022,The Information and Communication Technologies-Economic Growth Nexus in Tunisia: A Cross-Section Dynamic Panel Approach
1440,doi:10.29023/alanyaakademik.806593,candidate,2021,"The Relationship Between Information and Communication Technology (ICT), International Migration and Economic Growth in Turkey"
1441,doi:10.21275/art20175166,candidate,2017,Evaluation of Information and Communication Technology Systems for Healthcare Provision in Low &amp; Middle Income Countries
1442,doi:10.1080/02681102.2014.948372,candidate,2014,The Impact of Information and Communication Technology Adoption and Diffusion on Technology Entrepreneurship in Developing Countries: The Case of Kenya
1443,doi:10.1080/02681102.2019.1678455,candidate,2019,Health outcome and expenditure in low-income countries: does increasing diffusion of information and communication technology matter?
1444,doi:10.3390/economies7010021,candidate,2019,Impact of Information and Communication Technology on Economic Growth: Evidence from Developing Countries
1445,doi:10.17485/ijst/v13i39.797,candidate,2020,Determinants of information and communication technology (ICT) adoption in developing countries
1446,doi:10.1353/ctt.2003.0009,candidate,2003,"Information and Communication Technologies and the Global Digital Divide: Technology Transfer, Development, and Least Developing Countries"
1447,doi:10.1002/j.1681-4835.2013.tb00402.x,candidate,2013,Information and Communication Technology Management for Global Competitiveness and Economic Growth in Emerging Economies
1448,doi:10.55493/5002.v13i9.4824,candidate,2023,The effect of information and communication technology on economic growth high-income countries
1449,doi:10.54241/2065-000-001-007,candidate,2018,"The Effect Of Foreign Direct Investment In Information And Communication Technology In Developing Countries:, The Case Of Sultanate Of Oman"
1450,doi:10.1080/1369118x.2015.1050438,candidate,2015,The contemporary US digital divide: from initial access to technology maintenance
1451,doi:10.4018/jicthd.2009010103,candidate,2009,"Digital Divide, Social Divide, Paradigmatic Divide"
1452,doi:10.1080/13691180500146425,candidate,2005,BOOK REVIEWS
1453,doi:10.1080/1369118x.2015.1065285,candidate,2015,Information society and digital divide in South Africa: results of longitudinal surveys
1454,doi:10.1080/1369118x.2025.2561026,candidate,2025,The network dialectic: the digital divide and the contradictions of Philadelphia's digital equity strategy
1455,doi:10.1080/1369118x.2016.1271899,candidate,2017,"Racial projections: cyberspace, public space, and the digital divide"
1456,doi:10.1080/0144929x.2025.2517218,candidate,2025,Digital divide or digital dividend: the impact of digital economy development on the elderly
1457,doi:10.1080/02681102.2022.2068492,candidate,2022,Digital inequality beyond the digital divide: conceptualizing adverse digital incorporation in the global South
1458,doi:10.1080/02681102.2025.2502406,candidate,2025,Information and communication technologies and the COVID-19: from economic inequality to educational digital divide in central and South America
1459,doi:10.1080/1369118x.2022.2085612,candidate,2022,Towards conceptualization and quantification of the digital divide
1460,doi:10.1080/1369118x.2024.2449007,candidate,2025,Bootstrapping the digital divide: a situational analysis of digital demands and collective capabilities in low-income households
1461,doi:10.1017/s103507720001172x,candidate,2007,The complex digital divide: Information and communication technology amongst users of family support and foster care services
1462,doi:10.66437/qjerp.v2i9.009,candidate,2026,Lived Experiences of Public Junior High School Chemistry Teachers in Integrating Information and Communication Technology (ICT) amid the Digital Divide
1463,doi:10.1080/1369118x.2024.2423348,candidate,2024,Digital divide and digital engagement in small business owners: an examination of survey data
1464,doi:10.4301/s1807-17752017000300008,candidate,2018,Absolute poverty and the desire to emancipate communities driving Mobile communication for Development (M4D) in developing countries
1465,doi:10.6007/ijarbss/v9-i9/6303,candidate,2019,Information and Communication Technology (ICT) and Income Inequality in ASEAN-5 Countries
1466,doi:10.23962/10539/19803,candidate,2005,The use of information and communication technologies for rural development and poverty alleviation in developing countries: An investigation of gender specific agricultural development
1467,doi:10.6007/ijarbss/v10-i1/6843,candidate,2020,Information and Communication Technology (ICT) and Income Inequality in ASEAN-5 Countries
1468,doi:10.18350/ipaid.2016.25.1.101,candidate,2016,Information Communication Technology Development in Nepal
1469,doi:10.1002/sd.71201,candidate,2026,Reducing Gender Inequality in Education in Developing Countries: Do Information and Communication Technologies Matter?
1470,doi:10.1002/sd.3077,candidate,2024,"Information communication technology, globalization, and energy poverty: Prospects for sustainable development in the N‐11 countries"
1471,doi:10.1080/1369118x.2018.1563206,candidate,2019,Gender inequality in mobile technology access: the role of economic and social development
1472,doi:10.4018/jabim.2012010101,candidate,2012,"Capability Enhancement of Women through Information Technology to Reduce Poverty, Inequality and Radical Feminism"
1473,doi:10.51239/nrjss.v0i0.32,candidate,2017,Impact of Information and Communication Technology on the Productivity of South Asian Economies
1474,doi:10.1080/02681102.2014.962939,candidate,2014,Theory to Inform Practice to Build Theory: Are Emerging Economies in a Cyclical Relationship with their Information and Communication Technologies?
1475,doi:10.1108/vine-06-2014-0045,candidate,2015,Leveraging organizational performance via knowledge management systems platforms in emerging economies
1476,doi:10.1080/02681102.2023.2233463,candidate,2023,"Investigating the direct and indirect effects of Information and Communication Technology on economic growth in the emerging economies: role of financial development, foreign direct investment, innovation, and institutional quality"
1477,doi:10.3390/economies10060126,candidate,2022,The Decomposition of Information and Communication Technology Products Trading: A Case Study of China
1478,doi:10.24191/jeeir.v2i2.9626,candidate,2014,Governance and Information &amp; Communication Technology in Islamic Countries: A Generalized Method of Moments Inference
1479,doi:10.48009/2_iis_2014_175-184,candidate,2014,ALIGNING INFORMATION TECHNOLOGY EDUCATION &amp;amp; EMPLOYMENT IN DEVELOPING COUNTRIES: A CASE STUDY OF PAKISTAN
1480,doi:10.1002/isd2.12292,candidate,2023,The role of open government data and information and communication technology in meeting the employment‐related information needs of unemployed South African youth
1481,doi:10.1080/1369118x.2025.2592771,candidate,2025,Who is concerned about digitalization? The role of digital literacy and exposure across 30 countries
1482,doi:10.1111/issj.12467,candidate,2023,Drivers of gender differentiated self‐employment in developing countries: The instances of finance and information and communication technology
1483,doi:10.1080/13691180210159283,candidate,2002,"Information Technology, Gender Segmentation and the Relocation of Back Office Employment: The Growth of the Teleservices Sector in Ireland"
1484,doi:10.1080/2157930x.2019.1678803,candidate,2019,Information communication technology diffusion and financial inclusion: an inter-state analysis for India
1485,doi:10.47065/jbe.v3i3.2258,candidate,2022,Role of Information Communication Technology in Accelerating the Sustainable Development Goals in Financial Inclusion
1486,doi:10.1080/1097198x.2026.2690892,candidate,2026,Information and communication technologies and economic growth in West African economic and Monetary Union countries (WAEMU): The role of financial inclusion
1487,doi:10.1108/ajems-12-2022-0488,candidate,2023,Financial inclusion and poverty reduction in Nigeria: the role of information and communication technology (ICT)
1488,doi:10.21512/commit.v15i2.6968,candidate,2021,Enhanced Financial Business Competitiveness by Leveraging Technology and Innovation
1489,doi:10.3389/fenvs.2022.1013326,candidate,2022,How does financial inclusion affect environmental degradation in the six oil exporting countries? The moderating role of information and communication technology
1490,doi:10.1371/journal.pone.0298545,candidate,2024,Does financial inclusion and information communication technology affect environmental degradation in oil-producing countries?
1491,doi:10.1080/02681102.2024.2384716,candidate,2024,Indigenous knowledge and digital financial inclusion: a comparison between Europe and Sub-Saharan Africa
1492,doi:10.63665/ijemi.v01i01.01,candidate,2025,Digital Financial Inclusion and Economic Growth: A Cross Country Analysis of Emerging Markets
1493,doi:10.1016/j.procs.2021.04.054,candidate,2021,Digital Financial Inclusion and Economic Growth: A Cross-country Study
1494,doi:10.1556/032.2025.00183,candidate,2026,Digital transformation and income disparities: A threshold analysis in developing countries
1495,doi:10.64910/journaljoae.v1i1.1,candidate,2025,Modelling the Effect of Digital Financial Inclusion on Income Inequality in Developing Countries
1496,doi:10.59403/9zta3z,candidate,2020,Three Approaches to Taxing Income from the Digital Economy – Which Is the Best for Developing Countries?
1497,doi:10.54097/hbem.v21i.14488,candidate,2023,Digital Inclusive Finance Helps Developing Countries Narrow the Urban-rural Income Gap Analysis——Taking China as an Example
1498,doi:10.59403/366azk,candidate,2022,Article 12B of the UN Model (2021): A Simplified Solution for Developing Countries to Tax Income from the Digital Economy?
1499,doi:10.1108/jeas-11-2025-0806,candidate,2026,Digital technology and macroeconomic performance in developing Asian countries
1500,doi:10.1097/yco.0000000000000626,candidate,2020,Digital technology for management of severe mental disorders in low-income and middle-income countries
1501,doi:10.53555/kuey.v30i5.3488,candidate,2024,Empowering Women Entrepreneurs: Bridging the Digital Divide through Digital Marketing Technology Adoption
1502,doi:10.55248/gengpi.6.1025.3696,candidate,2025,Bridging the Digital Divide: Strategies for Enhancing Productivity of Digital Immigrant Teachers for Digital Native Learners
1503,doi:10.1007/s43621-026-02982-8,candidate,2026,"Assessing the impact of digital finance on inequality, poverty and carbon emissions in developing Asian countries using structural equation model"
1504,doi:10.1177/0971852416660651,candidate,2016,Digital Inclusion and Social Inequality: Gender Differences in ICT Access and Use in Five Developing Countries
1505,doi:10.1016/j.diggeo.2022.100041,candidate,2022,Digital exclusion and poverty in the UK: How structural inequality shapes experiences of getting online
1506,doi:10.17586/2310-1172-2023-16-1-85-95,candidate,2023,Digital technology management for sustainable development of emerging economies
1507,doi:10.38124/ijsrmt.v4i11.951,candidate,2025,The Role of Artificial Intelligence in Accelerating Digital Transformation Across Emerging African Economies
1508,doi:10.58451/ijebss.v3i8.291,candidate,2025,"Digital Infrastructure, Innovation, And Productivity Dynamics In Emerging Economies Evidence From Synthetic Multi-Country Enterprise Data (2010- 2022)"
1509,doi:10.3390/su18020878,candidate,2026,Integrating Digital and AI-Driven Productivity into National Accounts: A Systemic Analysis of Economic Impacts in Emerging and Advanced Economies
1510,doi:10.56557/ajoair/2026/v9i1569,candidate,2026,Digital Entrepreneurship Capabilities and SME Productivity in Emerging Economies: The Moderating Role of Institutional Voids and the Mediating Effects of Digital Opportunity Exploitation and Process Innovation
1511,doi:10.3390/economies14040140,candidate,2026,Digital Infrastructure and Firm Labor Productivity: Evidence from the Implementation of China’s Labor Contract Law
1512,doi:10.1080/1540496x.2026.2656786,candidate,2026,The Impact of Digital Technology on Manufacturing Green Total Factor Productivity: The Moderating Role of Digital Inclusive Finance
1513,doi:10.1108/jaee-09-2025-0543,candidate,2026,Corporate tax avoidance in the digital economy: a systematic review and bibliometric analysis with implications for emerging economies
1514,doi:10.1504/ijtip.2024.10068643,candidate,2024,The Impact of the Digital Economy on the Employment Structure of Economies - the Example of Western Countries
1515,doi:10.54216/fintech-i.060102,candidate,2026,"Digital Financial Technology in Egypt: Determinants, Barriers, and Machine Learning Evidence on FinTech Adoption and Financial Inclusion"
1516,doi:10.63680/ijsate0526047.48,candidate,2026,Cybersecurity Challenges in Digital Financial Inclusion
1517,doi:10.1162/inov_a_00179,candidate,2013,Offering Digital Financial Services to Promote Financial Inclusion: Lessons We've Learned
1518,doi:10.21511/imfi.23(3).2026.07,candidate,2026,Shaping digital financial wellbeing through digital financial literacy and financial inclusion: Evidence from gender and residential groups in India
1519,doi:10.1016/j.procs.2022.12.263,candidate,2023,The Impact of Digital Financial Technology on Accelerating Financial Inclusion in Developing Economies
1520,doi:10.1108/jstpm-04-2024-0135,candidate,2025,"Determinants of digital financial literacy and its impact on digital financial inclusion in Odisha, India – a study on the mediating role of digital operations"
1521,doi:10.38124/ijisrt/ijisrt24mar069,candidate,2024,Digital Financial Inclusion
1522,doi:10.32996/jcsts.2025.7.2.46,candidate,2025,Financial Inclusion through Digital Payments: How Technology is Bridging the Gap
1523,doi:10.17705/1itd.032209,candidate,2026,Transforming Digital Financial Inclusion into Inclusive Development: The Critical Role of Financial Literacy
1524,doi:10.24225/kjai.2019.7.2.9,candidate,2019,The Effect of Artificial Intelligence on Economic Growth: Evidence from Cross-Province Panel Data
1525,doi:10.21275/sr26614115643,candidate,2026,Analyzing the Impact of Artificial Intelligence Adoption on Economic Inequality: A Cross-Country Data-Driven Study
1526,doi:10.3389/frai.2022.832736,candidate,2022,Artificial Intelligence and Employment: New Cross-Country Evidence
1527,doi:10.61552/jai.2025.01.004,candidate,2025,ARTIFICIAL INTELLIGENCE IMPLEMENTATION CHALLENGES IN INDUSTRIES: DEVELOPING COUNTRIES PROSPECTIVE
1528,doi:10.1007/s44217-026-01694-5,candidate,2026,Artificial intelligence adoption in higher education institutions of low-income countries
1529,doi:10.1109/mitp.2019.2951851,candidate,2020,Artificial Intelligence in Developing Countries
1530,doi:10.1007/s44163-026-01958-x,candidate,2026,A systematic review of artificial intelligence and machine learning for public health predictions using electronic health records in low and middle income countries with comparative benchmarks from high income settings
1531,doi:10.63345/sjaibt.v2.i2.202,candidate,2025,Blockchain Adoption Barriers in Developing Countries
1532,doi:10.3389/feduc.2025.1681836,candidate,2026,Artificial intelligence in education: applications and limitations for teachers in low- and middle-income countries
1533,doi:10.1057/s41599-024-03947-w,candidate,2024,Artificial intelligence for low income countries
1534,doi:10.1007/s44163-025-00298-6,candidate,2025,Exploring artificial intelligence-based distribution planning and scheduling systems’ effectiveness in ensuring equitable vaccine distribution in low-and middle-income countries—witness seminar approach
1535,doi:10.1007/s44163-026-01650-0,candidate,2026,Opportunities and challenges of integrating artificial intelligence into undergraduate medical education in low-and middle-income countries
1536,doi:10.1016/j.lanprc.2026.100135,candidate,2026,Equity by design in artificial intelligence for primary care in low-income and middle-income countries
1537,doi:10.1109/mitp.2020.2967905,candidate,2021,Data Labeling for the Artificial Intelligence Industry: Economic Impacts in Developing Countries
1538,doi:10.25259/ijtmrph_512,candidate,2024,On Utilizing Artificial Intelligence to Impact Healthcare in Low-Income Countries
1539,doi:10.1080/08839514.2022.2071406,candidate,2022,Enhanced Model for Predicting Student Dropouts in Developing Countries Using Automated Machine Learning Approach: A Case of Tanzanian’s Secondary Schools
1540,doi:10.1111/bioe.12927,candidate,2021,"Contextual bias, the democratization of healthcare, and medical artificial intelligence in low‐ and middle‐income countries"
1541,doi:10.3389/fmed.2023.1146075,candidate,2023,Sustainable development goals applied to digital pathology and artificial intelligence applications in low- to middle-income countries
1542,doi:10.4103/wkrj.wkrj_44_26,candidate,2026,"Artificial Intelligence, Digital Nephrology, and the Emerging Equity Divide in Kidney Care"
1543,doi:10.33140/amlai.04.01.02,candidate,2023,Analysing the Digital Divide among the Demographics in the State of Telangana with Reference to the Adoption of Digital Banking Services
1544,doi:10.35175/krs.2020.21.1.59,candidate,2020,Digital Divide in the Age of Artificial Intelligence
1545,doi:10.1177/00336882251372643,candidate,2025,Bridging the Digital Divide: Multilingual Young People’s Growth Mindset and Emotions in Artificial Intelligence-Mediated Informal Digital Learning of English Engagement
1546,doi:10.51799/2763-8685v6n1013,candidate,2026,"ARTIFICIAL INTELLIGENCE, THE DIGITAL DIVIDE, AND THE CHALLENGES FACING LATIN AMERICA IN THE NEW GLOBAL ECONOMY"
1547,doi:10.1080/17512786.2025.2577708,candidate,2025,Generative Artificial Intelligence and the Media Digital Divide: Comparison of Four Tiers of Chinese Media
1548,doi:10.63913/ail.v2i2.58,candidate,2026,Explainable Artificial Intelligence for Understanding Patterns of Educational Inequality
1549,doi:10.1177/0958305x251375955,candidate,2025,How artificial intelligence adoption influence energy poverty? Fresh insights for energy-deficient OECD countries
1550,doi:10.1007/s00146-025-02213-0,candidate,2025,Artificial intelligence (AI)-poverty-economic growth nexus in selected BRICS-Plus countries: does the moderating role of governance matter?
1551,doi:10.64211/oidaijsd190824,candidate,2026,"Artificial Intelligence and Poverty Reduction: How AI Applications and Digital Solutions Can Help, particularly in Developing Countries"
1552,doi:10.1177/23939575261443024,candidate,2026,"Artificial Intelligence and Entrepreneurial Ecosystems in Emerging Economies: Rethinking Innovation, Governance and SME Development"
1553,doi:10.14254/jems.2022.7-1.5,candidate,2022,Macroeconomic effects of artificial intelligence on emerging economies: Insights from Bangladesh
1554,doi:10.1016/j.sftr.2026.101789,candidate,2026,The twin transition in emerging economies: Synergizing artificial intelligence and sustainable business model innovation in Thailand’s BCG economy
1555,doi:10.3390/ijfs9030039,candidate,2021,Financial Inclusion in Emerging Economies: The Application of Machine Learning and Artificial Intelligence in Credit Risk Assessment
1556,doi:10.69725/jebi.v2i1.263,candidate,2025,Artificial Intelligence Adoption and Productivity in Emerging Markets: Firm Level Evidence
1557,doi:10.64751/w5e2h140,candidate,2026,IMPACT OF ARTIFICIAL INTELLIGENCE ON ECONOMIC GROWTH: EVIDENCE FROM EMERGING ECONOMIES
1558,doi:10.1016/j.procs.2026.02.375,candidate,2026,Artificial Intelligence for Energy Forecasting in Emerging Economies: A Machine Learning Case Study from Morocco
1559,doi:10.69739/jebc.v2i1.670,candidate,2025,The Impact of Artificial Intelligence on Project Lifecycle Efficiency in Emerging Economies
1560,doi:10.3390/su13115788,candidate,2021,"Artificial Intelligence in the Industry 4.0, and Its Impact on Poverty, Innovation, Infrastructure Development, and the Sustainable Development Goals: Lessons from Emerging Economies?"
1561,doi:10.30546/09090.2026.001.20.2032,candidate,2026,Artificial Intelligence Adoption Across Countries: Evidence from Macroeconomic Clustering Techniques
1562,doi:10.31181/sems41202660h,candidate,2026,Leveraging Artificial Intelligence to Study and Forecast its Impacts on Employment Management and Wages in China’s Key Cities
1563,doi:10.1016/j.caeai.2022.100083,candidate,2022,The development and implementation of a computer adaptive progress test across European countries
1564,doi:10.30784/epfad.1621455,candidate,2025,The Impact of Artificial Intelligence on Employment: A Panel Data Analysis for Selected Countries
1565,doi:10.1080/08839514.2022.2080336,candidate,2022,Can Artificial Intelligence Boost Employment in Service Industries? Empirical Analysis Based on China
1566,doi:10.1504/ijewe.2024.141574,candidate,2024,Adopting artificial intelligence and big data tools across industry sectors in Morocco: an integrative literature review
1567,doi:10.70175/hclreview.2020.32.3.4,candidate,2026,Artificial Intelligence and the Return of Foundational Skills: Why Human Capital Determines AI Impact
1568,doi:10.52783/jier.v5i3.3823,candidate,2025,The Role Of Fintech And Artificial Intelligence In Advancing Financial Inclusion
1569,doi:10.1007/s44163-025-00668-0,candidate,2025,“Artificial intelligence for financial inclusion and sustainable development: a systematic literature review”
1570,doi:10.23977/jaip.2025.080108,candidate,2025,AI for Financial Inclusion: Bailing out the Unbanked in China
1571,doi:10.3390/ijfs8030045,candidate,2020,Industry 4.0 in Finance: The Impact of Artificial Intelligence (AI) on Digital Financial Inclusion
1572,doi:10.71317/capitalmark.2.3.2026.414,candidate,2026,"Blockchain Technology, Artificial Intelligence, Financial Inclusion, Cybersecurity, and Financial Service Performance"
1573,doi:10.1515/econ-2025-0224,candidate,2026,Digital Financial Inclusion and the Growth of Artificial Intelligence Enterprises: Evidence from China
1574,doi:10.56201/ijefm.v10.no5.2025.pg105.121,candidate,2026,"Leveraging Blockchain, Artificial Intelligence, And Fintech for Financial Inclusion and Economic Growth in Emerging Markets"
1575,doi:10.54660/ijmor.2026.5.4.144-151,candidate,2026,"Artificial Intelligence, FinTech Adoption, and Financial Inclusion: Developing a Conceptual Framework for Sustainable Financial Ecosystems"
1576,doi:10.1108/qrfm-04-2023-0098,candidate,2024,Importance of artificial intelligence in achieving sustainable development goals through financial inclusion
1577,doi:10.7190/fintaf.v3i1.518,candidate,2026,"FinTech, Artificial Intelligence, and Financial Inclusion: Transforming Global Finance through Innovation, Regulation, and Ethics"
1578,doi:10.1108/jet-01-2025-0007,candidate,2025,Artificial intelligence as an enabler of financial inclusion and financial education in Indigenous people
1579,doi:10.21511/pmf.14(4).2025.05,candidate,2025,Can AI readiness and strong institutions curb AML risk? Cross-country evidence from panel data
1580,doi:10.1186/s40008-023-00307-w,candidate,2023,Implications of AI innovation on economic growth: a panel data study
1581,doi:10.24016/2026.v12.497,candidate,2026,Ethical and Regulatory Gaps in Using Generative AI for Mental Health Support in Low- and Middle-Income Countries
1582,doi:10.64388/irev8i10-1714670,candidate,2025,Organizational Readiness for Generative AI Integration in Healthcare Operations: Comparative Management Capabilities Between the U.S. and Low- and Middle-Income Countries
1583,doi:10.1111/1758-5899.70219,candidate,2026,Avoiding a Generative‐ AI Divide: Global Interdependencies and Governance Challenges for Labor Markets in Developing Countries
1584,doi:10.64910/jouair.v1i2.13,candidate,2025,Integrating Generative AI to in National Education System : Framework Work For Implementation Ethics in Developing Countries
1585,doi:10.1093/scipol/scaf097,candidate,2026,Bridging the digital divide: how generative AI-powered digital platforms enhance e-government service delivery
1586,doi:10.1007/s00146-025-02739-3,candidate,2025,From digital divide to equity-enhancing diffusion: Generative AI and writing quality
1587,doi:10.3390/systems14080889,candidate,2026,Freemium Generative AI as a Socio-Technical System: Paid Commitment and the Premium Digital Divide in South Korea
1588,doi:10.1038/s41598-026-64624-3,candidate,2026,Modeling generative AI adoption among rural teachers: the moderating role of the digital divide in resource-constrained contexts
1589,doi:10.1016/j.digbus.2025.100136,candidate,2025,Beyond the AI divide: A straightforward approach to identifying global and local overperformers in AI preparedness
1590,doi:10.1177/27652157251342348,candidate,2025,Impact of Socio-Economic Characteristics on the Use and Effectiveness of Generative AI in the Tourism Sector: The Digital Divide Perspective
1591,doi:10.3390/ai7080296,candidate,2026,AI- and Generative AI-Driven Digital Therapeutics: A Critical Narrative Review of Emerging Evidence
1592,doi:10.61242/ijabo.26.791,candidate,2026,The New Digital Divide: The New Digital Divide: A Perspective of AI Literacy as Workplace Capital and Organizational Inequality
1593,doi:10.5840/protosociology20234018,candidate,2023,Navigating the Double Divide: Generative AI and the Dynamics of Inequality in Latin America
1594,doi:10.21428/e4baedd9.777b7123,candidate,2024,Generative AI and the Future of Inequality
1595,doi:10.65655/36x7jz74,candidate,2025,"Generative AI, productivity, and inequality in the Global South"
1596,doi:10.64060/ijpssdv2i12,candidate,2026,Impact of Generative AI Adoption on Micro and Small Enterprises in Emerging Economies
1597,doi:10.1108/jeee-08-2025-0471,candidate,2025,Navigating the funding landscape: how later-stage investments propel generative AI startups
1598,doi:10.1080/10494820.2026.2632172,candidate,2026,From chalkboards to chatbots: generative AI impact on education in emerging economies
1599,doi:10.21428/e4baedd9.3ad85f1c,candidate,2024,The Productivity Effects of Generative AI: Evidence from a Field Experiment with GitHub Copilot
1600,doi:10.6007/ijarped/v15-i3/28739,candidate,2026,"Generative AI, ESG Competencies and Workforce Readiness: Examining Future Skills Development among University Students in Emerging Economies"
1601,doi:10.33215/ck54dk85,candidate,2024,Exploring the Dual Impact of AI on Employment and Wages in Chinese Manufacturing
1602,doi:10.70175/hclreview.2020.36.2.4,candidate,2026,When AI Assistance Becomes Invisible: Organizational Challenges of Competence Illusion in the Age of Generative AI
1603,doi:10.59543/jidmis.v3.645,candidate,2026,"Hyper-Personalization in Finance: How Generative AI is Reshaping Customer Experience, Engagement and Financial Inclusion"
1604,doi:10.1007/s00146-026-03221-4,candidate,2026,"Generative AI as meaning-mediating infrastructure in education: a critical integrative review of inclusion, exclusion, and semantic transduction"
1605,doi:10.55248/gengpi.5.1124.3335,candidate,2024,Big Data Economics: Leveraging AI to Drive Financial Inclusion and Economic Development
1606,doi:10.59875/140525,candidate,2025,The Impact of AI on Financial Inclusion with Financial Literacy as a Moderating Variable
1607,doi:10.66838/sauc.6493,candidate,2025,"AI Based Digital Banking, Financial Literacy, and Financial Inclusion"
1608,doi:10.33140/jerr.05.02.03,candidate,2025,"National ESG Performance and Economic Implications for the Global Construction Industry: Evidence from Panel, Cross-Sectional, and Machine Learning Analyses"
1609,doi:10.1002/sd.71468,candidate,2026,Predicting Life Expectancy in Upper‐Middle‐Income Countries Using Machine Learning: A Comparative Analysis
1610,doi:10.1016/j.mlwa.2025.100646,candidate,2025,Predicting cyberbullying victimisation in emerging markets and developing countries using the Global School-Based Health Survey
1611,doi:10.59720/24-030,candidate,2025,Predicting and explaining illicit financial flows in developing countries: A machine learning approach
1612,doi:10.3389/fdata.2022.553673,candidate,2022,"Deploying machine learning with messy, real world data in low- and middle-income countries: Developing a global health use case"
1613,doi:10.56294/dm2024.586,candidate,2024,Machine Learning-based Classification of Developing Countries and Exploration of Country-Specific ODA Strategies
1614,doi:10.3390/en18215552,candidate,2025,Uncovering CO2 Drivers with Machine Learning in High- and Upper-Middle-Income Countries
1615,doi:10.1016/j.egyr.2025.05.066,candidate,2025,Machine learning-based predictive modelling of renewable energy adoption in developing countries
1616,doi:10.3390/economies13100295,candidate,2025,Mitigating Entrepreneurship Policy Challenges in Developing Countries’ Startup Ecosystems Through Machine Learning Analysis
1617,doi:10.1016/j.techfore.2019.119754,candidate,2020,The digital divide in light of sustainable development: An approach through advanced machine learning techniques
1618,doi:10.2304/elea.2006.3.3.325,candidate,2006,"Digital Divide within Society: An Account of Poverty, Community and E-Governance in Fiji"
1619,doi:10.1163/22142312-bja10064,candidate,2024,"Digital Access, Resources, and Literacy: Mapping the Digital Divide and ICT Learning Challenges among Undergraduate Students in Bangladesh"
1620,doi:10.5755/j01.ee.37.3.35976,candidate,2026,Categorization of European Countries for Industry4.0 Inequality by Unsupervised Machine Learning Techniques
1621,doi:10.3390/land10060648,candidate,2021,Identifying Urban Poverty Using High-Resolution Satellite Imagery and Machine Learning Approaches: Implications for Housing Inequality
1622,doi:10.1186/s40249-026-01461-6,candidate,2026,An ensemble machine learning approach for predicting anemia among under-five children in malaria-endemic sub-Saharan African countries
1623,doi:10.1080/23322039.2024.2444374,candidate,2024,Enhancing poverty classification in developing countries through machine learning: a case study of household consumption prediction in Rwanda
1624,doi:10.1108/ijppm-05-2024-0332,candidate,2025,Advancing sustainable operational excellence: a machine learning approach for emerging economies
1625,doi:10.59994/ajbtme.2024.1.1,candidate,2024,Predicting Crop Yield Productivity Using Machine Learning Algorithms: A Comparison of Linear and Non-linear Approaches
1626,doi:10.58970/jsr.1174,candidate,2026,Health Spending Efficiency and Workforce Productivity in OECD Economies: Evidence from Explainable Machine Learning
1627,doi:10.3934/energy.2022054,candidate,2022,On the detection of patterns in electricity prices across European countries: An unsupervised machine learning approach
1628,doi:10.1088/1748-9326/ad5d0a,candidate,2024,Leveraging machine learning to understand opposition to environmental tax increases across countries and over time
1629,doi:10.3390/jrfm17010034,candidate,2024,Predicting Financial Inclusion in Peru: Application of Machine Learning Algorithms
1630,doi:10.1016/j.bir.2025.11.004,candidate,2026,Exploring the impact of financial literacy and financial inclusion on financial stability: An analysis using machine learning approaches
1631,doi:10.3233/jifs-189805,candidate,2021,Digital financial inclusion risk prevention based on machine learning and neural network algorithms
1632,doi:10.1016/j.jdec.2025.05.004,candidate,2024,Analyzing financial inclusion with explainable machine learning: Evidence from an emerging economy
1633,doi:10.3390/su18199976,candidate,2026,Digital Financial Inclusion and Urban Economic Resilience in China: Evidence from a Double Machine Learning Approach
1634,doi:10.17148/ijarcce.2023.121226,candidate,2023,Machine Learning for Credit Scoring: An AI-Powered Big Data Approach to Financial Inclusion
1635,doi:10.1186/s43093-025-00677-6,candidate,2025,Remittance and financial inclusion as a determinist of energy poverty reduction in Sub-Saharan Africa: evidence from machine learning with Fourier functions
1636,doi:10.36096/ijbes.v8i3.1132,candidate,2026,Leveraging Machine Learning and Big Data in emerging economies for financial inclusion in credit risk assessment
1637,doi:10.5120/ijca7f1f587da3a3,candidate,2026,Predictive Analytics for Credit Accessibility: A Machine Learning Approach to Expanding Financial Inclusion in Underserved U.S. Communities
1638,doi:10.38124/ijisrt/25aug1023,candidate,2025,Machine Learning–Driven Fintech Solutions for Credit Scoring and Financial Inclusion in the Gig Economy
1639,doi:10.1142/s0217590825500286,candidate,2025,MACHINE LEARNING AND FINANCIAL INCLUSION: EVIDENCE FROM CREDIT RISK ASSESSMENT OF SMALL-BUSINESS LOANS IN CHINA
1640,doi:10.55640/ijidml-v02i02-01,candidate,2025,ADVANCING FINANCIAL PREDICTION THROUGH QUANTUM MACHINE LEARNING
1641,doi:10.3390/su18031228,candidate,2026,The Environmental Costs of the Digital Divide: Mechanisms of the Digital Divide on Household Carbon Emissions
1642,doi:10.24040/eas.2021.22.1.77-93,candidate,2021,Measuring the digital divide in the V4 countries using the digital divide index
1643,doi:10.4018/jide.2010040101,candidate,2010,Digital Divide in India
1644,doi:10.1177/1461444814538648,candidate,2014,The digital divide has grown old: Determinants of a digital divide among seniors
1645,doi:10.71086/iajir/v12i4/iajir1244,candidate,2025,Cryptocurrency Adoption Patterns and Financial Inclusion Outcomes in Emerging Market Economies
1646,doi:10.35945/gb.2026.21.009,candidate,2026,FinTech Leapfrogging: A Comparative Analysis of Digital Payments and Cryptocurrency Adoption in Emerging and Developed Economies
1647,doi:10.46281/3scgym20,candidate,2025,CRYPTOCURRENCY ADOPTION ENHANCES FINANCIAL INCLUSION MEDIATED BY USER SATISFACTION AND PERCEIVED ECONOMIC EMPOWERMENT IN INDONESIA
1648,doi:10.51483/ijccr.5.1.2025.63-86,candidate,2025,"Leveraging Central Bank Digital Currencies, Fintech, and Cryptocurrencies to Foster Financial Inclusion and Economic Stability in Uganda"
1649,doi:10.51483/ijccr.2.2.2022.1-11,candidate,2022,The Feasibility of Blockchain Technology as a Tool for Zimbabwean Financial Inclusion: An Online Desktop Review
1650,doi:10.51483/ijccr.5.2.2025.66-81,candidate,2025,Exploring the Moderating Role of Technological Self-Efficacy on Fintech Adoption and Digital Financial Inclusion among Women in Marginalized Communities in Uganda
1651,doi:10.53555/ecb.v11:i12.17866,candidate,2022,FINANCIAL LITERACY AWARENESS ON CRYPTOCURRENCY AMONGST WOMEN TEACHING FRATERNITY IN CHENNAI
1652,doi:10.32609/j.ruje.11.164511,candidate,2025,Crypto-driven growth: A comparative study of Bitcoin and Ethereum on economic growth for multi-country analysis
1653,doi:10.14420/ru.2015.3.9,candidate,2015,COMPARATIVE ANALYSIS Of LEGAL REGULATION Of BITCOIN IN VARIOUS COUNTRIES
1654,doi:10.1007/s12116-026-09517-2,candidate,2026,The Political Economy of Financial Disintermediation: Understanding Fintech Adoption and Inclusion Through Cash and Bitcoin Usage
1655,doi:10.1108/jbsed-06-2025-0246,candidate,2025,"Perceptions of Bitcoin adoption and its socio-economic implications: financial inclusion, social trust and governance in El Salvador"
1656,doi:10.21511/imfi.16(3).2019.06,candidate,2019,Financial shielding that Bitcoin grants to capitals in the world
1657,doi:10.21511/imfi.19(1).2022.13,candidate,2022,What do cross-country Bitcoin holdings tell us? Monetary and institutional discontent vs financial development
1658,doi:10.1002/itdj.1590100303,candidate,2003,An analysis of the determinants and effects of ICT diffusion in developing countries
1659,doi:10.1002/j.1681-4835.2002.tb00051.x,candidate,2002,Re‐thinking Information and Communications Technology Policy Focus on Internet versus Teledensity Diffusion for Africa's Least Developed Countries
1660,doi:10.2478/ers-2026-0004,candidate,2026,Bridging the Digital Divide: Determinants of Information and Communication Technology (ICT) Diffusion in Sub-Saharan African (SSA) Economies
1661,doi:10.33516/maj.v57i9.60-64p,candidate,2022,Role of ICT Diffusion in Bridging the Digital Divide in India
1662,doi:10.1002/pop4.360,candidate,2023,Does ICT diffusion reduce poverty? Evidence from SAARC countries
1663,doi:10.4018/ijtd.2014010103,candidate,2014,Investigation of Determinants of Total Factor Productivity
1664,doi:10.5430/afr.v10n1p1,candidate,2020,Diffusion of Innovation: Adoption of Learning Management System Technology in Emerging Market Economies
1665,doi:10.65773/tscr.2.1.92,candidate,2026,The The Impact of Fdi on Economic Growth in Emerging and Developing Economies: The Role of Institutional Quality and Technology Diffusion
1666,doi:10.4018/ijtd.2017040104,candidate,2017,Technology Diffusion Determines Productivity Distribution and Aggregate Growth
1667,doi:10.1080/12265080802273356,candidate,2008,"Multinational Enterprises, Technology Diffusion, and Host Country Absorptive Capacity: A Note"
1668,doi:10.4018/ijtd.2017100106,candidate,2017,Mobile Money Services as a Panacea to Financial Inclusion in Sub-Saharan Africa
1669,doi:10.9734/jemt/2020/v26i1130323,candidate,2020,Does ICT Diffusion Improve Financial Inclusion in Africa?
1670,doi:10.32479/ijefi.8256,candidate,2019,"FINANCIAL INCLUSION, MOBILE PHONE DIFFUSION, AND ECONOMIC GROWTH; EVIDENCE FROM AFRICA"
1671,doi:10.47191/etj/v11i06.35,candidate,2026,Transforming Global Remittance Systems Through Blockchain Technology: An Architectural Framework for Financial Inclusion and Efficiency
1672,doi:10.56201/ijefm.v11.no3.2026.pg1.16,candidate,2026,Financial Technology and Financial Inclusion in Nigeria
1673,doi:10.52783/anuval.223,candidate,2025,"Impact of Financial Literacy, Trust in Financial Institutions, and Technology Adoption on Economic Well-being through Financial Inclusion"
1674,doi:10.47992/ijmts.2581.6012.0043,candidate,2018,Study of Various General-Purpose Technologies and Their Comparison Towards Developing Sustainable Society
1675,doi:10.3390/economies14070239,candidate,2026,The Impact of Artificial Intelligence as a General-Purpose Technology on Economic Growth and Structural Transformation: An Innovation Ecosystem Perspective
1676,doi:10.1093/icc/dtp042,candidate,2009,Broadband adoption and firm productivity: evaluating the benefits of general purpose technology
1677,doi:10.55057/ijbtm.2025.7.8.17,candidate,2025,From Social Purpose to Sustainable Practice: Financial Inclusion as the Missing Link
1678,nber:w10686,candidate,2004,The Determinants of the Global Digital Divide: A Cross-Country Analysis of Computer and Internet Penetration
1679,nber:w30741,candidate,2022,The Employment Effects of Mobile Internet in Developing Countries
1680,nber:w9090,candidate,2002,The Impact of Internet Subsidies in Public Schools
1681,nber:w23582,candidate,2017,The Arrival of Fast Internet and Employment in Africa
1682,nber:w20826,candidate,2015,The Skill Complementarity of Broadband Internet
1683,nber:w14750,candidate,2009,The Internet and Local Wages: Convergence or Divergence?
1684,nber:w28262,candidate,2020,Consumer Protection for Financial Inclusion in Low and Middle Income Countries: Bridging Regulator and Academic Perspectives
1685,nber:w29070,candidate,2021,Machine Learning and Mobile Phone Data Can Improve the Targeting of Humanitarian Assistance
1686,nber:w29086,candidate,2021,Money or Power? Financial Infrastructure and Optimal Policy
1687,nber:w16378,candidate,2010,Technology Diffusion and Postwar Growth
1688,nber:w28453,candidate,2021,"Artificial Intelligence, Globalization, and Strategies for Economic Development"
1689,nber:w34984,candidate,2026,"Artificial Intelligence, Productivity, and the Workforce: Evidence from Corporate Executives"
1690,nber:w34851,candidate,2026,Does Generative AI Narrow Education-Based Productivity Gaps? Evidence from a Randomized Experiment
1691,nber:w20955,candidate,2015,Demand Estimation with Machine Learning and Model Combination
1692,nber:w26178,candidate,2019,Machine Learning for Solar Accessibility: Implications for Low-Income Solar Expansion and Profitability
1693,nber:w31856,candidate,2023,"Who Invests in Crypto? Wealth, Financial Constraints, and Risk Attitudes"
1694,nber:w20881,candidate,2015,"Equilibrium Technology Diffusion, Trade, and Growth"
1695,nber:w16379,candidate,2010,An Intensive Exploration of Technology Diffusion
1696,nber:w27466,candidate,2020,Technology Diffusion
1697,nber:w14865,candidate,2009,Technology Diffusion and Productivity Growth in Health Care
1698,nber:w12314,candidate,2006,An Exploration of Technology Diffusion
1699,nber:w19657,candidate,2013,Heterogeneous Technology Diffusion and Ricardian Trade Patterns
1700,nber:w7509,candidate,2000,Geographic Localization of International Technology Diffusion
1701,nber:w23095,candidate,2017,Reconciling Models of Diffusion and Innovation: A Theory of the Productivity Distribution and Technology Frontier
1702,nber:w25148,candidate,2018,The Productivity J-Curve: How Intangibles Complement General Purpose Technologies
1703,oa:W2889147202,no_abstract,2018,"The effect of ICT, financial development, growth, and trade openness on CO2 emissions: an empirical analysis"
1704,oa:W4304889376,no_abstract,2022,How does digital economy affect green total factor productivity? Evidence from China
1705,oa:W2805771802,no_abstract,2018,The effect of ICT on CO2 emissions in emerging economies: does the level of income matters?
1706,oa:W2774412335,no_abstract,2017,"The dynamics of ICT, foreign direct investment, globalization and economic growth: Panel estimation robust to heterogeneity and cross-sectional dependence"
1707,oa:W3112026583,no_abstract,2020,The criticality of information and communication technology and human capital in environmental sustainability: Evidence from Latin American and Caribbean countries
1708,oa:W4390264656,no_abstract,2023,Could information and communication technology (ICT) reduce carbon emissions? The role of trade openness and financial development
1709,oa:W4395020842,no_abstract,2024,"Exploring how economic growth, renewable energy, internet usage, and mineral rents influence CO2 emissions: A panel quantile regression analysis for 27 OECD countries"
1710,oa:W4389766687,no_abstract,2023,Does the digital economy enhance green total factor productivity in China? The evidence from a national big data comprehensive pilot zone
1711,oa:W4220971196,no_abstract,2022,The impact of digital economy on total factor carbon productivity: the threshold effect of technology accumulation
1712,oa:W2999916850,no_abstract,2020,Does ICT lessen CO2 emissions for fast-emerging economies? An application of the heterogeneous panel estimations
1713,oa:W2046678784,no_abstract,2012,ICT capital and labour productivity growth: A non-parametric analysis of 14 OECD countries
1714,oa:W2283919971,no_abstract,2016,Internet finance development and banking market discipline: Evidence from China
1715,oa:W1989055926,no_abstract,2004,"Productivity, innovation and ICT in Old and New Europe"
1716,oa:W2088933783,no_abstract,2002,Can information and communication technologies be pro-poor?
1717,oa:W2054812190,no_abstract,2012,Information and communication technology and the sustainability of microfinance
1718,oa:W2094178879,no_abstract,2010,Recombinant knowledge and growth: The case of ICTs
1719,oa:W3084722361,no_abstract,2020,"Effects of the internet, mobile, and land phones on income inequality and The Kuznets curve: Cross country analysis"
1720,oa:W1998145989,no_abstract,2007,"Internet, inequality and growth"
1721,oa:W4387824513,no_abstract,2023,"Leveraging environmental ICT for carbon neutrality: Analyzing the impact of financial development, renewable energy and human capital in top polluting economies"
1722,oa:W2298277597,no_abstract,2016,"Information and communication technologies and their impact in the economic growth of Latin America, 1990–2013"
1723,oa:W4391264344,no_abstract,2024,The impact of energy-consuming rights trading on green total factor productivity in the context of digital economy: Evidence from listed firms in China
1724,oa:W4311454632,no_abstract,2022,"The effects of ICT, electricity consumption, innovation and renewable power generation on economic growth: An income level analysis for the emerging economies"
1725,oa:W4309363550,no_abstract,2022,How does artificial intelligence development affect green technology innovation in China? Evidence from dynamic panel data analysis
1726,oa:W3037577535,no_abstract,2020,Impact and threshold effect of Internet technology upgrade on forestry green total factor productivity: Evidence from China
1727,oa:W3179740708,no_abstract,2021,Is ICT an enduring driver of economic growth? Evidence from South Asian economies
1728,oa:W1521869475,no_abstract,2010,Impact of ICT and Human Skills on the European Financial Intermediation Sector
1729,oa:W4394010048,no_abstract,2024,Does urban innovation policy accelerate the digital transformation of enterprises? Evidence based on the innovative City pilot policy
1730,oa:W7108748667,no_abstract,2025,Artificial intelligence and sustainable development: A global nonlinear analysis of the moderating roles of human capital and renewable energy
1731,oa:W4402120117,no_abstract,2024,Digital transformation of enterprises: Job creation or job destruction?
1732,oa:W4316171248,no_abstract,2023,"Influence of natural resources, ICT, and financial globalization on economic growth: Evidence from G10 countries"
1733,oa:W4388750963,no_abstract,2023,Effect of Digital Silk Road and innovation heterogeneity on digital economy growth across 29 countries: New evidence from PSM-DID
1734,oa:W2089619254,no_abstract,2012,The Impact of ICT on East Asian Economic Growth: Panel Estimation Approach
1735,oa:W4247956891,no_abstract,2016,ICT and Human Capital Spillover Effects in Achieving Sustainable East Asian Knowledge-Based Economies
1736,oa:W4367044428,no_abstract,2023,Effect of information and communication technology on CO2 emissions: An analysis based on country heterogeneity perspective
1737,oa:W567681613,no_abstract,2015,Are intangibles more productive in ICT-intensive industries? Evidence from EU countries
1738,oa:W4390380399,no_abstract,2023,The Collision of digital and green: Digital transformation and green economic efficiency
1739,oa:W4403627204,no_abstract,2024,Nexus between green technology innovation and climate policy uncertainty: Unleashing the role of artificial intelligence in an emerging economy
1740,oa:W4392342618,no_abstract,2024,Promoting sustainable development: Revisiting digital economy agglomeration and inclusive green growth through two-tier stochastic frontier model
1741,oa:W4311143480,no_abstract,2022,Information and communication technologies development and the resource curse
1742,oa:W4408310489,no_abstract,2025,Reducing carbon emission at the corporate level: Does artificial intelligence matter?
1743,oa:W4386636261,no_abstract,2023,Advancing digital economy in Africa: The role of critical enablers
1744,oa:W4283705732,no_abstract,2022,The threshold effects of ICT on CO2 emissions: evidence from the MENA countries
1745,oa:W4315865636,no_abstract,2023,Towards high-quality development: how does digital economy impact low-carbon inclusive development?: mechanism and path
1746,oa:W4387701856,no_abstract,2023,What is the role of green ICT innovation in lowering carbon emissions in China? A provincial-level analysis
1747,oa:W4200296834,no_abstract,2021,Can internet development help break the resource curse? Evidence from China
1748,oa:W3138500913,no_abstract,2021,Quantum Computing and Deep Learning Methods for GDP Growth Forecasting
1749,oa:W4391932622,no_abstract,2024,The impact of digital economy on income inequality from the perspective of technological progress-biased transformation: evidence from China
1750,oa:W4410733273,no_abstract,2025,Building efficiency: How the national AI innovation pilot zones enhance green energy utilization? Evidence from China
1751,oa:W2775734636,no_abstract,2017,Raising European Productivity Growth Through ICT
1752,oa:W4385605708,no_abstract,2023,Financial expansion and CO2 mitigation in top twenty emitters: Investigating the direct and moderating effects of the digital economy
1753,oa:W2569365860,no_abstract,2017,"ICT, Innovation and Productivity: Evidence Based on Eastern European Manufacturing Companies"
1754,oa:W4285404179,no_abstract,2022,Research on the structural features and influence mechanism of the green ICT transnational cooperation network
1755,oa:W1061583319,no_abstract,2015,What drives ICT clustering in European cities?
1756,oa:W4285890921,no_abstract,2022,"Shared prosperity, energy-saving, and emission-reduction: Can ICT capital achieve a “win-win-win” situation?"
1757,oa:W1990768574,no_abstract,1999,The impact of ICT convergence on development in the Asian region
1758,oa:W4396936402,no_abstract,2024,Structural effects of provincial digital economy on carbon emissions within China: A multi-region input-output based structural decomposition analysis
1759,oa:W2940128307,no_abstract,2022,ICT capital–skill complementarity and wage inequality: Evidence from OECD countries
1760,oa:W3215914843,no_abstract,2021,How does internet use affect ecological footprint?: An empirical analysis for G7 countries
1761,oa:W4388947922,no_abstract,2023,Remittances-ecological footprint nexus in Africa: Do ICTs matter?
1762,oa:W4375866649,no_abstract,2023,"Beyond the Environmental Kuznets Curve in South Asian economies: accounting for the combined effect of information and communication technology, human development and urbanization"
1763,oa:W4407204836,no_abstract,2025,How artificial intelligence applications affect the total factor productivity of the service industry: Firm-level evidence from China
1764,oa:W3121073975,no_abstract,2021,Measuring ICT externalities and their contribution to productivity: A bilateral trade based approach
1765,oa:W2336777832,no_abstract,2016,The role of production factor quality and technology diffusion in twentieth-century productivity growth
1766,oa:W4408734733,no_abstract,2025,The impact of artificial intelligence technology application on total factor productivity in agricultural enterprises: Evidence from China
1767,oa:W4321381900,no_abstract,2023,Natural resources and human development: Role of ICT in testing the resource-curse hypothesis in N11 and BRICS countries
1768,oa:W3036354998,no_abstract,2020,Internet use and insurance growth: evidence from a panel of OECD countries
1769,oa:W3123085167,no_abstract,2019,The Productivity J-Curve: How Intangibles Complement General Purpose Technologies
1770,oa:W4382561750,no_abstract,2023,The effect of the digital economy on services exports competitiveness and ternary margins
1771,oa:W2109933224,no_abstract,2014,Information and communication technology and foreign direct investment: interactions and contributions to economic growth
1772,oa:W4401679107,no_abstract,2024,Does income inequality undermine the carbon abatement benefits of artificial intelligence?
1773,oa:W2171785050,no_abstract,2004,Does ICT Investment Matter for Growth and Labor Productivity in Transition Economies?
1774,oa:W3199489846,no_abstract,2021,The pathway toward bioenergy growth: does information and communication technology development make a difference in EU economies?
1775,oa:W4407559070,no_abstract,2025,Optimal strategy of artificial intelligence on low-carbon energy transformation: Perspective from enterprise green technology innovation efficiency
1776,oa:W4367301447,no_abstract,2023,Does the development of the Internet improve the allocative efficiency of production factors? Evidence from surveys of Chinese manufacturing firms
1777,oa:W4410197845,no_abstract,2025,"Is AI a key driving force for Chinese total factor productivity growth? Mechanistic analysis of employment, supply chain, and information asymmetry"
1778,oa:W4400428127,no_abstract,2024,Harnessing the Digital Economy for Sustainable Agricultural Carbon Productivity: A Path to Green Innovation in China
1779,oa:W4366602380,no_abstract,2023,Impact of digital infrastructure inputs on industrial carbon emission intensity: evidence from China’s manufacturing panel data
1780,oa:W4382877593,no_abstract,2023,How do financial development and ICT moderate financial resource curse hypothesis in developing countries?
1781,oa:W4310769621,no_abstract,2022,The iron-out effect of digital economy: A discussion on gender wage rate discrimination for working hours
1782,oa:W4385761946,no_abstract,2023,Can digital finance promote inclusive growth to meet sustainable development in China? A machine learning approach
1783,oa:W4400006871,no_abstract,2024,RETRACTED ARTICLE: Digital Technology Innovation as a Catalyst for Real Economy Enhancement: A Chinese Perspective
1784,oa:W3138529642,no_abstract,2020,An assessment of the impact of digital technology adoption on economic growth and labour productivity in Nigeria
1785,oa:W4405920056,no_abstract,2024,Income Inequality and Artificial Intelligence: Globalization and age dependency for developed countries
1786,oa:W4400035642,no_abstract,2024,Impacts of Internet Information Literacy on Farmers’ Relative Poverty Vulnerability: Evidence from CGSS Survey Data in China
1787,oa:W4410100644,no_abstract,2025,How does digital industry agglomeration drive carbon peaking and carbon neutrality in China? The role of digital technology innovation
1788,oa:W4388182404,no_abstract,2023,Inequality of carbon intensity in the Chinese manufacturing sector: The role of information and communication technology infrastructure
1789,oa:W4398200901,no_abstract,2024,"Is there a ""Machine Substitution""? How does the digital economy reshape the employment structure in emerging market countries"
1790,oa:W4384944426,no_abstract,2023,The nonlinear effects of digital economy on the low-carbon green total factor productivity: Evidence from China
1791,oa:W2279454079,no_abstract,2015,Developing Myanmar's Information and Communication Technology Sector Toward Inclusive Growth
1792,oa:W3123437509,no_abstract,2016,The Role of Production Factor Quality and Technology Diffusion in 20th Century Productivity Growth
1793,oa:W4407956553,no_abstract,2025,How does digital technology adoption affect corporate employment? Evidence from China
1794,oa:W4306796122,no_abstract,2022,"ICTs, growth, and environmental quality nexus: dynamic panel threshold regression"
1795,oa:W4379233654,no_abstract,2023,"Examining the role of ICT, transportation energy consumption, and urbanization in CO2 emissions in Asia: a threshold analysis"
1796,oa:W4367672854,no_abstract,2023,How does the travel and tourism industry contribute to sustainable resource management? The moderating role of ICT in highly resource-consuming countries
1797,oa:W2527842209,no_abstract,2017,Volatility and slow technology diffusion
1798,oa:W4313653347,no_abstract,2022,The role of governance in the effect of the internet on financial inclusion in sub-Saharan Africa
1799,oa:W3122639364,no_abstract,2008,"The Impact of ICT Usage, Workplace Organisation and Human Capital on the Provision of Apprenticeship Training: A Firm-Level Analysis Based on Swiss Panel Data"
1800,oa:W4323920630,no_abstract,2023,RETRACTED ARTICLE: The digital economy and the green and high-quality development of the industry—a study on the mechanism of action and regional heterogeneity
1801,oa:W4412862116,no_abstract,2025,Policy pathways to carbon neutrality: The role of urbanization and ICT in achieving SDG-13 through linear and nonlinear dynamics
1802,oa:W4403533166,no_abstract,2024,Reallocate to the right place: The heterogeneous effect of internet use on factor allocation of rural households in China
1803,oa:W4385175600,no_abstract,2023,High-speed rail construction and urban innovation disparity in China: the role of internet development
1804,oa:W2782528279,no_abstract,2017,"Environmental Degradation, ICT and Inclusive Development in Sub-Saharan Africa"
1805,oa:W7118815117,no_abstract,2026,"Economic resilience in ASEAN under global shocks: The roles of demography, investment, digital economy, and talent"
1806,oa:W4392488894,no_abstract,2024,The Heterogeneous Productivity Effects of Generative AI *
1807,oa:W4386531175,no_abstract,2023,The determinants of carbon emissions in Belt and Road Initiative countries: analyzing the interactive role of information and communication technologies
1808,oa:W4414448129,no_abstract,2025,How does digital economy “double pilot” policy affect regional economic resilience?
1809,oa:W4410308704,no_abstract,2025,Can the digital economy effectively contribute to the clean energy transition? A provincial panel data analysis from China
1810,oa:W4392769031,no_abstract,2024,Gender disparity and enterprise expansion in the impact and transmission channels of ICT on unemployment in developing countries
1811,oa:W4407773761,no_abstract,2025,Using Machine Learning Techniques to Test the Load Capacity Curve Hypothesis: A Classifier-Lasso Application on Global Panel Data
1812,oa:W4416041801,no_abstract,2025,Leveraging AI and green growth to resolve energy trilemma: Insights from major energy-consuming economies
1813,oa:W4367680144,no_abstract,2023,ICTs and Globalisation in the African Labour Market
1814,oa:W4414051225,no_abstract,2025,Total factor productivity and the evolving role of ICT in Indian manufacturing plants
1815,oa:W7125957281,no_abstract,2026,Navigating sustainable growth: Decoding the influence of digital economy on economic sustainability
1816,oa:W4414397012,no_abstract,2025,From digital advancement to SDGs disruption: How artificial intelligence without inclusion threatens sustainable development in G7 economies
1817,oa:W4411007939,no_abstract,2025,Digital empowerment and the development resilience in rural households: causal inference based on double machine learning
1818,oa:W4399699153,no_abstract,2024,Analyzing racial disparities in the United States homeownership: A socio-demographic study using machine learning
1819,oa:W4391777133,no_abstract,2024,ICT and declining labor productivity in OECD
1820,oa:W4415835554,no_abstract,2025,Technological efficiency thresholds and sustainable development in G20 countries: the moderating role of artificial intelligence
1821,oa:W3122661529,no_abstract,2014,Are Intangibles More Productive in ICT-Intensive Industries? Evidence from EU Countries
1822,oa:W3163001405,no_abstract,2021,Mobile Technology Supply Factors and Mobile Money Innovation: Thresholds for Complementary Policies
1823,oa:W4388895550,no_abstract,2023,Do demographic structure conditions sector contribution to economic growth? A machine learning approach
1824,oa:W4401217274,no_abstract,2024,Twin Transitions Across Enterprises: Do Digital Technologies and Sustainability Go Together?
1825,oa:W4409383783,no_abstract,2025,Digital economy and financial development nexus: a global perspective
1826,oa:W4388636415,no_abstract,2023,How ICT capital affects the spatial correlation of energy consumption—a new perspective based on spatially correlation network
1827,oa:W7163744977,no_abstract,2026,Impact of digital transformation on climate-adjusted green technical efficiency in China
1828,oa:W7160898541,no_abstract,2026,How does artificial intelligence affect the carbon emission efficiency of resource-based cities? A nonlinear effect based on regional income inequality
1829,oa:W4416822468,no_abstract,2025,Does the digital economy moderate the climate vulnerability-inclusive green growth nexus? International evidence
1830,oa:W4414001750,no_abstract,2025,Mobile money and financial inclusion: International evidence from informal sector enterprises in Asia and Africa
1831,oa:W257745620,no_abstract,2015,"The ICT Revolution in Historical Perspective: Progressive Capitalism as a Response to Marxist Complaints, Piketty Pessimism and Free Market Fanaticism About the Deployment Phase of the Digital Economy"
1832,oa:W4410950129,no_abstract,2025,"Artificial Intelligence and Rwanda's Economic Transformation: A Strategic Policy Review of Sectoral Readiness, Challenges, and Opportunities"
1833,oa:W4416939432,no_abstract,2025,Digital Economy and Green Development in RCEP Countries: Evidence from Panel Data and Mediation Analysis
1834,oa:W4414677930,no_abstract,2025,Revealing the power of market-based energy policy: Evidence from China's energy quota trading system using machine learning
1835,oa:W4387799291,no_abstract,2023,"Assessing the environmental effects of ICT and renewable energy: roles of financial development, innovation, and trade"
1836,oa:W4416889337,no_abstract,2025,"Unraveling the role of artificial intelligence, eco-innovation efficiency, and stringent environmental policies in environmental sustainability: Is the load capacity curve hypothesis true in G7 economies?"
1837,oa:W4416997816,no_abstract,2025,"AI innovation, globalization, and trade freedom: drivers of environmental sustainability in BRICS-T nations"
1838,oa:W4289824091,no_abstract,2022,"Mobile Phones, Income Diversification, and Poverty Reduction in Rural Bangladesh"
1839,oa:W4214756910,no_abstract,2022,"India’s Roadmap to Digital Economy and Financial Inclusion: Policies, Strategies and Experiences"
1840,oa:W4415194781,no_abstract,2025,Digital technology adoption and firm performance: Evidence from Finland ’s service sector using linked microdata
1841,oa:W4410155770,no_abstract,2025,The Skill Premium Across Countries in the Era of Industrial Robots and Generative AI
1842,oa:W2950748384,no_abstract,2016,Volatility and Slow Technology Diffusion
1843,oa:W4288772848,no_abstract,2022,Role of Artificial Intelligence in Intra-Sectoral Wage Inequality in an Open Economy: A Finite Change Approach
1844,oa:W7117316718,no_abstract,2025,The digital divide and hog industry: The impact of digital technology levels on the sustainability of the hog industry in China
1845,oa:W4415246641,no_abstract,2025,"Population challenge, economy, energy decarbonization and information and communication technology: insights of ecological footprint and biocapacity in Belt and Road countries"
1846,oa:W7158527196,no_abstract,2026,"Algorithmic insights: How FDI sources, digital financial inclusion, and geopolitics collide in Pakistan's environmental landscape"
1847,oa:W7124146295,no_abstract,2026,Can artificial intelligence promote urbanization processes in harmony with carbon emissions abatement?
1848,oa:W4409630926,no_abstract,2025,The Evolution of the Digital Economy in China and the Us: A Comparative Analysis and Policy Insights
1849,oa:W7160320396,no_abstract,2026,"Do trade openness, digital technology, and governance quality attract FDI? A provincial panel analysis from China"
1850,oa:W7119531257,no_abstract,2026,The potential impact of artificial intelligence on CO2 emissions: A comparison between China and the US
1851,oa:W4408099856,no_abstract,2025,"AI Labor Markets: Tradability, Wage Inequality and Talent Development"
1852,oa:W2146302094,no_abstract,2007,The 'Dynamic' of Job Competition During the ICT Revolution
1853,oa:W7125168299,no_abstract,2026,Policy effects of belt and road initiative on corporate green transformation: empirical tests based on dual machine learning model
1854,oa:W7154987196,no_abstract,2026,Green technology in emerging countries: assessing the interplay of ICT trade and renewable energy consumption in reducing environmental pollution
1855,oa:W2261319704,no_abstract,2013,Mobile Banking Services in the East African Community (EAC): Challenges to the Existing Legislative and Regulatory Frameworks in the EAC
1856,oa:W4411590460,no_abstract,2025,AI Capability and Labor Productivity in Low and Middle Income Countries: An Absorptive Capacity Approach
1857,oa:W7170195894,no_abstract,2026,Artificial intelligence investment and renewable energy generation: Cross-country evidence from 25 European economies
1858,oa:W7147356286,no_abstract,2026,The role of information and communication technologies in shaping employment dynamics: insights from Tanzania
1859,oa:W7165189701,no_abstract,2026,Marketization and Green Total Factor Productivity Growth: The Perspective of Digital Economy
1860,oa:W2502895213,no_abstract,2016,General Purpose Technologies as Systematic Risk in Global Stock Markets
1861,oa:W4393286118,no_abstract,2024,"Demographic Change, Technology Adoption and Economic Growth in the Pacific: Evidence from Fiji"
1862,oa:W7204248883,no_abstract,2026,When Intelligence Itself Becomes Infrastructure: From the Great Divergence to the Age of Artificial Intelligence
1863,oa:W7171679793,no_abstract,2026,The dual frontier: heterogeneous associations of Artificial Intelligence with sectoral growth and the moderating role of institutional quality
1864,oa:W7170398795,no_abstract,2026,"Digital inclusive finance, the digital divide, and rural household income"
1865,oa:W4413847882,no_abstract,2025,Digital Transformation and Global Trade: Opportunities and Challenges for Emerging Economies
1866,oa:W7170908703,no_abstract,2026,Automating production and innovation: How artificial intelligence technological innovation promotes green growth in China
1867,oa:W4411492404,no_abstract,2025,Digital Economy and Total Factor Productivity of Enterprises: Evidence from the National Big Data Comprehensive Pilot Area
1868,oa:W4412417080,no_abstract,2025,Bridging Gaps or Creating Divides? Mobile Banking Adoption and Behavioral Heterogeneity in Financial Inclusion
1869,oa:W4415207152,no_abstract,2025,Inhibit or Promote: Assessing the Impact of Digital Economy on Poverty Reduction in the Belt and Road Initiative Countries
1870,oa:W4407373785,no_abstract,2025,Digital Economy Development And Bilateral Trade
1871,oa:W4408265921,no_abstract,2025,Digital Economy as a Catalyst for High-Quality Development in China's Manufacturing: Regional Growth and Technological Implications
1872,oa:W4392931357,no_abstract,2024,Can the Digital Economy Promote Technological Innovation?
1873,oa:W7213936364,no_abstract,2026,Unveiling the sectoral impact of renewable energy on growth in Europe: A threshold and machine learning approach
1874,oa:W7154861880,no_abstract,2026,The effects of technological innovation and ICT development on economic growth in Indonesia: evidence from the ARDL approach
1875,oa:W4393286059,no_abstract,2024,The Impact of Digital Financial Inclusion on Household Food Carbon Footprint in China
1876,oa:W4409913455,no_abstract,2025,Green Innovation Perspective: Artificial Intelligence and Corporate Green Development
1877,oa:W4399622998,no_abstract,2024,The Impact of ICT Capital on Firm Output and Productivity: Evidence for Ecuadorian Firms
1878,oa:W7212182653,no_abstract,2026,The impact of digital economy on trade cost distortions: Evidence from China
1879,oa:W4396602313,no_abstract,2024,Can the Digital Economy Close the Gender Wage Gap? Evidence from China
1880,oa:W4225656809,no_abstract,2022,Development of Digital Technology Patents in China: An Analysis of Patent Distribution and Transactions
1881,oa:W7169656603,no_abstract,2026,Revolutionizing the underworld: Can the digital economy shrink the informal economy?
1882,oa:W4409156172,no_abstract,2025,Labour Market Outcomes of Artificial Intelligence: A Firm-level Comparative Study of Advanced and Emerging Market Economies Using Local Projections Approach
1883,oa:W4403914387,no_abstract,2024,Identifying Macro Determinants of Natural Disaster: Applying Machine Learning Approach
1884,oa:W4403909224,no_abstract,2024,Optimal Strategy of Artificial Intelligence on Low-Carbon Energy Transformation: Perspective from Enterprise Green Technology Innovation Efficiency
1885,oa:W7202290278,no_abstract,2026,Artificial intelligence and green transformation in coordination development: Evidence from Chinese manufacturing for achieving SDGs
1886,oa:W7151074851,no_abstract,2026,"China’s provincial implicit debt: estimation, determinants, and fiscal risk using machine learning and system GMM"
1887,oa:W7204150739,no_abstract,2026,The effect of artificial intelligence and robotics on SME exports: Evidence from the EU countries
1888,oa:W4413162870,no_abstract,2025,"The Proximity Paradox: ICT and Digital Finance in North Punjab, Pakistan"
1889,oa:W4413192864,no_abstract,2025,Macroeconomic and Sectoral Determinants of CO₂ Emissions in BRICS Countries: A Panel Econometrics and Machine Learning Perspective
1890,oa:W7161947695,no_abstract,2026,Assessing the Nonlinear Effects of ICT on Economic Complexity : Evidence from Sub-Saharan Africa
1891,oa:W4388542645,no_abstract,2023,"Digital Economy, Innovation Resource Misallocation and Green Innovation Performance - Empirical Evidence from China's Pharmaceutical Manufacturing Industry"
1892,oa:W7135091336,no_abstract,2026,Clean energy transition and enhanced global value chain positioning: The moderating influence of the digital economy
1893,oa:W4414285325,no_abstract,2025,Dematerialization and the Future of Services: Baumol Inversion and Environmental Sustainability. Artificial Intelligence and the Shift Toward Low-Footprint Prosperity
1894,oa:W4414607272,no_abstract,2025,"Determinants of Firm Survival Using Machine Learning: Evidence from the Pearl River Delta, China"
1895,oa:W7130328600,no_abstract,2026,The role of artificial intelligence in global green energy products trade pattern evolution: Based on the international trade network perspective
1896,oa:W4407914473,no_abstract,2025,Expropriation Risks and Innovation: Estimating the Relationship between Corruption and Innovation Inputs and Outputs Using Machine Learning
1897,oa:W1600288906,no_abstract,2013,Asymmetric Internet Adoption and the Task-based Comparative Advantage between OECD Countries
1898,oa:W4389381468,no_abstract,2023,Evaluating the dynamics of digital technology in enhancing overall effectiveness of China's national innovation systems: A study based on VHSD and EM approach
1899,oa:W4411475761,no_abstract,2025,Evaluating the dynamics of digital technology in enhancing the overall effectiveness of China's national innovation systems: a study based on VHSD and EM approach
1900,oa:W7140655087,no_abstract,2026,The impact of industrial relocation on urban pollution prevention and control: Insights from heterogeneous policy effects based on machine learning methods
1901,oa:W7114267636,no_abstract,2026,Banking on Connectivity: Internet Exposure and Women's Financial Autonomy
1902,oa:W4410155176,no_abstract,2025,Digital Revolution and Job Quality of Lower Class Workers: Quasi-experimental Evidence from the Broadband China Program
1903,oa:W7169525199,no_abstract,2026,Moving towards a low-carbon future: Green technology innovation drives the low-carbon transformation of the logistics industry - based on panel data and machine learning analysis
1904,oa:W4416818454,no_abstract,2025,Do AI policy dividends alleviate employment pressure on college graduates? A comparative study across china provinces
1905,oa:W7204264584,no_abstract,2026,"Promoting environmental quality in ASEAN-5: the influence of technological innovation, internet penetration, and financial development"
1906,oa:W4293126852,no_abstract,2022,"디지털 전환에 따른 노동시장의 변화와 정책 시사점 (Digital Transformation and Its Impact on Labor Market Outcomes: Analyses Based on Country-Level, Korean Workers, and Korean Firm-Level Data)"
1907,oa:W4414943078,no_abstract,2025,AI Pilot Zones and Income Equalization: A Firm-Level Quasi-Natural Experiment from China
1908,oa:W7166067619,no_abstract,2026,Reexamining Path to Prosperity for Developing Countries in the age of AI
1909,oa:W4366958410,no_abstract,2023,"Bank Accounts, Bank Concentration and Mobile Money Innovations"
1910,doi:10.1016/j.econlet.2018.08.034,no_abstract,2018,The effect of the Internet on economic growth: Counter-evidence from cross-country panel data
1911,doi:10.1016/j.econlet.2009.03.028,no_abstract,2009,The effect of the Internet on economic growth: Evidence from cross-country panel data
1912,doi:10.1515/ci.2008.30.4.18,no_abstract,2008,Internet Chemistry for Developing Countries
1913,doi:10.18275/pbe-v040-010,no_abstract,2022,The Digital Divide: Internet In Alaska
1914,doi:10.2196/88833,no_abstract,2025,Bridging Rural America’s Digital Divide in Health Care
1915,doi:10.1016/j.diin.2005.01.011,no_abstract,2005,The Internet is the computer: The role of forensics in bridging the digital and physical divide
1916,doi:10.2196/69482,no_abstract,2025,Addressing the Digital Divide Among the Older Population Presents a Substantial Challenge
1917,doi:10.1108/info.2003.5.1.77.3,no_abstract,2003,"Digital Divide: Civic Engagement, Information Poverty and the Internet World‐Wide"
1918,doi:10.2139/ssrn.2315307,no_abstract,2013,Crossing the Digital Divide: Is Access to the Internet an Economic Right?
1919,doi:10.1016/j.poetic.2006.05.005,no_abstract,2006,Adolescents’ internet use: Testing the “disappearing digital divide” versus the “emerging digital differentiation” approach
1920,doi:10.2307/25149431,no_abstract,2003,"Digital Divide: Civic Engagement, Information Poverty, and the Internet Worldwide"
1921,doi:10.1016/j.telpol.2025.102959,no_abstract,2025,The effect of gender inequality in internet access on energy poverty: A preliminary investigation in developing countries
1922,doi:10.2139/ssrn.2909859,no_abstract,2016,"Internet Policy Framing in Emerging Economies: A Case Study of Marco Civil da Internet, A Brazilian Law for Internet Governance"
1923,doi:10.2139/ssrn.4305571,no_abstract,2022,"Changing Trade Pattern, ICT and Employment: Evidence across Countries"
1924,doi:10.15719/geba.11.4.201011.3,no_abstract,2010,The Impact of Service Firm's Internet Marketing Competence and Absorptive Capacity on Performance
1925,doi:10.2139/ssrn.2258112,no_abstract,2012,The Broadband Digital Divide and the Economic Benefits of Mobile Broadband for Rural Areas
1926,doi:10.1016/j.telpol.2012.11.003,no_abstract,2013,The broadband digital divide and the economic benefits of mobile broadband for rural areas
1927,doi:10.1007/s10888-015-9296-0,no_abstract,2015,The broadband digital divide and the benefits of mobile broadband for minorities
1928,doi:10.1016/j.telpol.2018.02.008,no_abstract,2018,Diversity and digital divide: Using the National Broadband Map to identify the non-adopters of broadband
1929,doi:10.2139/ssrn.2848889,no_abstract,2016,Does State Aid for Broadband Deployment in Rural Areas Close the Digital and Economic Divide?
1930,doi:10.1016/j.tele.2022.101837,no_abstract,2022,California’s digital divide and the specter of data uncertainty for evaluating broadband coverage
1931,doi:10.2139/ssrn.3179949,no_abstract,2018,Does State Aid for Broadband Deployment in Rural Areas Close the Digital and Economic Divide?
1932,doi:10.1016/j.jamda.2025.105672,no_abstract,2025,Mapping the Digital Divide- Broadband Access for Congregate Care Communities
1933,doi:10.1016/j.cities.2020.102904,no_abstract,2020,Determinants of broadband access and affordability: An analysis of a community survey on the digital divide
1934,doi:10.1016/j.tele.2021.101754,no_abstract,2022,Bridging the Digital Divide: An empirical analysis of public programs to increase broadband adoption
1935,doi:10.1016/j.infoecopol.2008.01.001,no_abstract,2008,"The broadband digital divide and the nexus of race, competition, and quality"
1936,doi:10.2139/ssrn.2242453,no_abstract,2013,Policy Framework for Spectrum Management in Emerging Economies: Lessons from Mobile Broadband Spectrum Allocations in India and the Philippines
1937,doi:10.1016/j.telpol.2010.06.001,no_abstract,2010,Learning processes in municipal broadband projects: An absorptive capacity perspective
1938,doi:10.1016/j.chieco.2022.101853,no_abstract,2022,Broadband infrastructure and digital financial inclusion in rural China
1939,doi:10.1016/j.telpol.2025.103073,no_abstract,2025,Mobile phones and economic gender inequality: A panel study of 104 countries from 2014 to 2022
1940,doi:10.1016/j.geoforum.2015.03.020,no_abstract,2015,Mobile phones and safety in developing countries: Evidence from Sub-Saharan Africa
1941,doi:10.1016/j.tele.2013.03.001,no_abstract,2014,Relative and absolute components of leapfrogging in mobile phones by developing countries
1942,doi:10.1016/j.techfore.2010.11.008,no_abstract,2011,Sharing mobile phones in developing countries: Implications for the digital divide
1943,doi:10.1016/j.socscimed.2023.116217,no_abstract,2023,"Hold the phone! A cross-national analysis of Women's education, mobile phones, and HIV infections in low- and middle-income countries, 1990–2018"
1944,doi:10.1007/s10796-018-9875-2,no_abstract,2018,"The Digital Divide and Older Adult Population Adoption, Use and Diffusion of Mobile Phones: a Quantitative Study"
1945,doi:10.1016/j.diin.2004.11.007,no_abstract,2004,Forensic examination of mobile phones
1946,doi:10.1016/j.fsidi.2023.301628,no_abstract,2023,"Digital forensics in the age of AI, cryptocurrencies, and mobile phones"
1947,doi:10.17280/jdd.2009.9.4.029,no_abstract,2009,Usability of Full Touchscreen Mobile Phones
1948,doi:10.2139/ssrn.2263800,no_abstract,2013,Mobile Leapfrogging and Digital Divide Policy: Assessing the Limitations of Mobile Internet Access
1949,doi:10.17280/jdd.2007.7.4.027,no_abstract,2007,Comparison of Dynamic Interface with Static Interface focusing on Mobile Phones
1950,doi:10.1002/bem.20350,no_abstract,2007,Measuring ELF fields produced by mobile phones and personal digital assistants (PDAs)
1951,doi:10.2139/ssrn.3609644,no_abstract,2020,"Information, Technology Adoption and Productivity: The Role of Mobile Phones in Agriculture"
1952,doi:10.1016/j.trc.2010.12.002,no_abstract,2011,Automatic system for detecting driver use of mobile phones
1953,doi:10.1016/j.jclepro.2019.118957,no_abstract,2020,To what extent do people value sustainable-resourced materials? A choice experiment with cars and mobile phones across six countries
1954,doi:10.1016/j.pmcj.2008.08.003,no_abstract,2009,Human–battery interaction on mobile phones
1955,doi:10.1016/j.respol.2018.12.010,no_abstract,2019,Mobile phones for financial inclusion: What explains the diffusion of mobile money innovations?
1956,doi:10.9756/sijifbm/v4i6/04050130401,no_abstract,2016,Evolution Pattern of Mobile Phones –A Historical Study
1957,doi:10.18327/jias.2020.1.24.1.253,no_abstract,2020,"The Effects of Mobile Money on Financial Inclusion in Nairobi, Kenya"
1958,doi:10.1111/j.1467-6346.2007.00763.x,no_abstract,2007,Mobile Phones Pan‐African Market
1959,doi:10.3233/gov-2012-0296,no_abstract,2012,Ensuring Financial Inclusion via Mobile Money
1960,doi:10.2139/ssrn.3481194,no_abstract,2019,Mobile Phone for Financial Inclusion: Mobile Money Adoption in the West African Economic and Monetary Union
1961,doi:10.1057/fsm.2013.2,no_abstract,2013,Banking the unbanked in rural southwest Nigeria: Showcasing mobile phones as mobile banks among farming households
1962,doi:10.2139/ssrn.1875855,no_abstract,2013,"Blog Posts on Financial Inclusion, Mobile Money and Branchless Banking: 2013"
1963,doi:10.1002/cca.2973,no_abstract,2020,What are the effects of information and communication technology interventions in low-income countries?
1964,doi:10.1016/j.tele.2019.101300,no_abstract,2019,Effects of information and communication technology and real income on CO2 emissions: The experience of countries along Belt and Road
1965,doi:10.3727/109830512x13283928066887,no_abstract,2011,Strategic Implications for Overcoming Communication Gaps in Tourism Caused by Digital Divide
1966,doi:10.1016/j.techsoc.2020.101516,no_abstract,2021,"Information and communication technology (ICT), digital divide and urbanization: Evidence from Chinese cities"
1967,doi:10.1016/s0167-6245(02)00093-8,no_abstract,2003,The digital divide: understanding the economics of new information and communication technology in the global economy
1968,doi:10.1177/0165551014233536,no_abstract,2001,Brief Communication. Sociotechnology: the digital divide
1969,doi:10.1023/a:1019983909305,no_abstract,2002,‘Power and the digital divide’
1970,doi:10.1108/oir.2012.26436aaa.001,no_abstract,2012,Technology beyond comprehension: perpetuating the digital divide
1971,doi:10.1007/s11356-020-11630-1,no_abstract,2020,The effect of information and communication technologies and total factor productivity on CO2 emissions in top 10 emerging market economies
1972,doi:10.1016/j.resourpol.2023.103901,no_abstract,2023,Adoption of financial inclusion in a world of depleting natural resources: The importance of information and communication technology in emerging economies
1973,doi:10.1016/s0198-9715(03)00016-4,no_abstract,2003,Information and communication technology and local governance: understanding the difference between cities in developed and emerging economies
1974,doi:10.2139/ssrn.2227197,no_abstract,2013,Information and Communication Technologies for Competitive Advantage in Emerging Economies: Analysis of Research
1975,doi:10.1007/s10639-022-11233-y,no_abstract,2022,"School and Teacher Information, Communication and Technology (ICT) readiness across 57 countries: The alignment optimization method"
1976,doi:10.1016/j.infoecopol.2024.101116,no_abstract,2024,Information and communication technology and female employment in India
1977,doi:10.47173/2134-008-001-019,no_abstract,2025,The Impact Of Digital Transformation Services Based On Information And Communication Technology On Financial Inclusion In Algeria During The Period 2010-2023
1978,doi:10.1016/j.techsoc.2024.102485,no_abstract,2024,Fintech dividend: How would digital financial services impact income inequality across countries?
1979,doi:10.1080/1097198x.2001.10856304,no_abstract,2001,Digital Divide in Developing Countries
1980,doi:10.2139/ssrn.3679406,no_abstract,2020,Governing a Globalized Digital Economy: How to Make Technology Policy and Regulation Work for Developing Countries
1981,doi:10.1007/s00181-019-01645-0,no_abstract,2019,"Technology diffusion, absorptive capacity, and income convergence for Asian developing countries: a dynamic spatial panel approach"
1982,doi:10.29140/tltl.v6n4.102345,no_abstract,2024,"From digital divide to digital inclusion: Challenges, perspectives and trends in the development of digital competences"
1983,doi:10.2139/ssrn.4143226,no_abstract,2022,"Digital Divide or Digital Provide? Technology, Time Use and Learning Loss During Covid-19"
1984,doi:10.1038/sj.jp.7211494,no_abstract,2006,Digital divide and digital dividend in the age of information technology
1985,doi:10.1108/00242530310493833,no_abstract,2003,Technology and Social Inclusion: Rethinking the Digital Divide
1986,doi:10.1016/j.physio.2024.04.105,no_abstract,2024,Digital Health Technology - Narrowing or Widening the Digital Divide? Learning From Validation of a Musculoskeletal Digital Assessment Tool (DART)
1987,doi:10.18848/1832-3669/cgp/v04i03/55876,no_abstract,2008,Digital Development: Bridging the Digital Divide
1988,doi:10.1108/00220410610653352,no_abstract,2006,Technology and Social Inclusion. Rethinking the Digital Divide
1989,doi:10.1016/j.techsoc.2022.102141,no_abstract,2022,Crossing the digital divide: The impact of the digital economy on elderly individuals’ consumption upgrade in China
1990,doi:10.21608/jsst.2026.483566.2261,no_abstract,2026,The impact of digital transformation on productivity and competitiveness in emerging economies: a systematic review and trend analysis
1991,doi:10.1016/j.techsoc.2025.102834,no_abstract,2025,Digital transformation and socio-economic development in emerging economies: A multinational analysis
1992,doi:10.1016/j.techsoc.2020.101509,no_abstract,2021,Rethinking digital financial inclusion: Evidence from Bangladesh
1993,doi:10.2139/ssrn.4245904,no_abstract,2022,"Block Chain Technology for Digital Financial Inclusion in the Industry 4.0, Towards Sustainable Development?"
1994,doi:10.1038/d41586-025-00658-3,no_abstract,2025,Artificial intelligence could boost eye care in low-income countries
1995,doi:10.33897/fujrs.v6i2.613,no_abstract,2026,"Generative Artificial Intelligence in rehabilitation sciences: Opportunity, hype, and the readiness gap in developing and low middle-income countries"
1996,doi:10.52439/ltej8815,no_abstract,2022,MyFoodRepo: Artificial intelligence for precision nutrition tracking
1997,doi:10.21608/jaiep.2026.446759.1045,no_abstract,2026,A proposed deep learning model for ransomware detection in developing countries: Egypt as a case study
1998,doi:10.55248/gengpi.6.0925.3455,no_abstract,2025,https://ijrpr.com/uploads/V6ISSUE9/IJRPR52872.pdf Bridging the Digital Divide: Community Reception of Artificial Intelligence in Areas with Low Access to Technology and Resources in Georgia.
1999,doi:10.1097/01.asm.0001191888.10781.d9,no_abstract,2026,"Artificial Intelligence: Catapult for Global Perioperative Care, or Growing Digital Divide?"
2000,doi:10.33704/1748-011-003-035,no_abstract,2025,"Artificial Intelligence As A Catalyst For Sustainability And Energy Transition:, Opportunities, Challenges And Future Prospects For Emerging Economies: Case Of Algeria"
2001,doi:10.1037/amp0001454.supp,no_abstract,2024,Supplemental Material for Fears About Artificial Intelligence Across 20 Countries and Six Domains of Application
2002,doi:10.1016/j.frl.2025.109364,no_abstract,2026,"Artificial intelligence, absorptive capacity, and corporate downside risk: Evidence from China"
2003,doi:10.1016/j.jenvman.2025.125219,no_abstract,2025,Sustainable development with Artificial Intelligence: Examining the absorptive capacity pathways to green innovation
2004,doi:10.55041/ijsrem67549,no_abstract,2026,ARTIFICIAL INTELLIGENCE AND PERSONALIZED FINANCIAL MARKETING: IMPLICATIONS FOR FINANCIAL INCLUSION AND CUSTOMER ENGAGEMENT
2005,doi:10.1148/ryai.240093,no_abstract,2024,Artificial Intelligence in Radiology: Bridging Global Health Care Gaps through Innovation and Inclusion
2006,doi:10.1016/j.telpol.2025.102997,no_abstract,2025,On the verge of a digital divide in the use of generative AI?
2007,doi:10.1016/j.technovation.2025.103357,no_abstract,2026,Digital divide in industry 5.0: Role of generative AI knowledge bases and intellectual capital in organizational resilience performance under territorial proximity
2008,doi:10.1007/s00146-025-02493-6,no_abstract,2025,Generative AI agents as “AI artists”: keeping human creativity and bridging the “cerebral divide”
2009,doi:10.1177/27652157261470291,no_abstract,2026,Corrigendum to: “Impact of Socio-Economic Characteristics on the Use and Effectiveness of Generative AI in the Tourism Sector: The Digital Divide Perspective”
2010,doi:10.1056/aip2600239,no_abstract,2026,Agentic AI Teammates in Medical Research — From Tools to Collaborators — and the Accelerating Digital Divide
2011,doi:10.1007/s00146-026-03149-9,no_abstract,2026,Risky business: how digital artists perceive generative AI
2012,doi:10.64448/myresearchgo.vol.2.issue.6.07,no_abstract,2026,Impact of Generative AI on Software Development Productivity
2013,doi:10.56726/irjmets90137,no_abstract,2026,IMPACT OF GENERATIVE AI ON ORGANIZATIONAL PRODUCTIVITY
2014,doi:10.1007/s43681-026-01277-y,no_abstract,2026,AI-enabled tax evasion: how offender strategies outpace financial control in emerging economies
2015,doi:10.1016/j.strueco.2024.12.016,no_abstract,2025,"Is this time different? Impact of AI in output, employment and inequality across low, middle and high-income countries"
2016,doi:10.1007/s41469-025-00196-2,no_abstract,2025,"When an AI “Agentforce” enters the workforce: generative AI, employment relations, and the changing social contract"
2017,doi:10.1016/j.econmod.2023.106379,no_abstract,2023,Corruption drives brain drain: Cross-country evidence from machine learning
2018,doi:10.2139/ssrn.4286994,no_abstract,2022,The Impact of Macroeconomic Environment on Economic Preference: Evidence from Machine Learning and Cross-country Comparison
2019,doi:10.1504/ijse.2022.10044048,no_abstract,2022,A cross country analysis of the role of service sector in the relationship between CO2 emissions and economic growth using machine learning techniques
2020,doi:10.1108/et.2001.00443bad.003,no_abstract,2001,Learning to Bridge the Digital Divide
2021,doi:10.1007/s44379-026-00057-z,no_abstract,2026,Bridging the physical-digital divide: a deep learning paradigm shift in surface reconstruction for intelligent reverse engineering
2022,doi:10.37896/jxu15.4/012,no_abstract,2021,Stark Digital Divide : Covid-19 and Learning Achievement
2023,doi:10.2139/ssrn.3705205,no_abstract,2020,"Covid-19 e didattica a distanza.Il caso Basilicata, una regione a rischio digital divide (Covid-19 and Distance Learning. The Basilicata Case and the Risk of Digital Divide)"
2024,doi:10.36106/gjra/8904726,no_abstract,2026,DIGITAL LEARNING IN RURAL AND REMOTE AREAS: A THEORETICAL PERSPECTIVE ON THE DIGITAL DIVIDE
2025,doi:10.1016/s0360-1315(02)00040-4,no_abstract,2002,Learning to Bridge the Digital Divide
2026,doi:10.1016/j.giq.2019.101407,no_abstract,2020,Predicting and explaining corruption across countries: A machine learning approach
2027,doi:10.1007/s10902-025-01004-0,no_abstract,2026,Identifying Key Predictors of Subjective Well-Being across 92 Countries: A Machine Learning Approach
2028,doi:10.1007/s10690-026-09623-0,no_abstract,2026,"Predicting Bank Account Ownership and Financial Inclusion Employing Machine Learning and Mediation Analysis: Evidence from Kokrajhar District of BTR, Assam"
2029,doi:10.1016/j.worlddev.2026.107537,no_abstract,2026,Enhancing financial inclusion measurements: A comparative analysis using unsupervised machine learning methods across Mexican municipalities
2030,doi:10.1007/s10644-026-09974-8,no_abstract,2026,Demystifying financial inclusion in an emerging economy: a machine learning approach to index construction and forecasting
2031,doi:10.2139/ssrn.4177415,no_abstract,2022,Cryptocurrency and Digital Assets: A Positive Tool for Economic Growth in Developing Countries
2032,doi:10.15719/geba.10.4.200911.319,no_abstract,2009,Aging Society and Digital Divide: Analysis of Determinant Factor for Digital Divide
2033,doi:10.35147/knpsi.2014.28.2.59,no_abstract,2014,Digital Divide in Police and Improvement Suggestions : Focusing on the Skills Divide
2034,doi:10.1016/j.diin.2019.08.002,no_abstract,2019,How to detect cryptocurrency miners? By traffic forensics!
2035,doi:10.2139/ssrn.4085781,no_abstract,2022,Search-Theoretic Approach to Cryptocurrency Adoption and Financial Inclusion
2036,doi:10.66095/ijair.2026.v2.i2.a.4,no_abstract,2026,"Understanding Cryptocurrency Adoption in India: An Empirical Study on Financial Inclusion, Investment Behavior, and Regulatory Challenges"
2037,doi:10.1016/j.irfa.2018.08.012,no_abstract,2018,Volatility connectedness in the cryptocurrency market: Is Bitcoin a dominant cryptocurrency?
2038,doi:10.1016/j.irfa.2021.101972,no_abstract,2022,Investor attention in cryptocurrency markets
2039,doi:10.2139/ssrn.3317781,no_abstract,2019,"Bitcoin, Renewable Energy, and Developing Countries: The Case of Paraguay"
2040,doi:10.2139/ssrn.3030499,no_abstract,2017,Adopting the Bitcoin as a Digital Currency Through Digital Transformation
2041,doi:10.1016/j.fsidi.2019.200895,no_abstract,2019,Identifying suspicious addresses in Bitcoin thefts
2042,doi:10.2139/ssrn.3058077,no_abstract,2017,: (Bitcoin: The Legal Essence of Digital Miracle)
2043,doi:10.2139/ssrn.2631314,no_abstract,2015,Bitcoin and the Future of Digital Payments
2044,doi:10.1016/j.irfa.2024.103810,no_abstract,2025,Market impact of the bitcoin ETF introduction on bitcoin futures
2045,doi:10.1016/j.irfa.2020.101629,no_abstract,2021,The efficiency of Bitcoin: A strongly typed genetic programming approach to smart electronic Bitcoin markets
2046,doi:10.1016/j.econmod.2020.02.008,no_abstract,2021,"ICT diffusion, financial development, and economic growth: An international cross-country analysis"
2047,doi:10.1016/j.worlddev.2016.01.024,no_abstract,2016,Does Migration Support Technology Diffusion in Developing Countries?
2048,doi:10.2139/ssrn.1350187,no_abstract,2009,Level of Educational Attainment and Its Impact on Technology Diffusion in Developing Countries
2049,doi:10.1016/j.techsoc.2023.102348,no_abstract,2023,Antecedents of smart farming adoption to mitigate the digital divide – extended innovation diffusion model
2050,doi:10.1016/j.techsoc.2024.102476,no_abstract,2024,"Corrigendum to ‘Antecedents of smart farming adoption to mitigate the digital divide – Extended innovation diffusion model’ [Technol. Soc. 75, November 2023, 102348]"
2051,doi:10.1016/j.worlddev.2009.11.019,no_abstract,2010,"When is Cheap, Cheap Enough to Bridge the Digital Divide? Modeling Income Related Structural Challenges of Technology Diffusion in Latin America"
2052,doi:10.1016/s0167-6245(01)00065-8,no_abstract,2002,ICT production and diffusion in Asia Digital dividends or digital divide?
2053,doi:10.1016/s0308-5961(04)00041-2,no_abstract,2004,Wireless diffusion and mobile computing: implications for the digital divide
2054,doi:10.1016/s0160-791x(02)00063-5,no_abstract,2003,Shrinking the digital divide: the moderating role of technology environments
2055,doi:10.1016/j.ijforecast.2010.05.018,no_abstract,2011,Forecasting accuracy of wind power technology diffusion models across countries
2056,doi:10.1016/j.eneco.2019.104565,no_abstract,2020,How to accelerate green technology diffusion? Directed technological change in the presence of coevolving absorptive capacity
2057,doi:10.2139/ssrn.3312654,no_abstract,2019,How to Accelerate Green Technology Diffusion? An Agent-based Approach to Directed Technological Change with Coevolving Absorptive Capacity
2058,doi:10.1016/j.techsoc.2021.101542,no_abstract,2021,On the diffusion of mobile phone innovations for financial inclusion
2059,doi:10.2139/ssrn.3637571,no_abstract,2020,On the Diffusion of Mobile Phone Innovations for Financial Inclusion
2060,doi:10.1023/a:1020875717066,no_abstract,2002,General Purpose Technology and Wage Inequality
2061,doi:10.2139/ssrn.2419881,no_abstract,2014,Can General Purpose Technology Theory Explain Economic Growth? Electrical Power as a Case Study
2062,doi:10.2139/ssrn.2932585,no_abstract,2017,Is Blockchain a General Purpose Technology?
2063,doi:10.1007/s00191-009-0165-5,no_abstract,2009,The division of labor in innovation between general purpose technology and special purpose technology
2064,doi:10.1016/s0165-1765(01)00551-1,no_abstract,2002,A general purpose technology explains the Solow paradox and wage inequality
2065,doi:10.15843/kpapr.28.2.201406.337,no_abstract,2014,General Purpose Technologies and Economic Growth
2066,doi:10.1007/s10961-007-9030-6,no_abstract,2007,Assessing the nature of nanotechnology: can we uncover an emerging general purpose technology?
2067,doi:10.1016/j.infoecopol.2016.05.001,no_abstract,2016,ICT as a general-purpose technology: The productivity of ICT in the United States revisited
